ad_text,label
stay active with a fitness magazine! experience fitness tips and motivating stories. perfect for fitness enthusiasts and reaching your health and wellness goals. limited stock - achieve fitness with a touch of motivation!,advertisement
transform your hair with hair conditioner! experience silky and manageable locks. perfect for detangling and hair that shines. limited stock - condition your way to stunning hair!,advertisement
"charge and conquer, wherever you roam! enjoy fast power and mobility. perfect for travelers and staying connected. limited stock - power up in style with a touch of portable energy!",advertisement
revive your clothes with the garment steamer! experience wrinkle removal and garment care with ease. perfect for delicate fabrics and quick fixes. limited stock - refresh your clothes effortlessly!,advertisement
"introducing our wide-leg trousers effortlessly chic and endlessly versatile. discover a flattering, comfortable fit that creates an elegant, elongated silhouette. elevate your style today!",advertisement
"play and popcorn, little piggy! enjoy ample space and safe adventures. perfect for guinea pig lovers and giving your furry friend room to roam. limited stock - play in style with a touch of guinea pig delight!",advertisement
"drive safely, stay connected! enjoy stability and convenience. perfect for drivers and keeping your phone accessible on the road. limited stock - drive in style with a touch of phone safety!",advertisement
"stay cozy and stylish with our soft, graphic sweatshirts! perfect for laid-back days or making a bold statement. shop now for your new wearable art top! don t miss out! sweatshirtlove",advertisement
"bake and cook with ease using the stand mixer! experience effortless mixing and creative culinary endeavors. perfect for bakers and aspiring chefs. limited stock - mix, whip, and create with style!",advertisement
make a statement with a cuff bracelet! experience bold style and individuality. perfect for showcasing your personality and accessorizing with flair. limited stock - stand out with a touch of uniqueness!,advertisement
revolutionize your style with our choker necklace! elevate your wardrobe now! this close-fitting accessory adds striking details to any outfit accentuates your neckline. fashionstatement,advertisement
"embrace beach vibes, relax by the sea! flip-flops for beachgoers. perfect for seaside days and enjoying the breeze with a touch of flip-flop simplicity!",advertisement
shop now and make a statement! unleash your inner wild side with our leopard-print blouse! this chic animal print adds sophistication to any outfit. a must-have addition to your wardrobe.,advertisement
maximize your space with floating shelves! experience minimalist and stylish wall storage. perfect for showcasing your decor and decluttering your space. limited stock - elevate your walls with a touch of functionality!,advertisement
be prepared with the car battery charger! experience emergency power and quick jump-starts. perfect for roadside emergencies and peace of mind. limited stock - stay charged and ready for any situation!,advertisement
leave a lasting impression with perfume! experience an alluring and long-lasting fragrance. perfect for special occasions and unforgettable scents. limited stock - captivate with your signature scent!,advertisement
shield your eyes in style with sunglasses! experience eye protection and fashion-forward looks. perfect for sunny days and staying cool. limited stock - shade your eyes with a touch of chic!,advertisement
"chill in style, furry friend! enjoy cooling technology and comfort. perfect for pet owners and beating the heat with your companion. limited stock - cool down in luxury with a touch of pet-cooling magic!",advertisement
"stay warm this season with our chunky knit sweater! thick, textured perfect for cozy layering. unbeatable comfort style wrapped into one. shop now snuggle up!",advertisement
elevate your style with women s fedora hats! experience the timeless elegance and charm of the classic fedora. perfect for making a stylish statement. limited stock - add a touch of class to your look!,advertisement
"discover elegance with a twist! our tassel earrings, the perfect blend of fashionable threads beads, elevate your style! limited stock! don t miss them! shop now!",advertisement
"wrap, drape, or tie to elevate any outfit - the ultimate accessory for chic comfort. discover limitless style with our versatile oversized scarf! shop now transform your wardrobe!",advertisement
"find comfort and style, rock casual coolness! clogs for those who appreciate easygoing fashion. perfect for those who love style and comfort with a touch of clog versatility!",advertisement
"tape it, seal it, and get it done! enjoy precise tape application and packaging efficiency. perfect for shipping tasks and streamlining your process with a touch of tape dispenser ease!",advertisement
"sway and unwind, nature s your sanctuary! enjoy peace and comfort. perfect for nature lovers and finding serenity in the outdoors. limited stock - relax in style with a touch of outdoor serenity!",advertisement
define your brows with eyebrow pencil! experience perfectly arched and defined brows. perfect for framing your eyes and bold brows. limited stock - pencil your way to flawless eyebrows!,advertisement
modernize your style with a silver necklace! experience sleek beauty and contemporary elegance. perfect for everyday wear and making a statement. limited stock - shine with a touch of modernity!,advertisement
"sew with nostalgia, create with vintage charm! vintage sewing machines for craft enthusiasts. perfect for those who love sewing and crafting with a touch of vintage sewing machine flair!",advertisement
"dive into science, explore young genius! science fair tickets for science enthusiasts. perfect for young minds eager to showcase scientific innovations with a touch of science fair discovery!",advertisement
"guard your gadget, flaunt your style! enjoy protection and aesthetics. perfect for tech enthusiasts and showcasing your personality. limited stock - style your device with a touch of phone flair!",advertisement
preserve your car s flooring with car floor mats! experience protection and easy cleaning. perfect for all-weather use and maintaining a clean interior. limited stock - protect your car s floors with care!,advertisement
soar to new heights with an rc drone! experience aerial adventures and breathtaking views. perfect for drone enthusiasts and capturing the world from above. limited stock - take flight with a touch of exploration!,advertisement
"thick, textured perfect for cozy layering. shop now snuggle up! unbeatable comfort style wrapped into one. stay warm this season with our chunky knit sweater!",advertisement
light up your brilliance! enjoy adjustable illumination and eye-friendly work. perfect for late-night tasks and brightening your workspace with a touch of desk lamp radiance!,advertisement
charge your devices sustainably with the solar-powered charger! experience eco-friendly power on the go. perfect for outdoor enthusiasts and eco warriors. limited stock - harness the power of the sun!,advertisement
fuel your day with wholesome granola bars! experience the goodness and energy of wholesome snacks. perfect for active individuals and staying fueled on the go. limited stock - snack smart with a touch of vitality!,advertisement
"chop, prep, and conquer your kitchen tasks! simplify your meal preparation. perfect for busy cooks and making cooking a breeze with a touch of electric food chopper efficiency!",advertisement
boost your spirits with a motivational book! experience success and positive change. perfect for those seeking motivation and reaching new heights. limited stock - soar to success with a touch of inspiration!,advertisement
"take flight, embrace adventure! a reliable companion for pilots. perfect for aviation enthusiasts and soaring to new heights with a touch of aviation pilot watch precision!",advertisement
"discover elegance with our peplum blouse! fitted design meets a flared waist ruffle, perfect for adding dimension interest to your outfit. shop now to upgrade your wardrobe with timeless style.",advertisement
"rise above, work in comfort! enjoy adjustable height and productivity. perfect for remote workers and transforming your workspace. limited stock - work in style with a touch of laptop elevation!",advertisement
"revamp your style, express your uniqueness! vintage clothing for fashion-forward individuals. perfect for trendsetters and embracing retro chicness with a touch of vintage clothing flair!",advertisement
introducing our daring fishnet stockings transform your look with the edgy diamond-knit hosiery that adds a bold touch to any outfit perfect for date nights and girls night out shop now turn heads!,advertisement
"spray, paint, and transform! enjoy efficient painting and even coverage. perfect for homeowners and giving your space a fresh look with a touch of paint sprayer efficiency!",advertisement
gather for fun with a board game set! experience family game nights and unforgettable moments. perfect for bonding with loved ones and creating lasting memories. limited stock - roll the dice with a touch of togetherness!,advertisement
"cool, work, and conquer! enjoy personal comfort and productivity. perfect for home offices and staying cool during work with a touch of desk fan comfort!",advertisement
"jazz and soul, music s sweetest notes! enjoy smooth melodies and musical expression. perfect for saxophonists and adding soulful tunes to your music with a touch of saxophone charm!",advertisement
"support, comfort, and cherish moments! enjoy relief during pregnancy. perfect for expecting moms and providing essential support with a touch of maternity support belt care!",advertisement
"unleash imagination, create epic adventures! collectible action figures for collectors. perfect for action figure enthusiasts and embarking on heroic journeys with a touch of collectible action figure excitement!",advertisement
discover romance in your wardrobe with our off-the-shoulder blouse. mesmerizing style awaits,advertisement
"uncover history, journey through stamps! rare stamps for philatelists. perfect for stamp collectors and exploring the world s stories through postage with a touch of rare stamp fascination!",advertisement
keep essentials within reach with a bedside table! experience convenience and style by your bedside. perfect for nighttime comfort and organization. limited stock - rest easy with a touch of practicality!,advertisement
organize your bedroom with a dresser! experience storage and style. perfect for tidying up and maintaining a stylish bedroom. limited stock - keep your bedroom chic and organized!,advertisement
"eat, bond, and create memories! enjoy stress-free mealtimes with your baby. perfect for parents and keeping your baby secure during meals with a touch of baby high chair convenience!",advertisement
"reach for the stars, celebrate cosmic wonders! space memorabilia for space enthusiasts. perfect for space exploration aficionados and connecting with the mysteries of the universe with a touch of space memorabilia fascination!",advertisement
dive into the gaming world with gaming console! experience immersive gameplay and exciting adventures. perfect for gamers of all levels. limited stock - level up your gaming experience!,advertisement
take your bikes anywhere with the bike rack! experience easy bike transportation. perfect for cyclists and outdoor adventures. limited stock - carry your bikes with convenience!,advertisement
take the party with you with the portable bluetooth speaker! experience high-quality sound and wireless freedom. perfect for outdoor adventures and groovy tunes. limited stock - bring the music wherever you go!,advertisement
achieve salon-worthy hair with the hair dryer! experience fast and stylish hair drying. perfect for daily hair care and stunning hairstyles. limited stock - dry your hair in style!,advertisement
"dry, cuddle, and cherish moments! enjoy soft and gentle drying for your little one. perfect for parents and keeping your baby cozy after bath time with a touch of baby bath towel tenderness!",advertisement
dive in with swimming goggles! experience clear vision and pool adventures. perfect for swimming enthusiasts and underwater exploration. limited stock - make a splash with a touch of clarity!,advertisement
"experience movie magic, walk the red carpet! film premiere tickets for film enthusiasts. perfect for movie buffs and stepping into the world of cinema with a touch of film premiere glamour!",advertisement
cook up health with a healthy cookbook! experience delicious and nutritious recipes. perfect for foodies and embracing a healthy lifestyle. limited stock - savor health with a touch of flavor!,advertisement
nurture green thumbs with a gardening magazine! experience blooming gardens and gardening wisdom. perfect for garden enthusiasts and creating your own outdoor oasis. limited stock - grow your paradise with a touch of nature!,advertisement
"color your world, precision in every stroke! enjoy a rainbow of shades and detailed artwork. perfect for artists and adding life to your drawings with a touch of colored brilliance!",advertisement
conquer the slopes with a ski set! experience winter sports and snowy adventures. perfect for skiers and enjoying the winter wonderland. limited stock - ski with a touch of exhilaration!,advertisement
"create, share, and innovate! enjoy interactive sessions and visual thinking. perfect for teams and unleashing your creativity with a touch of whiteboard brilliance!",advertisement
set up beach volleyball with a volleyball net! experience sandy fun and beach games. perfect for beachgoers and friendly matches. limited stock - serve and spike with a touch of beach vibes!,advertisement
"cut it, tile it, and stand out! enjoy accurate tile cutting and craftsmanship. perfect for diy projects and achieving clean tile cuts with a touch of tile cutter precision!",advertisement
enjoy all-day comfort with comfortable jeans! experience the perfect blend of style and ease. perfect for relaxed days and outings. limited stock - get ready for comfort and style!,advertisement
control your home climate with the smart thermostat! experience energy savings and comfort. perfect for eco-conscious homeowners. limited stock - manage your home temperature intelligently!,advertisement
drum to your beat with a toy drum set! experience rhythmic fun and musical creativity. perfect for young musicians and creating your own melodies. limited stock - make music with a touch of rhythm!,advertisement
"upgrade your denim game! introducing zipper-detail jeans - where style meets edge. make a bold statement with added zipper accents closures. get yours today, stand out in the crowd.",advertisement
"beat to the roots, rhythm in your hands! enjoy earthy beats and musical versatility. perfect for percussionists and bringing the groove to your music with a touch of cajon rhythm!",advertisement
create a comfortable indoor environment with the humidifier! experience balanced humidity and better air quality. perfect for dry seasons and respiratory health. limited stock - breathe easy with added moisture!,advertisement
get creative with a diy crafts guide! experience creative projects and handmade delights. perfect for crafters and adding your personal touch to every creation. limited stock - craft with a touch of creativity!,advertisement
accessorize your hair with a velvet hairband! experience trendy and effortless style. perfect for any hairstyle and enhancing your look. limited stock - tie it up with a touch of chic!,advertisement
track your health with a fitness tracker! experience goal-reaching and monitoring your progress. perfect for health-conscious individuals and staying on top of your fitness journey. limited stock - reach your goals with a touch of motivation!,advertisement
drive in comfort with the car seat cushion! experience added comfort and support on the road. perfect for long commutes and reducing fatigue. limited stock - enhance your driving comfort!,advertisement
"nest and nurture, feathered friends! enjoy privacy and safety. perfect for bird enthusiasts and welcoming new additions to your avian family. limited stock - nestle in style with a touch of birdie elegance!",advertisement
gear up for success with women s sportswear! experience style and performance for your active lifestyle. perfect for achieving your fitness goals in style. limited stock - elevate your workouts!,advertisement
immerse yourself in storytelling with a fantasy graphic novel! experience stunning art and epic adventures. perfect for graphic novel fans and escaping into vivid worlds. limited stock - dive into fantasy with a touch of artistry!,advertisement
keep your smile bright with electric toothbrush! experience thorough oral care and a sparkling smile. perfect for dental hygiene and a confident grin. limited stock - brush up on your smile s brilliance!,advertisement
"shield your display, see it shine! enjoy protection and clarity. perfect for gadget lovers and preserving your screen. limited stock - protect in style with a touch of screen shine!",advertisement
"strum the strings of heaven, music divine! enjoy angelic melodies and musical enchantment. perfect for harpists and creating heavenly tunes with a touch of harp serenity!",advertisement
"showcase classic style, step into everyday sophistication! oxford flats for fashion enthusiasts. perfect for those who appreciate timeless fashion with a touch of oxford flat refinement!",advertisement
"relive the classics, rediscover music history! vintage vinyl records for music enthusiasts. perfect for audiophiles and taking a nostalgic journey through music with a touch of vintage vinyl record magic!",advertisement
"play with ease, keyboard at the perfect height! enjoy stability and ergonomic playing. perfect for musicians and enhancing your music setup with a touch of keyboard stand convenience!",advertisement
color your world with a coloring book set! experience creative coloring and endless fun. perfect for artists of all ages and bringing your imagination to life. limited stock - color your dreams with a touch of creativity!,advertisement
indulge in the romance of venice! immerse yourself in timeless love stories and artistic treasures. perfect for couples and embracing the venetian charm. limited availability - float into romance with a touch of italian allure!,advertisement
"explore currencies, embrace numismatic wonders! collectible coins for coin aficionados. perfect for coin enthusiasts and diving into the fascinating world of currency with a touch of collectible coin fascination!",advertisement
"flaunt your curves and make a bold statement in this ultra-sleek, figure-hugging masterpiece. introducing our bodycon dress! get ready to own the night! sleeksensation shop now turn heads.",advertisement
embark on thrilling journeys with a travel adventure book! experience wanderlust escapes and breathtaking adventures. perfect for adventurers and exploring the world s hidden treasures. limited stock - journey to new heights with a touch of exploration!,advertisement
"change, travel, and keep it clean! enjoy convenient diaper changes on the move. perfect for parents and staying organized with a touch of baby changing diaper bag convenience!",advertisement
grill and cook with versatility using the electric griddle! experience cooking options from pancakes to burgers. perfect for breakfast lovers and culinary experiments. limited stock - grill with ease and style!,advertisement
elevate your game with a basketball! experience precision and slam dunks. perfect for practicing your skills and aiming for the three-pointer. limited stock - shoot hoops with a touch of excellence!,advertisement
rally endlessly with tennis balls! experience endurance and court action. perfect for tennis matches and practicing your backhand. limited stock - volley with a touch of endurance!,advertisement
select the best tools with a cookware guide! experience kitchen expertise and culinary mastery. perfect for home chefs and upgrading your kitchen arsenal. limited stock - cook like a pro with a touch of expertise!,advertisement
"decorate with history, adorn your space! antique pottery for collectors. perfect for art enthusiasts and enhancing your space with a touch of antique pottery beauty!",advertisement
"mix, create, and conquer your recipes! blend with precision in a compact design. perfect for small kitchens and achieving culinary greatness with a touch of handheld mixer versatility!",advertisement
"garden, protect, and thrive! enjoy comfortable and safe gardening with reliable gloves. perfect for gardeners and keeping your hands in good shape with a touch of garden glove care!",advertisement
explore science with a science experiment kit! experience hands-on learning and endless discoveries. perfect for young scientists and uncovering the mysteries of the world. limited stock - experiment with a touch of curiosity!,advertisement
elevate your entertaining with a bar cart! experience stylish drink service and hospitality. perfect for hosting gatherings and impressing your guests. limited stock - serve and impress with a touch of sophistication!,advertisement
"add character to your space, embrace vintage charm! antique furniture for those who appreciate classic style. perfect for vintage enthusiasts and elevating your living space with a touch of antique furniture elegance!",advertisement
"embrace timeless style, step in elegance! classic loafers for fashion-forward individuals. perfect for those who appreciate versatile fashion with a touch of classic loafer sophistication!",advertisement
"immerse in virtual reality, experience the future! virtual reality expo tickets for vr enthusiasts. perfect for those fascinated by vr tech and stepping into immersive virtual worlds with a touch of virtual reality expo wonder!",advertisement
keep your backseat organized with the car backseat organizer! experience storage and entertainment on the go. perfect for road trips and keeping passengers happy. limited stock - keep your backseat tidy and enjoyable!,advertisement
"dream in style, furry friend! enjoy plushness and support. perfect for dog owners and providing a cozy haven for your canine companion. limited stock - nap in luxury with a touch of canine comfort!",advertisement
"make time fun, spark imagination! a watch that kids will love. perfect for parents and teaching your little ones to tell time with a touch of kids cartoon watch excitement!",advertisement
"play the bagpipes, scotland in your hands! enjoy traditional melodies and musical boldness. perfect for bagpipers and adding a touch of bagpipe tradition to your music!",advertisement
unwind in the serenity of santorini! dive into stunning vistas and greek hospitality. perfect for honeymooners and basking in the glow of the aegean. limited availability - escape to paradise with a touch of greek elegance!,advertisement
"prune, shape, and flourish! enjoy efficient tree and bush trimming. perfect for gardeners and achieving clean and tidy pruning with a touch of garden pruning saw precision!",advertisement
add a pop of color and comfort with an accent chair! experience style and relaxation. perfect for creating a focal point and cozy nooks. limited stock - brighten your space with a touch of personality!,advertisement
"stand tall, embrace fashionable heights! platform heels for trendsetters. perfect for those who love to make a statement with a touch of platform heel glamour!",advertisement
"cover your lens, secure your space! enjoy privacy and ease of use. perfect for remote workers and ensuring your peace of mind. limited stock - secure in style with a touch of webcam privacy!",advertisement
elevate your professional attire with men s business suits! experience classic style and confidence. perfect for making a powerful impression in the corporate world. limited stock - suit up for success!,advertisement
create a stylish bedroom retreat with a bed frame! experience restful nights and fashionable design. perfect for sweet dreams and a bedroom that s truly yours. limited stock - sleep in style and comfort!,advertisement
unleash your inner artist with an art supplies kit! experience creative expression and endless artistry. perfect for artists of all levels and bringing your visions to life. limited stock - paint your masterpiece with a touch of creativity!,advertisement
savor the goodness of an organic fruit basket! experience the freshness and variety of organic fruits. perfect for health-conscious individuals and nourishing your body. limited stock - indulge in nature s bounty with a touch of wellness!,advertisement
"decorate, enchant, and create magic! enjoy a charming and unique garden space. perfect for gardeners and personalizing your garden with a touch of garden decoration creativity!",advertisement
"stay cool stylish in our bermuda shorts! perfectly tailored, knee-length for a polished look. upgrade your warm-weather wardrobe now! visit our store, limited stock available.",advertisement
"make a difference, protect the planet! environmental conservation tickets for eco-conscious individuals. perfect for environmentalists and joining the movement for a sustainable future with a touch of conservation event activism!",advertisement
boost your productivity with high-performance laptop! experience speed and versatility for work and entertainment. perfect for professionals and gamers alike. limited stock - power up your tech game!,advertisement
"sip in style, stay refreshed! enjoy temperature control and convenience. perfect for outdoor enthusiasts and quenching your thirst on the go. limited stock - hydrate in style with a touch of insulated refreshment!",advertisement
keep your car cool with the car window shade! experience sun protection and cooler interiors. perfect for sunny days and a comfortable ride. limited stock - block out the sun and enjoy cool drives!,advertisement
fall in love with a romance novel! experience heartwarming love stories and passionate adventures. perfect for romantics and getting lost in tales of love. limited stock - embrace love with a touch of romance!,advertisement
enjoy the warmth of freshly baked bread! experience the aroma and taste of homemade goodness. perfect for bread lovers and creating cozy moments. limited stock - savor the comfort with a touch of tradition!,advertisement
"amplify your tunes, share the groove! enjoy booming sound and easy transport. perfect for music enthusiasts and setting the mood. limited stock - groove in style with a touch of bluetooth beats!",advertisement
get sleek hair with hair straightener! experience frizz-free styling. perfect for a polished look and salon-worthy hair. limited stock - straighten your way to stunning locks!,advertisement
swing perfectly with golf clubs! experience accuracy and green action. perfect for golfers and improving your swing. limited stock - tee off with a touch of precision!,advertisement
"write the future, one stroke at a time! enjoy smooth writing and ink perfection. perfect for note-takers and making your mark with a touch of ballpoint pen excellence!",advertisement
sip and savor with an exquisite tea set! experience luxury and elegance with fine teas. perfect for tea aficionados and elevating your tea time. limited stock - steep in opulence with a touch of refinement!,advertisement
"stay cool stylish in our bermuda shorts! visit our store, limited stock available. perfectly tailored, knee-length for a polished look. upgrade your warm-weather wardrobe now!",advertisement
keep your car clean with the car trash can! experience a clutter-free and tidy car interior. perfect for road trips and maintaining a clean vehicle. limited stock - keep your car trash-free and organized!,advertisement
"cut with finesse, craft with ease! enjoy sharp blades and detailed crafting. perfect for crafters and achieving precise cuts with a touch of scissor mastery!",advertisement
play ping pong with a ping pong paddle! experience friendly matches and table tennis fun. perfect for ping pong lovers and improving your skills. limited stock - volley with a touch of competitiveness!,advertisement
prep your lips with lip scrub! experience soft and smooth lips ready for color. perfect for lipstick lovers and kissable lips. limited stock - scrub your way to irresistible lips!,advertisement
"shop now website link ankleboots fashionstatement step into style with our versatile ankle boots! perfect with jeans, skirts, or dresses. elevate your look walk confidently.",advertisement
train at home with a dumbbell set! experience versatile strength training and building muscles. perfect for home fitness enthusiasts and sculpting your body. limited stock - train at home with a touch of convenience!,advertisement
"dive into the vibrancy of barcelona! immerse yourself in art, culture, and culinary delights. perfect for culture enthusiasts and experiencing the essence of catalonia. limited availability - explore the city with a touch of spanish charm!",advertisement
"upgrade your summer wardrobe with our stylish capri pants! ideal for casual outings, these three-quarter length pants end mid-calf, ensuring comfort and chic all season long. shop now and stay on-trend!",advertisement
satisfy your sweet cravings with gourmet dessert tarts! experience elegance and indulgence in every bite. perfect for dessert lovers and adding a touch of sophistication to your treats. limited stock - indulge in sweetness with a touch of luxury!,advertisement
"step into automotive history, admire vintage beauty! vintage car show tickets for car enthusiasts. perfect for those who love classic automobiles and experiencing the nostalgia of vintage cars with a touch of vintage car show charm!",advertisement
dive into the past with a history book! experience understanding our roots and unraveling history s mysteries. perfect for history buffs and connecting with the past. limited stock - journey through time with a touch of knowledge!,advertisement
turn back the clock with anti-aging serum! experience reduced fine lines and wrinkles. perfect for youthful skin and a confident look. limited stock - rejuvenate your skin and embrace timeless beauty!,advertisement
shop now for a trendy wardrobe upgrade! elevate your style turn heads wherever you go. experience luxury sophistication with our soft textured suede jacket.,advertisement
"oversized and durable, featuring ample pockets for all your on-the-go essentials. introducing the utility jacket military-inspired design meets ultimate functionality. get yours now and take on any day with style and efficiency!",advertisement
expand your car s capabilities with the roof rack! experience extra storage and transport versatility. perfect for road trips and outdoor adventures. limited stock - carry more on your journeys!,advertisement
"get yours today! discover timeless elegance with our classic wingtip shoes. step into luxury with a pointed, decorative toecap design, perfect for upgrading your formal attire.",advertisement
"repel and relax, nature without the itch! enjoy bite-free outings and tranquility. perfect for nature enthusiasts and enjoying the outdoors bug-free. limited stock - repel in style with a touch of outdoor peace!",advertisement
dare to be fierce! bold black white stripes guarantee turning heads. get yours today. limited stock. quality flair in one stunning piece. unleash your wild side with our stunning zebra-print coat!,advertisement
build strength with a dumbbell set! experience muscle growth and fitness gains. perfect for weightlifting and sculpting your body. limited stock - lift your way to a strong physique with a touch of power!,advertisement
marvel at the sydney opera house! immerse yourself in world-class performances and architectural beauty. perfect for art lovers and witnessing the epitome of creativity. limited availability - witness artistry with a touch of australian pride!,advertisement
groove and rock the stage! enjoy powerful bass lines and musical impact. perfect for bassists and adding depth to your music with a touch of bass guitar brilliance!,advertisement
"trek with confidence, every step a breeze! enjoy stability and comfort. perfect for hikers and conquering challenging terrain. limited stock - trek in style with a touch of outdoor prowess!",advertisement
diagnose your car with the car diagnostic tool! experience identifying vehicle issues with ease. perfect for diy mechanics and staying informed about your car s health. limited stock - diagnose and fix problems like a pro!,advertisement
"transform your wardrobe today! fashionupgrade sophisticatedlook refine your style with our elegant double-breasted blazer - boasting two parallel rows of buttons, sophistication and polish await.",advertisement
shine bright in our sequin blouse! elevate your evenings with stunning sequin adornments that capture the spotlight. perfect for glamorous occasions. limited stock - make it yours!,advertisement
brighten your eyes with eye cream! experience reduced dark circles and puffiness. perfect for a refreshed look and youthful eyes. limited stock - revitalize your eyes and brighten your world!,advertisement
blend with precision using the versatile blender! experience smoothies and culinary masterpieces with ease. perfect for health enthusiasts and culinary artists. limited stock - blend your way to perfection!,advertisement
"get ready to flaunt a chic, modern look! shop now embrace your fashion-forward side. upgrade your wardrobe with our mesh panel leggings! experience unmatched comfort style while staying cool.",advertisement
immerse in timeless tales with classic literature! experience literary masterpieces and enduring stories. perfect for literature enthusiasts and exploring the classics. limited stock - rediscover the classics with a touch of nostalgia!,advertisement
collect memories with a charm necklace! experience personal style and sentimental beauty. perfect for adding unique charms and expressing yourself. limited stock - cherish moments with a touch of individuality!,advertisement
bake your own bread with the bread maker! experience the aroma and taste of freshly baked bread. perfect for bread enthusiasts and homemade goodness. limited stock - savor the warmth of homemade bread!,advertisement
protect your car with the car steering wheel lock! experience theft prevention and added security. perfect for safeguarding your vehicle and peace of mind. limited stock - keep your car safe and secure!,advertisement
"commemorate leaders, celebrate political history! presidential memorabilia for history buffs. perfect for political enthusiasts and preserving the legacy of leaders with a touch of presidential memorabilia pride!",advertisement
"introducing the boyfriend blazer effortlessly chic, oversized, and perfect for any occasion. comfort meets style. shop now! add a sophisticated touch to your wardrobe for a casual, trendy look.",advertisement
"monitor your doorstep with smart doorbell camera! experience peace of mind and easy access control. perfect for enhancing your home security. limited stock - keep an eye on your home, wherever you are!",advertisement
"store, write, and impress! enjoy organized pen storage and style. perfect for professionals and elevating your workspace with a touch of pen holder elegance!",advertisement
"play the didgeridoo, connect with the earth! enjoy ancient tones and musical resonance. perfect for didgeridoo players and experiencing the earth s music with a touch of didgeridoo authenticity!",advertisement
enjoy perfect rice with the rice cooker! experience foolproof rice cooking and delicious meals. perfect for rice lovers and meal perfectionists. limited stock - cook rice to perfection with ease!,advertisement
"glide on water, explore with ease! enjoy adventure and convenience. perfect for water enthusiasts and discovering hidden gems on the water. limited stock - paddle in style with a touch of aquatic discovery!",advertisement
delight in the flavors of a gourmet cheese platter! experience the complexity and elegance of fine cheeses. perfect for cheese enthusiasts and elevating your gatherings. limited stock - savor the sophistication with a touch of indulgence!,advertisement
"embrace the past, celebrate craftsmanship! a timeless piece of history. perfect for collectors and experiencing the art of horology with a touch of vintage mechanical watch nostalgia!",advertisement
"start, nurture, and grow! enjoy hassle-free seed planting and growth. perfect for beginners and kickstarting your garden with a touch of seed starter kit simplicity!",advertisement
refresh your day with fresh fruit smoothies! experience the vitality and flavor of fruity goodness. perfect for health-conscious individuals and staying refreshed. limited stock - sip your way to wellness with a touch of fruitfulness!,advertisement
"adorn your wrist, embrace timeless elegance! vintage watches for watch connoisseurs. perfect for watch collectors and adding a touch of vintage watch sophistication to your style!",advertisement
"sketch your dreams, let imagination flow! enjoy blank pages and creative freedom. perfect for artists and capturing your inspirations on paper. limited stock - sketch in style with a touch of artistic inspiration!",advertisement
elevate your professional attire with women s business suits! experience classic style and confidence. perfect for making a powerful impression in the corporate world. limited stock - suit up for success!,advertisement
"shop now for a versatile wardrobe essential. elevate business or casual attire with a sleek silhouette. introducing cigarette pants! slim, ankle-length stylish. cigarettepantsfashionupgrade",advertisement
craft delectable dishes with gourmet pasta selection! experience the variety and quality of gourmet pasta. perfect for pasta lovers and turning your meals into culinary masterpieces. limited stock - cook with finesse with a touch of pasta!,advertisement
"add elegance to your attire, step into sophistication! formal pumps for formal events. perfect for those who appreciate refined style with a touch of formal pump glamour!",advertisement
"introducing the boyfriend blazer effortlessly chic, oversized, and perfect for any occasion. add a sophisticated touch to your wardrobe for a casual, trendy look. comfort meets style. shop now!",advertisement
"discover sleek sophistication with our tailored sheath dress - a figure-flattering, knee-length stunner that hugs your curves and exudes effortless elegance. embrace your inner fashionista today.",advertisement
"process, create, and save time in the kitchen! achieve culinary excellence effortlessly. perfect for chefs at heart and bringing culinary creativity to new heights with a touch of food processor innovation!",advertisement
stay warm with a throw blanket! experience added warmth and coziness on chilly days. perfect for snuggling up and staying comfortable. limited stock - cuddle up with a touch of softness!,advertisement
"elevate leadership skills, lead with impact! leadership summit tickets for aspiring leaders. perfect for those aiming to excel in leadership roles and inspiring others with a touch of leadership summit excellence!",advertisement
"pocket-sized power, adventure with confidence! enjoy preparedness and versatility. perfect for adventurers and being ready for any outdoor challenge. limited stock - adventure in style with a touch of survival readiness!",advertisement
get your car gleaming with the car wash kit! experience a thorough and shiny clean. perfect for diy car care and maintaining a pristine exterior. limited stock - wash your car to perfection!,advertisement
elevate your dishes with gourmet olive oil! experience the richness and flavor of premium olive oil. perfect for home chefs and adding a gourmet touch to your recipes. limited stock - cook with flair with a touch of sophistication!,advertisement
conduct experiments with a science lab set! experience scientific discoveries and hands-on learning. perfect for aspiring scientists and unlocking the secrets of the universe. limited stock - discover with a touch of curiosity!,advertisement
explore fine whiskeys with a whiskey tasting set! experience the complexity and flavors of premium spirits. perfect for whiskey enthusiasts and raising your glass to exceptional taste. limited stock - toast to flavor with a touch of whiskey!,advertisement
timeless elegance at your wrist! elevate your style with precision. perfect for fashion-forward individuals and making every second count with a touch of classic leather watch sophistication!,advertisement
"label it, find it, and impress! enjoy organized spaces and professionalism. perfect for offices and adding a touch of label perfection to your organization with a label maker touch!",advertisement
discover unparalleled style comfort with our duster coats - the perfect blend of chic lightweight design for a sleek silhouette that falls below the knee. elevate your wardrobe now!,advertisement
"delve into history, hold literary masterpieces! rare manuscripts for book enthusiasts. perfect for book lovers and connecting with literary greats through handwritten works with a touch of rare manuscript fascination!",advertisement
run in comfort with running shoes! experience support and a smooth run. perfect for jogging and achieving your fitness goals. limited stock - hit the track with a touch of comfort and style!,advertisement
"paint with water s magic, flow and blend! enjoy transparency and vibrant hues. perfect for watercolor enthusiasts and bringing your art to life with a touch of aqueous wonder!",advertisement
score goals with a soccer ball! experience action and goal-scoring fun. perfect for soccer enthusiasts and friendly matches. limited stock - kick it with a touch of excitement!,advertisement
"dive into science, explore innovative thinking! science symposium tickets for science enthusiasts. perfect for those who love scientific exploration and engaging with experts with a touch of science symposium fascination!",advertisement
"sparkling moments, luxurious style! adorn your wrist with brilliance. perfect for special occasions and celebrating life s milestones with a touch of elegant diamond watch opulence!",advertisement
"discover your new summer essential! our stylish kaftans are perfect as chic dresses or beach cover-ups, featuring wide sleeves a breezy fit. get yours now and stay fashionably cool!",advertisement
sparkle at parties with our women s party dress! experience the magic of celebration in this stunning dress. perfect for birthdays and special occasions. limited stock - get ready to shine!,advertisement
"stay safe, work with confidence! slip-resistant shoes for professionals. perfect for those who prioritize safety at work with a touch of slip-resistant shoe reliability!",advertisement
"upgrade your wardrobe with our tulle extravaganza skirt ! twirl into a dream of fluffy layers, crafted for fashionable ballerina vibes . tulleskirt get ready to be the center of attention and order now!",advertisement
"discover timeless style unbeatable comfort with our henley shirts! casual meets chic in these collarless, button-up wonders. elevate your wardrobe - shop now! limited stock.",advertisement
step into miniature worlds with a dollhouse! experience imaginative play and endless adventures. perfect for storytellers and creating your own tiny tales. limited stock - enter a world of imagination with a touch of enchantment!,advertisement
"sterilize, protect, and ensure safety! enjoy hygienic bottles for your baby. perfect for parents and keeping your baby s bottles clean and safe with a touch of baby bottle sterilizer efficiency!",advertisement
"write with sophistication, pen your thoughts! vintage fountain pens for pen enthusiasts. perfect for writers and adding elegance to your words with a touch of vintage fountain pen flair!",advertisement
"clip it, organize it, and get it done! enjoy document organization and security. perfect for students and professionals and adding a touch of binder clip practicality to your documents!",advertisement
enter magical realms with a fantasy book! experience epic quests and enchanting adventures. perfect for fantasy lovers and escaping into otherworldly wonders. limited stock - embark on a journey with a touch of magic!,advertisement
discover the perfect blend of style comfort with our shift dress - the ultimate wardrobe staple that flatters every shape! shop now for a versatile chic knee-length steal. say hello to effortless elegance.,advertisement
"folder it, find it, and succeed! enjoy categorized files and easy access. perfect for professionals and staying organized with a touch of file folder precision!",advertisement
"hit the road in style, embrace motorcycle adventures! motorcycle boots for riders. perfect for motorcycle enthusiasts and adding a touch of motorcycle boot toughness to your journey with a touch of motorcycle boot charm!",advertisement
"beat in the digital world, music unleashed! enjoy digital percussion and musical versatility. perfect for electronic drummers and exploring limitless musical possibilities with a touch of electronic drumming magic!",advertisement
"stay comfortable, rock casual coolness! sneakers for trendsetters. perfect for those who appreciate style and comfort with a touch of sneaker versatility!",advertisement
enjoy the flavor of freshly brewed beer! experience the craftsmanship and taste of artisanal beer. perfect for beer connoisseurs and raising your glass to good times. limited stock - toast to flavor with a touch of brewing!,advertisement
stay cozy and stylish with classic cardigans! experience timeless comfort and fashion in these must-have cardigans. perfect for a classic and elegant look. limited stock - wrap yourself in style!,advertisement
embrace timeless grace with a pearl necklace! experience sophistication and classic beauty. perfect for special occasions and enhancing your charm. limited stock - shine with a touch of elegance!,advertisement
rally with friends using a badminton set! experience fast-paced rallies and outdoor fun. perfect for badminton enthusiasts and friendly matches. limited stock - smash your way to victory with a touch of competition!,advertisement
enjoy the comfort and style of casual shorts! perfect for casual days and outdoor adventures. limited stock - get ready for comfort and ease!,advertisement
"display, grow, and elevate! enjoy creative vertical gardening. perfect for gardeners and adding dimension to your garden with a touch of garden trellis planter artistry!",advertisement
make laundry a breeze with the high-efficiency washing machine! experience cleaner and fresher clothes effortlessly. perfect for busy households and saving time. limited stock - upgrade your laundry game!,advertisement
"experience cinematic wonders, embrace storytelling! film screening tickets for film enthusiasts. perfect for movie buffs and stepping into the world of cinema with a touch of film screening excitement!",advertisement
shop now - be effortlessly stylish! upgrade your wardrobe with our chic jumpsuit the perfect blend of style and comfort. our one-piece top pants combo creates a sleek silhouette that s a must-have.,advertisement
"eat, explore, and savor flavors! enjoy mess-free and fun mealtimes with your baby. perfect for parents and making mealtime memories with a touch of baby feeding set convenience!",advertisement
experience luxury sophistication with our soft textured suede jacket. elevate your style turn heads wherever you go. shop now for a trendy wardrobe upgrade!,advertisement
"cook and feast, nature s your kitchen! enjoy versatile cooking and outdoor gourmet. perfect for foodies and creating memorable outdoor feasts. limited stock - cook in style with a touch of outdoor culinary flair!",advertisement
"witness groundbreaking software, glimpse the future! software launch tickets for software enthusiasts. perfect for tech-savvy individuals and being part of the software revolution with a touch of software launch excitement!",advertisement
"stay cozy stylish this season with our cowl-neck sweaters! embrace elegance in a draped, fold-over neckline that keeps you warm snug. limited stock. get yours now!",advertisement
keep your tires in top shape with the tire pressure gauge! experience optimal tire pressure for safety and fuel efficiency. perfect for regular maintenance and smooth rides. limited stock - check your tire pressure with ease!,advertisement
"play the ocarina, magic in your hands! enjoy whimsical melodies and musical charm. perfect for ocarinists and bringing a touch of magic to your music with the enchanting ocarina!",advertisement
"conquer the outdoors, stay tactical! built for adventurers. perfect for outdoor enthusiasts and tackling challenges with a touch of tactical military watch durability!",advertisement
"discover timeless sophistication with our windowpane-check shirt. made from high-quality fabric, its grid-like pattern ensures effortless style for both. get yours now and redefine your wardrobe!",advertisement
be prepared for emergencies with the car first aid kit! experience safety and emergency preparedness. perfect for road trips and peace of mind. limited stock - stay prepared and safe on the road!,advertisement
stay snug. perfect for any occasion. be stylish. shop now! elegance meets coziness. introducing the chenille sweater experience ultimate warmth comfort in our deluxe plush knitwear.,advertisement
"paint on fabric, wear your art! enjoy fabric-friendly colors and personalization. perfect for fashion enthusiasts and adding a touch of artistic flair to your wardrobe!",advertisement
"step into elegance with our stunning t-strap sandals! flat or heeled, experience comfort style. perfect for any occasion, upgrade your shoe game today. discover the perfect pair - don t wait!",advertisement
"carve it, craft it, and create! enjoy woodworking precision and control. perfect for artisans and adding artistic detail to your projects with a touch of chisel set mastery!",advertisement
"bind it, secure it, and impress! enjoy document binding and professionalism. perfect for offices and adding a touch of staple perfection to your documents with a stapler touch!",advertisement
"reveal your captivating charm in our ruched-top dress! tailored for perfection, this form-fitting silhouette accentuates your curves with its flawlessly gathered fabric. be the ultimate enchantress!",advertisement
"organize like a pro, conquer your desk! enjoy clutter-free productivity and workspace efficiency. perfect for professionals and keeping your desk in top shape with a touch of desk organizer magic!",advertisement
introducing our trendy racerback tank! it s a stylish and sporty sleeveless top featuring a unique t-shaped strap design across the upper back. get ready for comfort and compliments! shop now.,advertisement
"hydrate, revive, and thrive! enjoy uniform and efficient garden watering. perfect for gardeners and keeping your plants happy with a touch of garden sprinkler precision!",advertisement
"write, erase, and innovate! enjoy creative brainstorming and visual clarity. perfect for teams and unlocking your ideas with a touch of dry erase board ingenuity!",advertisement
embrace timeless style with our girls denim jacket! elevate your wardrobe with this classic piece featuring a fashionable twist. perfect for creating chic outfits. limited stock - make it yours!,advertisement
"get yours now and stay fashionably cool! discover your new summer essential! our stylish kaftans are perfect as chic dresses or beach cover-ups, featuring wide sleeves a breezy fit.",advertisement
"display your audio treasures, stay neat! enjoy headphone storage and accessibility. perfect for audiophiles and tidying up your workspace. limited stock - organize in style with a touch of headphone elegance!",advertisement
"flip, find, and connect! enjoy easy contact management and accessibility. perfect for professionals and organizing your contacts with a touch of rolodex convenience!",advertisement
"embrace elegance, adorn your space! antique furniture for interior aficionados. perfect for interior decorators and adding a touch of antique charm to your home with a touch of antique furniture sophistication!",advertisement
"unleash your potential with versatile tablet! experience the power of a tablet for work, creativity, and entertainment. perfect for staying productive and inspired. limited stock - unlock endless possibilities!",advertisement
"upgrade your wardrobe with our mesh panel leggings! experience unmatched comfort style while staying cool. get ready to flaunt a chic, modern look! shop now embrace your fashion-forward side.",advertisement
boost your skin with facial sheet masks! experience instant revitalization. perfect for a spa day at home and glowing skin. limited stock - pamper your skin with sheet mask magic!,advertisement
harmonize and let the tones resonate! enjoy clear melodies and musical harmony. perfect for xylophonists and creating melodious tunes with a touch of xylophone resonance!,advertisement
dive into summer with women s swimwear! experience stylish comfort for aquatic adventures. perfect for pool days and beach fun. limited stock - make a splash today!,advertisement
"carry, bond, and create memories! enjoy closeness and convenience with your baby. perfect for parents and keeping your little one snug with a touch of baby sling carrier love!",advertisement
pamper your cat with the best! indulge in gourmet flavors and top-notch nutrition. perfect for cat lovers and keeping your feline family member happy and healthy. limited stock - whisker-licking goodness with a touch of luxury!,advertisement
keep your car organized with the car organizer! experience tidy storage and clutter-free interiors. perfect for busy lifestyles and maintaining a clean car. limited stock - declutter your car with ease!,advertisement
jump into fitness with a jump rope! experience cardio workouts and improved endurance. perfect for athletes and boosting your stamina. limited stock - jump into fitness with a touch of energy!,advertisement
cook up a storm with a cooking magazine! experience culinary inspiration and delicious recipes. perfect for foodies and mastering the art of cooking. limited stock - whip up a feast with a touch of flavor!,advertisement
"shine with resilience, wear stainless steel! a watch built to last. perfect for individuals on the go and enjoying a polished look with a touch of stainless steel watch strength!",advertisement
"open, serve, and simplify your kitchen tasks! get cans open with ease. perfect for busy kitchens and streamlining your meal preparation with a touch of electric can opener efficiency!",advertisement
"stay connected, stay smart! designed for the tech-savvy. perfect for modern individuals and staying ahead of the curve with a touch of digital smartwatch innovation!",advertisement
"dance through life, embrace grace! ballet flats for those who love elegant simplicity. perfect for ballet enthusiasts and adding a touch of graceful charm to your day with a touch of ballet flat sophistication!",advertisement
elevate your style with a diamond necklace! experience elegance and timeless beauty. perfect for any occasion and making a statement. limited stock - shine with a touch of sophistication!,advertisement
embrace your inner wanderer with the boho maxi dress! experience the free-spirited look and flowing fabric that s perfect for adventurous souls. limited stock - elevate your style today!,advertisement
"limited stock - shop now! comfy meets chic - elevate your wardrobe. unique, stylish bohemian vibes with a dropped crotch loose legs. discover harem pants!",advertisement
"protect your skin with sunscreen! experience sun protection and healthy, glowing skin. perfect for sunny days and outdoor adventures. limited stock - shield your skin from the sun s rays!",advertisement
"explore the future of e-commerce, grow your business! e-commerce summit tickets for entrepreneurs. perfect for e-commerce enthusiasts and staying ahead in the online business world with a touch of e-commerce summit innovation!",advertisement
discover our classic button-up plaid shirt bold or subtle patterns for versatile style. elevate your fashion game. upgrade your wardrobe! shop now!,advertisement
"add elegance, express your beauty! elevate your fashion game. perfect for fashion-forward women and making a statement with a touch of fashionable women s watch sophistication!",advertisement
"simplify your meal prep with the food processor! experience effortless chopping, slicing, and more. perfect for busy kitchens and creative cooking. limited stock - chop, slice, and dice with ease!",advertisement
gear up for success with men s sportswear! experience style and performance for your active lifestyle. perfect for achieving your fitness goals in style. limited stock - elevate your workouts!,advertisement
elevate your lashes with eyelash curler! experience captivating and beautifully curled lashes. perfect for expressive eyes and unforgettable glances. limited stock - curl your lashes and captivate hearts!,advertisement
"immerse in creativity, embrace artistic brilliance! art exhibition tickets for art lovers. perfect for those who appreciate visual art and exploring the depths of creativity with a touch of art exhibition inspiration!",advertisement
discover our top-selling skinny jeans designed to sculpt your figure and flatter every curve! upgrade your wardrobe with jeans that fit impeccably offer lasting style. shop now!,advertisement
"travel in style, embark on retro adventures! vintage luggage for adventurers. perfect for travelers and exploring the world with a touch of vintage luggage sophistication!",advertisement
"beat in silence, music comes alive! enjoy quiet drumming and electronic versatility. perfect for drummers and exploring endless musical possibilities with a touch of electric drum pad innovation!",advertisement
"type without worry, keep it tidy! enjoy spill protection and comfort. perfect for writers and safeguarding your keyboard. limited stock - type in style with a touch of keyboard care!",advertisement
"secure your digital world, protect with expertise! software security conference tickets for security professionals. perfect for cybersecurity experts and gaining insights into digital protection with a touch of software security conference empowerment!",advertisement
"discover unparalleled comfort style with our palazzo pants! perfectly wide flowing, these relaxed-fit wonders effortlessly elevate your wardrobe. shop now embrace the best of both worlds!",advertisement
monitor your progress with a fitness tracker! experience health tracking and workout insights. perfect for fitness enthusiasts and achieving your goals. limited stock - track your journey with a touch of data!,advertisement
"swaddle, cuddle, and bond! enjoy warmth and snugness for your little one. perfect for parents and ensuring your baby sleeps peacefully with a touch of baby swaddle blanket comfort!",advertisement
"introducing the velvet blazer - luxurious, soft, and versatile. elevate your style for any occasion. experience sheer elegance in every wear. get yours now and embrace ultimate sophistication.",advertisement
croptoplove fashionforward show off your playful side flaunt a contemporary look. limited stock. elevate any outfit - get yours today! stay ahead in style with our chic crop tops!,advertisement
"compose, record, and let music flow! enjoy digital precision and musical creativity. perfect for pianists and exploring limitless musical possibilities with a touch of piano elegance!",advertisement
shine with lip gloss! experience glossy and eye-catching lips. perfect for a pop of shine and luscious pouts. limited stock - gloss up your lips for irresistible charm!,advertisement
"dip it, paint it, and transform! enjoy mess-free painting and convenience. perfect for homeowners and giving your space a fresh look with a touch of paint tray practicality!",advertisement
add a touch of elegance with our girls floral blouse! elevate your style with delicate floral patterns and a charming design. perfect for special occasions and everyday beauty. limited stock - blossom with style!,advertisement
"stay active, embrace sporty style! athletic sneakers for fitness enthusiasts. perfect for athletes and keeping up with an active lifestyle with a touch of athletic sneaker flair!",advertisement
discover the perfect blend of style comfort with our asymmetrical dresses! turn heads with unique hemlines designs that create visual intrigue - shop now redefine your fashion game!,advertisement
"enjoy the sun, relax in comfort! casual sandals for those who love laid-back style. perfect for beachgoers and soaking up the sun with a touch of casual sandal ease!",advertisement
glide smoothly with roller skates! experience retro fun and stylish glides. perfect for roller skaters and reliving the nostalgic days. limited stock - roll with style and a touch of nostalgia!,advertisement
"connect it all, effortlessly! enjoy extra ports and data flow. perfect for multitaskers and streamlining your work. limited stock - connect in style with a touch of usb versatility!",advertisement
discover our ruffleneck sweater - a perfect blend of style and warmth! stay cozy in a bold oversized collar that elevates your winter wardrobe. shop now for a statement piece that turns heads!,advertisement
"get ready to laugh out loud, enjoy comedic brilliance! comedy show tickets for comedy enthusiasts. perfect for those who love humor and experiencing comedic talent with a touch of comedy show hilarity!",advertisement
"toast, savor, and start your day with a crunch! enjoy golden brown toast in minutes. perfect for breakfast enthusiasts and adding a touch of crispy goodness to your mornings with a toaster s precision!",advertisement
"elevate your ensemble, step in versatility! ankle boots for fashion-forward individuals. perfect for those who appreciate flexible fashion with a touch of ankle boot versatility!",advertisement
elevate your style with diamond earrings! experience luxury and timeless beauty. perfect for any occasion and making a statement. limited stock - shine with a touch of opulence!,advertisement
unleash your wild side with our stunning zebra-print coat! bold black white stripes guarantee turning heads. quality flair in one stunning piece. dare to be fierce! limited stock. get yours today.,advertisement
upgrade your wardrobe! discover our classic button-up plaid shirt bold or subtle patterns for versatile style. elevate your fashion game. shop now!,advertisement
"dehydrate, snack, and relish nature s flavors! enjoy homemade dried treats. perfect for health-conscious snackers and savoring the goodness of dried fruits with a touch of food dehydrator artistry!",advertisement
elevate your style with men s fedora hats! experience the timeless elegance and charm of the classic fedora. perfect for making a stylish statement. limited stock - add a touch of class to your look!,advertisement
"create with nostalgia, write with vintage flair! vintage typewriters for wordsmiths. perfect for writers and crafting stories with a touch of vintage typewriter charm!",advertisement
embark on a historical journey in cairo! dive into ancient wonders and vibrant markets. perfect for history buffs and unlocking the secrets of the pharaohs. limited availability - unravel the past with a touch of egyptian mystique!,advertisement
elevate your style with men s denim jeans! experience classic style and unmatched comfort with these must-have jeans. perfect for a timeless look. limited stock - choose your fit today!,advertisement
expand your freezer space with the stand-up freezer! experience ample storage for frozen goods. perfect for bulk shopping and freezing leftovers. limited stock - freeze and store with convenience!,advertisement
"sway under the stars, camp in style! enjoy relaxation and simplicity. perfect for campers and embracing the outdoor breeze. limited stock - relax in style with a touch of hammock heaven!",advertisement
"work safe, work comfortable! enjoy hand protection and comfort. perfect for diy projects and ensuring safety and comfort with a touch of work glove confidence!",advertisement
"embrace nature, wear sustainability! crafted from wood with love for the planet. perfect for eco-conscious individuals and making a green statement with a touch of wooden wristwatch eco-friendliness!",advertisement
"caulk it, seal it, and impress! enjoy controlled caulking and precision. perfect for home improvement and achieving neat seals with a touch of caulking gun finesse!",advertisement
start your day right with the coffee maker! experience the aroma and flavor of freshly brewed coffee. perfect for coffee enthusiasts and busy mornings. limited stock - savor every sip of your coffee!,advertisement
"enhance online security, protect with knowledge! cybersecurity workshop tickets for security enthusiasts. perfect for those who prioritize cybersecurity and gaining expertise with a touch of cybersecurity workshop empowerment!",advertisement
"witness the action, cheer for victory! sports game tickets for sports enthusiasts. perfect for those who love the adrenaline of live games and supporting their favorite teams with a touch of sports game excitement!",advertisement
"sip and savor, indulge in wine delights! wine tasting event tickets for wine connoisseurs. perfect for wine lovers and embarking on a sensory journey through exquisite wines with a touch of wine tasting elegance!",advertisement
"waffle, indulge, and start your day with a treat! enjoy perfect waffles in minutes. perfect for breakfast enthusiasts and adding a touch of crispy deliciousness to your mornings with a waffle maker s perfection!",advertisement
"introducing the pencil skirt elegance meets comfort with this knee-length, slim-fitting skirt. hugging your hips and gently tapering at the bottom, it s perfect for any occasion. upgrade your wardrobe now!",advertisement
"saddle up, embrace western style! cowboy boots for adventurous souls. perfect for western enthusiasts and adding a touch of cowboy boot ruggedness to your journey with a touch of cowboy boot charm!",advertisement
"fix it all, build it all! enjoy versatility and all-in-one convenience. perfect for handymen and having the right tools at your fingertips with a touch of tool set completeness!",advertisement
"step up your summer, shine in sunny style! espadrille wedges for summer fashionistas. perfect for sunny days and elevating your look with a touch of espadrille wedge charm!",advertisement
introducing our classic denim jacket - timeless style meets unbeatable durability! perfect for any wardrobe. upgrade yours transform any outfit instantly. get yours now! bit.ly denim-jacket,advertisement
say goodbye to dishwashing with the efficient dishwasher! experience spotless dishes and more free time. perfect for busy kitchens and hosting dinners. limited stock - let the dishwasher do the work!,advertisement
"sit, relax, and conquer tasks! enjoy ergonomic comfort and work efficiency. perfect for professionals and elevating your workspace with a touch of desk chair luxury!",advertisement
stay safe and comfortable with anti-slip socks! experience peace of mind with added grip and warmth. perfect for preventing slips and keeping your feet cozy. limited stock - step confidently!,advertisement
step up your style game with our chic platform heels ! boost your height confidence while experiencing ultimate comfort. walk tall turn heads. shop now! limited stock free shipping.,advertisement
find serenity with a yoga mat! experience stress-relieving yoga and comfortable workouts. perfect for yogis and enhancing your practice. limited stock - find your inner calm with a touch of tranquility!,advertisement
"adorn yourself, shine with vintage elegance! vintage jewelry for jewelry lovers. perfect for jewelry connoisseurs and embracing timeless beauty with a touch of vintage jewelry allure!",advertisement
"feed, nurture, and flourish! enjoy vibrant and lush plants. perfect for gardeners and giving your plants the best care with a touch of plant fertilizer expertise!",advertisement
have sweet dreams in our girls pajama set! experience cozy comfort and adorable designs for bedtime. perfect for nights filled with imagination. limited stock - get ready for dreamy nights!,advertisement
embrace royal elegance with a crystal tiara! experience regal beauty and sophistication. perfect for special occasions and feeling like royalty. limited stock - crown yourself with a touch of grandeur!,advertisement
"protect your provisions, camp with peace! enjoy safety and wildlife resistance. perfect for campers in bear country and securing your food. limited stock - camp in style with a touch of outdoor security!",advertisement
boost your vitality with nutritional supplements! experience optimal health and well-being. perfect for health-conscious individuals and enhancing your vitality. limited stock - boost your health with a touch of vitality!,advertisement
navigate with confidence using the car gps navigation! experience accurate directions and stress-free travel. perfect for road trips and daily commuting. limited stock - find your way with ease!,advertisement
"discover harem pants! unique, stylish bohemian vibes with a dropped crotch loose legs. comfy meets chic - elevate your wardrobe. limited stock - shop now!",advertisement
"sleep, relax, and cherish moments! enjoy comfortable nights during pregnancy. perfect for expecting moms and getting the rest you deserve with a touch of maternity pillow support!",advertisement
"stitch with precision, sewing made easy! enjoy speed and accuracy. perfect for seamstresses and turning fabrics into fashionable creations with a touch of sewing finesse!",advertisement
ride the rails with a model train set! experience realistic railroading and nostalgic charm. perfect for train enthusiasts and creating your own miniature world. limited stock - chug along with a touch of nostalgia!,advertisement
cut the cord and groove! enjoy seamless music and calls. perfect for music lovers and untethered lifestyle. limited stock - groove in style with a touch of wireless magic!,advertisement
"discover limitless style with our versatile oversized scarf! wrap, drape, or tie to elevate any outfit - the ultimate accessory for chic comfort. shop now transform your wardrobe!",advertisement
look sharp with the efficient iron! experience wrinkle-free and polished clothing with ease. perfect for professionals and impeccable style. limited stock - iron your way to a flawless look!,advertisement
"tool up, garden, and make it easy! enjoy a complete set of gardening essentials. perfect for gardeners and making every gardening task a breeze with a touch of garden tool set convenience!",advertisement
shape your nails with nail file! experience nail perfection. perfect for diy manicures and stunning fingertips. limited stock - file your way to flawless nails!,advertisement
look sharp and polished with the steam iron! experience wrinkle-free clothing with ease. perfect for professionals and impeccable style. limited stock - iron your way to a flawless look!,advertisement
enjoy the comfort and style of women s casual shorts! perfect for relaxed days and outdoor adventures. limited stock - get ready for comfort and ease!,advertisement
"dig, plant, and blossom! enjoy effortless gardening and planting. perfect for gardeners and making your gardening tasks a breeze with a touch of garden trowel convenience!",advertisement
add a pop of color with a gemstone necklace! experience positive vibes and unique beauty. perfect for enhancing your aura and embracing positivity. limited stock - shine with a touch of radiance!,advertisement
create a haven for your furry buddy! enjoy spacious living and easy access. perfect for small pet owners and providing a safe sanctuary for your companion. limited stock - nestle in comfort with a touch of small-animal charm!,advertisement
empower yourself with a self-help guide! experience personal growth and positive change. perfect for those seeking self-improvement and unlocking their full potential. limited stock - transform with a touch of empowerment!,advertisement
add a touch of beachy charm with a silver anklet! experience coastal beauty and relaxed style. perfect for beach days and embracing the ocean vibes. limited stock - step into summer with a touch of breeziness!,advertisement
"get yours today! effortlessly stylish, comfortably classy. ideal for layering over dresses or tops, this chic, open-front cropped jacket elevates any outfit. discover the versatile bolero jacket!",advertisement
crunch into satisfaction with freshly roasted nuts! experience the goodness and crunchiness of freshly roasted nuts. perfect for snacking enthusiasts and satisfying your cravings. limited stock - snack smart with a touch of nuttiness!,advertisement
"witness runway elegance, embrace fashion forwardness! fashion show tickets for fashion enthusiasts. perfect for trendsetters and staying in the know about the latest fashion with a touch of fashion show glamour!",advertisement
give your car a glossy finish with car wax! experience protection and shine. perfect for car enthusiasts and preserving your car s exterior. limited stock - wax your car for a stunning finish!,advertisement
relax in style with cozy lounge robes! experience the perfect blend of comfort and fashion. perfect for unwinding at home. limited stock - wrap yourself in comfort!,advertisement
play all day in our boys sports shorts! experience the comfort and flexibility of sports shorts designed for active play. perfect for outdoor adventures. limited stock - get ready to play!,advertisement
soar to new heights with the high-performance drone! experience breathtaking aerial views and capture stunning photos. perfect for photographers and adventurers. limited stock - take flight and capture the world!,advertisement
stand in awe of victoria falls! immerse yourself in the raw power and natural beauty of the falls. perfect for nature enthusiasts and experiencing the majesty of africa. limited availability - marvel at nature s wonder with a touch of african splendor!,advertisement
add vintage glamour with an elegance brooch! experience timeless beauty and sophistication. perfect for dressing up any attire and exuding elegance. limited stock - pin it with a touch of nostalgia!,advertisement
create a miniature world with a train table set! experience train adventures and creative construction. perfect for train enthusiasts and crafting your own railway kingdom. limited stock - build your tracks with a touch of imagination!,advertisement
discover elegance redefined with our bell-sleeve blouse. graceful flared cuffs create the perfect blend of sophistication romance. elevate your fashion game today - limited stock available!,advertisement
"espresso, delight, and savor the moment! indulge in gourmet coffee at home. perfect for coffee connoisseurs and experiencing coffee perfection with a touch of espresso machine expertise!",advertisement
"embrace retro charm, relive advertising history! vintage advertisements for nostalgia seekers. perfect for collectors and stepping back in time through marketing with a touch of vintage advertisement allure!",advertisement
"pair with your favorite camisole or bralette for a chic look that makes a statement. discover effortless elegance with our sheer blouse - semi-transparent, lightweight, perfect for layering. shop now!",advertisement
introducing our latest lace-up sandals - where style meets comfort! perfect for summer strolls beachside bliss. shop now! wrap your feet in chic designs and experience unbeatable support.,advertisement
challenge your mind with a puzzle game! experience brain-teasing puzzles and mental agility. perfect for puzzle enthusiasts and sharpening your problem-solving skills. limited stock - solve the mystery with a touch of intellect!,advertisement
"discover effortless elegance with our sheer blouse - semi-transparent, lightweight, perfect for layering. pair with your favorite camisole or bralette for a chic look that makes a statement. shop now!",advertisement
"discover elegance with our stunning tiered skirt! designed with multiple layers of luxe fabric, this voluminous piece adds flair style to any wardrobe. elevate your look today - shop now!",advertisement
"bead by bead, style that s uniquely yours! enjoy creativity and jewelry making. perfect for jewelry designers and adding a touch of elegance to your attire with custom jewelry!",advertisement
make a statement with men s graphic tees! express yourself with cool graphics and unique designs. perfect for men who love to stand out. limited stock - choose your favorite design now!,advertisement
shop now! discover our top-selling skinny jeans designed to sculpt your figure and flatter every curve! upgrade your wardrobe with jeans that fit impeccably offer lasting style.,advertisement
"store it all, backup with ease! enjoy massive capacity and security. perfect for data hoarders and safeguarding your files. limited stock - store in style with a touch of hard drive reliability!",advertisement
"light the way, hands-free and fearless! enjoy visibility and convenience. perfect for adventurers and exploring after dark. limited stock - light up in style with a touch of outdoor brilliance!",advertisement
stay prepared with the car safety hammer! experience emergency escape and safety on the road. perfect for peace of mind and unexpected situations. limited stock - stay safe and ready for any situation!,advertisement
"discover your new favorite style! shop now for a timeless look! our fit flare dress accentuates the waist and gracefully flares at the hips, creating an elegant, feminine silhouette.",advertisement
"build it all, create it all! enjoy a sturdy workspace and project organization. perfect for diy enthusiasts and setting up the perfect workspace with a touch of workbench efficiency!",advertisement
indulge in luxury with body lotion! experience silky and hydrated skin. perfect for self-pampering and a touch of elegance. limited stock - lavish your skin with luxury and embrace smoothness!,advertisement
"juice, revitalize, and boost your immune system! enjoy the goodness of citrus fruits. perfect for health-conscious individuals and embracing the freshness of citrus juices with a touch of citrus juicer zest!",advertisement
brighten up summer with our summer dress for girls! experience vibrant colors and flowing elegance perfect for sunny days. your little one will shine! limited stock - shop now!,advertisement
"chic, versatile, essential. introducing our timeless trench coat! upgrade your wardrobe with this double-breasted, knee-length staple, featuring a belted waist for a flattering silhouette. get yours now!",advertisement
savor the succulence of premium steak cuts! experience gourmet dining at its best. perfect for steak enthusiasts and treating yourself to culinary excellence. limited stock - indulge in premium dining with a touch of perfection!,advertisement
"stay active, stay on time! designed for adventurers like you. perfect for fitness enthusiasts and tracking your performance with a touch of sporty chronograph watch precision!",advertisement
step into the future with an interactive robot! experience futuristic fun and endless learning. perfect for tech enthusiasts and exploring the world of robotics. limited stock - be futuristic with a touch of innovation!,advertisement
create harmonious melodies with a musical instrument! experience musical journeys and soulful tunes. perfect for music enthusiasts and composing your own symphony. limited stock - make music with a touch of harmony!,advertisement
keep your food fresh with the spacious refrigerator! experience ample storage and food preservation. perfect for busy kitchens and family meals. limited stock - keep your kitchen stocked and organized!,advertisement
carry your library everywhere with e-book reader! experience a world of books at your fingertips. perfect for avid readers and literary adventures. limited stock - dive into stories with convenience!,advertisement
"shop now. layer it over a blouse or sweater for a versatile, stylish look. upgrade your wardrobe with our chic pinafore dress! sleeveless, apron-style front - perfect for any occasion!",advertisement
"capture moments, preserve timeless style! vintage cameras for photography enthusiasts. perfect for shutterbugs and embarking on photographic journeys with a touch of vintage camera elegance!",advertisement
catch with precision using a baseball glove! experience catching skills and baseball action. perfect for baseball players and improving your game. limited stock - catch those fly balls with a touch of excellence!,advertisement
stay warm and stylish with warm winter coats! experience winter in fashion with these trendy coats. perfect for chilly adventures. limited stock - bundle up in style!,advertisement
"discover stunning style in every stitch with our embroidered jeans collection! adorn your wardrobe with intricate, one-of-a-kind designs on pockets, waistbands legs. elevate your denim game now!",advertisement
"water, nurture, and thrive! enjoy hassle-free gardening with a reliable garden hose. perfect for gardeners and keeping your plants healthy with a touch of garden hose efficiency!",advertisement
"join the mobile app revolution, code for success! mobile app hackathon tickets for app developers. perfect for app enthusiasts and taking part in app innovation with a touch of mobile app hackathon creativity!",advertisement
find tranquility with organic herbal tea! experience the soothing and calming properties of herbal tea. perfect for tea enthusiasts and unwinding with a touch of nature. limited stock - sip serenity with a touch of wellness!,advertisement
"brush, create, and transform! enjoy artistic painting and attention to detail. perfect for painters and adding artistic flair to your space with a touch of paintbrush set finesse!",advertisement
"embrace bohemian vibes with our boho blouse! enjoy the loose, flowy fit and unique prints that exude relaxed charm. elevate your style with this must-have piece. limited stock - grab yours today!",advertisement
"tool up, garden, and make it easy! enjoy quality hand tools for gardening tasks. perfect for gardeners and making your gardening endeavors a breeze with a touch of garden hand tool set expertise!",advertisement
charge your devices wirelessly with wireless charger! experience the convenience of cable-free charging. perfect for a clutter-free workspace and staying powered up. limited stock - charge up with ease!,advertisement
stay cozy in our striped sweater! experience warmth and style with this charming sweater featuring classic stripes. elevate your winter wardrobe. limited stock - shop now!,advertisement
"dominate your game, aim for glory! enjoy smooth control and epic gaming. perfect for gamers and leveling up your skills. limited stock - game in style with a touch of gaming mastery!",advertisement
perfect for any wardrobe. get yours now! bit.ly denim-jacket upgrade yours transform any outfit instantly. introducing our classic denim jacket - timeless style meets unbeatable durability!,advertisement
"slow cook, savor, and indulge in rich flavors! enjoy tender and flavorful dishes. perfect for busy families and savoring delicious, slow-cooked meals with a touch of slow cooker comfort!",advertisement
keep time in style with a wall clock! experience functional timekeeping and decorative flair. perfect for punctuality and adding character to your walls. limited stock - adorn your space with a touch of time!,advertisement
elevate your accessories with women s handbags! experience the perfect blend of functionality and style. perfect for keeping your essentials in style. limited stock - upgrade your bag game!,advertisement
"harness the sun, power up guilt-free! enjoy eco-friendly charging and sustainability. perfect for eco-conscious adventurers and staying powered in harmony with nature. limited stock - charge in style with a touch of solar energy!",advertisement
"dive into ai ethics, ponder the future! ai ethics symposium tickets for ethics enthusiasts. perfect for those interested in the ethical considerations of ai with a touch of ai ethics symposium enlightenment!",advertisement
"introducing the velvet blazer - luxurious, soft, and versatile. experience sheer elegance in every wear. elevate your style for any occasion. get yours now and embrace ultimate sophistication.",advertisement
"radiate opulence, embrace grandeur! a statement of luxury and class. perfect for connoisseurs and indulging in extravagance with a touch of luxury gold watch elegance!",advertisement
create tropical drinks with exotic fruit smoothie mix! experience the tropical flavors and refreshment of fruity blends. perfect for smoothie enthusiasts and adding a touch of paradise to your drinks. limited stock - sip the tropics with a touch of exotic!,advertisement
"relive cinematic magic, collect the classics! movie memorabilia for film enthusiasts. perfect for movie buffs and bringing the silver screen to life with a touch of movie memorabilia nostalgia!",advertisement
"dive into worlds, embrace literary treasures! rare books for bibliophiles. perfect for book lovers and delving into timeless tales with a touch of rare book enchantment!",advertisement
elevate your style with classic button-downs! experience timeless sophistication and impeccable style. perfect for making a lasting impression. limited stock - choose your style now!,advertisement
catch the waves with a surfboard! experience surfing adventures and wave riding. perfect for surfers and riding the tide. limited stock - surf with style and a touch of thrill!,advertisement
"discover treasures, embrace vintage charm! antique fair tickets for antique collectors. perfect for those who love vintage collectibles and exploring a world of nostalgia with a touch of antique fair fascination!",advertisement
"embrace your curves and enjoy longer-looking legs with these stylish full-length wardrobe essentials. discover high-waist jeans, perfect for flattering your figure! shop now for a confident stride.",advertisement
"glide, work, and protect! enjoy floor protection and chair mobility. perfect for offices and extending the life of your floor with a touch of office chair mat practicality!",advertisement
"own a piece of the screen, relive movie magic! movie props for film enthusiasts. perfect for movie buffs and bringing the magic of cinema to your collection with a touch of movie prop nostalgia!",advertisement
"discover the perfect blend of style durability! get our bomber jacket - a classic military-inspired masterpiece, boasting a ribbed collar cuffs for that extra edge. upgrade your wardrobe now!",advertisement
play to the rhythm of your heart! enjoy soulful melodies and musical expression. perfect for musicians and creating beautiful acoustic melodies with a touch of guitar magic!,advertisement
"sleep, dream, and grow! enjoy peaceful nights for your baby. perfect for parents and ensuring restful sleep with a touch of baby crib comfort!",advertisement
"blend, create, and enjoy nutrition-packed drinks! experience blender innovation. perfect for health enthusiasts and maximizing the benefits of your beverages with a touch of vacuum blender ingenuity!",advertisement
"grip it, twist it, and get it done! enjoy versatile gripping and control. perfect for diy projects and handling various tasks with a touch of pliers versatility!",advertisement
"adventure-proof, gear stays dry! enjoy waterproof protection and reliability. perfect for explorers and facing the elements head-on. limited stock - explore in style with a touch of weatherproof assurance!",advertisement
illuminate with a wall sconce! experience ambient lighting and decorative charm. perfect for setting the mood and enhancing your space. limited stock - light up your walls with a touch of elegance!,advertisement
indulge in the bliss of artisanal chocolate! experience the artistry and taste of handcrafted chocolates. perfect for chocolate lovers and sweetening your moments. limited stock - indulge your cravings with a touch of craftsmanship!,advertisement
"slide and serenade, music from the heart! enjoy soulful melodies and musical expression. perfect for guitarists and adding a touch of lap steel charm to your music with the smooth lap steel guitar!",advertisement
"elevate your style, step into summer elegance! wedge sandals for fashion-forward individuals. perfect for those who love a stylish lift with a touch of wedge sandal charm!",advertisement
"discover the chic one-shoulder top that elevates your style effortlessly. accentuate your allure with this asymmetrical marvel, showcasing both elegance and sophistication. shop now and turn heads!",advertisement
"adorn yourself, sparkle with elegance! vintage jewelry for jewelry collectors. perfect for jewelry enthusiasts and embracing timeless beauty with a touch of vintage jewelry allure!",advertisement
"discover timeless riding boots elegant knee-high protection for equestrians, yet versatile enough for everyday fashion. get ready to saddle up in style! shop now.",advertisement
"sleep bug-free, nature without the itch! enjoy protection and restful nights. perfect for campers and undisturbed outdoor slumber. limited stock - sleep in style with a touch of outdoor tranquility!",advertisement
experience zen in kyoto! dive into serenity and cultural traditions. perfect for mindful travelers and embracing the essence of japan. limited availability - meditate in tranquility with a touch of japanese harmony!,advertisement
warmth and wellness for your snake! enjoy controlled heating and safety. perfect for snake enthusiasts and keeping your reptilian buddy cozy. limited stock - slither in warmth with a touch of snake serenity!,advertisement
"play music without touch, ethereal melodies! enjoy otherworldly sounds and musical innovation. perfect for thereminists and creating music from another dimension with a touch of theremin uniqueness!",advertisement
dive into virtual worlds with virtual reality headset! experience immersive gaming and exploration. perfect for gamers and tech enthusiasts. limited stock - step into the virtual dimension!,advertisement
"hum, laugh, and make music! enjoy playful tunes and musical merriment. perfect for kazoo enthusiasts and adding a touch of joy to your music with the delightful kazoo!",advertisement
turn heads and make unforgettable memories at your next event. discover unparalleled sparkle glamour with our new sequined dress! shop now for the ultimate show-stopping look!,advertisement
"blossom in style with our floral dress! embrace the beauty of sunny days in this floral-printed dress, perfect for outdoor events and special occasions. get ready to turn heads! limited stock - shop now!",advertisement
"hydrate and hike, thirst never wins! enjoy easy sipping and staying refreshed. perfect for hikers and conquering the great outdoors. limited stock - hike in style with a touch of hydration convenience!",advertisement
customize your walls with wall decals! experience artistic and customizable wall decor. perfect for expressing your creativity and personalizing your space. limited stock - adorn your walls with a touch of self-expression!,advertisement
stay warm and stylish with women s winter coats! experience winter in fashion with these trendy coats. perfect for chilly adventures. limited stock - bundle up in style!,advertisement
"dive into the pages, embrace the heroes! rare comic books for collectors. perfect for comic enthusiasts and embarking on epic adventures with a touch of rare comic book excitement!",advertisement
scale heights with a climbing harness! experience adventure and climbing excitement. perfect for climbers and reaching new peaks. limited stock - climb with confidence and a touch of thrill!,advertisement
discover timeless verses with a poetry anthology! experience a collection of emotions and captivating poetry. perfect for poetry lovers and immersing yourself in the power of words. limited stock - find your muse with a touch of poetry!,advertisement
"see, work, and excel! enjoy crisp visuals and multitasking prowess. perfect for professionals and elevating your digital experience with a touch of computer monitor brilliance!",advertisement
discover the cozy slouchy beanie - your ultimate cold-weather accessory! stay effortlessly stylish and warm in our oversized knit hat for a laid-back yet fashionable look. get yours now!,advertisement
stay stylish and connected with our cardigan sets for couples! experience matching comfort and fashion for him and her. perfect for cozy moments together. limited stock - get your matching pair now!,advertisement
"light up the night, eco-friendly glow! enjoy sustainability and visibility. perfect for eco-conscious campers and eco-friendly outdoor adventures. limited stock - light up in style with a touch of solar-powered brilliance!",advertisement
light up your underwater world! enjoy energy-efficient technology and vibrant marine hues. perfect for fish tank owners and creating a stunning aquatic display. limited stock - dive into radiance with a touch of aquatic allure!,advertisement
organize your workspace with a desk organizer! experience clutter-free and productive workdays. perfect for staying organized and focused. limited stock - optimize your workspace with a touch of efficiency!,advertisement
"cut with precision, designs come to life! enjoy versatility and detailed crafting. perfect for crafters and unleashing your creativity with a touch of cutting machine magic!",advertisement
"sit back and unwind, nature s your lounge! enjoy relaxation and convenience. perfect for campfire gatherings and cozy evenings. limited stock - relax in style with a touch of outdoor comfort!",advertisement
"stay warm, look chic! don t let the cold cramp your fashion game - shop now and stand out from the crowd. our mock-neck sweater is the perfect blend of cozy comfort and on-trend style.",advertisement
cook up fun with a play kitchen set! experience imaginative cooking and endless playtime. perfect for young chefs and exploring culinary creativity. limited stock - whip up fun with a touch of imagination!,advertisement
"discover your new favorite style! our fit flare dress accentuates the waist and gracefully flares at the hips, creating an elegant, feminine silhouette. shop now for a timeless look!",advertisement
add a touch of sophistication with pearl earrings! experience classic beauty and timeless elegance. perfect for special occasions and enhancing your charm. limited stock - shine with a touch of grace!,advertisement
soothe your senses with premium tea selection! experience the tranquility and flavor of fine teas. perfect for tea enthusiasts and unwinding with a touch of elegance. limited stock - steep in luxury with a touch of serenity!,advertisement
"play and pounce, curious kitty! enjoy interactive fun and intelligence. perfect for cat lovers and keeping your feline friend engaged. limited stock - play in style with a touch of kitty curiosity!",advertisement
make a statement with our boys graphic tee! express yourself with cool graphics and unique designs. perfect for boys who love to stand out. limited stock - choose your favorite design now!,advertisement
"stick with confidence, crafts hold strong! enjoy reliability and neat gluing. perfect for crafters and bringing your creations together with a touch of adhesive assurance!",advertisement
protect your home with smart home security! experience peace of mind with advanced security features and monitoring. perfect for safeguarding your loved ones and property. limited stock - secure your home!,advertisement
achieve salon-quality hair with the hair dryer! experience powerful and quick drying. perfect for everyday styling and stunning locks. limited stock - dry and style your hair with confidence!,advertisement
"savor exquisite flavors, indulge your palate! food and wine festival tickets for foodies. perfect for culinary enthusiasts and exploring a world of taste with a touch of food and wine festival delight!",advertisement
enjoy music without limits with wireless earbuds! experience the freedom of wireless audio and crystal-clear calls. perfect for active lifestyles and immersive sound. limited stock - elevate your sound experience!,advertisement
elevate your practice with yoga blocks! experience enhanced yoga and flexibility. perfect for yogis and deepening your practice. limited stock - elevate your practice with a touch of flexibility!,advertisement
see the world in detail with high-resolution monitor! experience crystal-clear visuals and multitasking prowess. perfect for designers and professionals. limited stock - see the big picture in style!,advertisement
"witness cutting-edge tech, embrace innovation! tech product showcase tickets for tech enthusiasts. perfect for tech lovers and exploring the latest gadgets with a touch of tech product showcase excitement!",advertisement
"stay warm, look chic! our mock-neck sweater is the perfect blend of cozy comfort and on-trend style. don t let the cold cramp your fashion game - shop now and stand out from the crowd.",advertisement
"be captivated by grace, witness ballet magic! ballet performance tickets for ballet enthusiasts. perfect for those who love the art of dance and experiencing captivating performances with a touch of ballet performance wonder!",advertisement
stay warm and relaxed with cozy sweaters! experience the comfort and style of these knit wonders. perfect for cozy days at home and outings. limited stock - wrap yourself in coziness!,advertisement
"reflect with elegance, enhance your decor! antique mirrors for interior design enthusiasts. perfect for decorators and elevating your space with a touch of antique mirror charm!",advertisement
"vinyl and personalize, your creativity shines! enjoy versatility and customization. perfect for crafters and adding a touch of vinyl artistry to your creations!",advertisement
unleash your inner wild side with our leopard-print blouse! this chic animal print adds sophistication to any outfit. a must-have addition to your wardrobe. shop now and make a statement!,advertisement
work out anywhere with resistance bands! experience effective workouts and toning your body. perfect for on-the-go fitness enthusiasts and staying active. limited stock - stay fit anywhere with a touch of flexibility!,advertisement
decorate with an enamel pin set! experience creative freedom and self-expression. perfect for customizing your belongings and adding personality. limited stock - pin your style with a touch of uniqueness!,advertisement
cycle safely with a bike helmet! experience adventure and protection. perfect for biking enthusiasts and exploring new trails. limited stock - ride with confidence and a touch of safety!,advertisement
decorate your walls with wall decals! experience easy and artistic wall decoration.,advertisement
"adorn yourself, shine with vintage elegance! antique jewelry for jewelry connoisseurs. perfect for jewelry lovers and embracing timeless beauty with a touch of antique jewelry allure!",advertisement
create mouthwatering meals with the slow cooker! experience convenience and deliciousness with slow-cooked dishes. perfect for busy days and savory flavors. limited stock - savor the art of slow cooking!,advertisement
"immerse yourself in jazz, feel the soulful vibes! jazz concert tickets for jazz enthusiasts. perfect for those who appreciate the magic of live music and grooving to soulful tunes with a touch of jazz concert elegance!",advertisement
"elevate your runs, achieve peak performance! running shoes for athletes. perfect for runners and conquering the track with a touch of running shoe excellence!",advertisement
"protect and impress, travel with flair! enjoy padded security and elegance. perfect for travelers and making a statement on the move. limited stock - travel in style with a touch of laptop chic!",advertisement
dance to your heart s content with our tutu skirt for girls! experience the delight of twirling and spinning in this beautiful tutu. perfect for budding dancers and dreamers. limited stock - twirl away!,advertisement
treat yourself to a facial massage with facial roller! experience soothing and spa-like relaxation. perfect for self-care and radiant skin. limited stock - roll away stress and embrace radiant beauty!,advertisement
"write with ink that flows, elegance on paper! enjoy rich colors and precise writing. perfect for calligraphers and turning words into beautiful works of art with a touch of ink sophistication!",advertisement
embark on a patagonian adventure! immerse yourself in unspoiled nature and epic treks. perfect for outdoor enthusiasts and conquering the wild. limited availability - explore the rugged beauty with a touch of patagonian majesty!,advertisement
shop now for a statement piece that turns heads! stay cozy in a bold oversized collar that elevates your winter wardrobe. discover our ruffleneck sweater - a perfect blend of style and warmth!,advertisement
"introducing our timeless trench coat! upgrade your wardrobe with this double-breasted, knee-length staple, featuring a belted waist for a flattering silhouette. chic, versatile, essential. get yours now!",advertisement
"watch, enjoy, and connect with nature! enjoy feathered friends in your garden. perfect for nature enthusiasts and bringing the beauty of birds to your garden with a touch of bird feeder magic!",advertisement
"step back in time, relive history! historical reenactment tickets for history buffs. perfect for those who love history and experiencing the past come to life with a touch of historical reenactment nostalgia!",advertisement
"type in silence, type in style! enjoy wireless freedom and elegance. perfect for writers and achieving a peaceful workspace. limited stock - type in style with a touch of keyboard sophistication!",advertisement
"work safe, see clear! enjoy eye protection and visibility. perfect for diy enthusiasts and ensuring safety with a touch of safety goggle confidence!",advertisement
find tranquility with herbal infusion blends! experience the soothing and aromatic qualities of herbal tea. perfect for tea enthusiasts and unwinding with a touch of nature. limited stock - sip serenity with a touch of wellness!,advertisement
lock in your makeup with makeup setting spray! experience long-lasting and flawless beauty. perfect for makeup that stays put all day. limited stock - set your makeup for lasting perfection!,advertisement
elevate your living room with a stylish sofa set! experience comfort and elegance. perfect for cozy gatherings and timeless style. limited stock - transform your living room into a haven of luxury!,advertisement
elevate your style with our boys polo shirt! experience classic style and unbeatable comfort in these versatile polo shirts. perfect for a polished look. limited stock - choose your favorite color!,advertisement
add enchanting sparkle with a crystal bracelet! experience charm and dazzling beauty. perfect for enhancing your wrist and radiating elegance. limited stock - sparkle with a touch of enchantment!,advertisement
get comfy with a pouf! experience versatile seating or casual decor. perfect for creating cozy corners and relaxed vibes. limited stock - pouf up your space with a touch of comfort!,advertisement
journey in style with your pet! enjoy durability and ventilation. perfect for pet adventurers and taking your companion on the go. limited stock - travel in comfort with a touch of pet-friendly luxury!,advertisement
"discover elegance with a twist in our stunning high-low dresses! showcase your unique style with a hemline that rises at the front and falls at the back, making every step a showstopper. shop now!",advertisement
"write with grace, letters dance on paper! enjoy fine strokes and artistic writing. perfect for calligraphers and turning words into beautiful works of art with a touch of calligraphic elegance!",advertisement
"support noble causes, make a difference! charity auction tickets for philanthropists. perfect for those who believe in giving back and making the world a better place with a touch of charity auction generosity!",advertisement
"enhance marketing skills, master digital marketing! digital marketing workshop tickets for marketing enthusiasts. perfect for marketers and staying ahead in the digital marketing game with a touch of digital marketing workshop expertise!",advertisement
unleash your inner rebel with our leather jackets! rock the classic zip-up front and stylish design for a look that stands out. perfect for making a bold statement. limited stock - get yours now!,advertisement
"dine al fresco, nature s your dining room! enjoy convenience and style. perfect for picnickers and creating memorable outdoor feasts. limited stock - picnic in style with a touch of outdoor elegance!",advertisement
"saw it, shape it, and stand out! enjoy accurate cutting and craftsmanship. perfect for diy enthusiasts and achieving clean cuts with a touch of circular saw precision!",advertisement
"look your best, connect with clarity! enjoy hd video and crisp audio. perfect for remote workers and making a great impression in meetings. limited stock - confer in style with a touch of webcam professionalism!",advertisement
find decorating inspiration with a home decor magazine! experience stylish interiors and home transformation. perfect for interior design enthusiasts and elevating your living spaces. limited stock - decorate with a touch of style!,advertisement
"elevate your style to dazzling heights with our embellished pumps! step into glamour today! adorned with exquisite crystals beads, these high-heels are the epitome of elegance.",advertisement
keep your car cool with the windshield sunshade! experience heat and uv ray protection. perfect for sunny days and a comfortable interior. limited stock - block out the heat and enjoy cool rides!,advertisement
"run wild, trail by trail, stride with confidence! enjoy traction and agility. perfect for runners and embracing the great outdoors. limited stock - run in style with a touch of trailblazing prowess!",advertisement
embrace boho vibes with feather earrings! experience free-spirited beauty and unique style. perfect for festival days and expressing your inner wanderer. limited stock - fly high with a touch of bohemian flair!,advertisement
showcase indoor plants with a plant stand! experience plant display and a touch of nature indoors. perfect for green thumbs and adding life to your space. limited stock - create a green oasis at home!,advertisement
"crunch data, unlock insights! data science hackathon tickets for data enthusiasts. perfect for data lovers and diving into the world of data science with a touch of data science hackathon empowerment!",advertisement
cook it all with the multi-cooker! experience one-pot wonders and culinary versatility. perfect for busy kitchens and creative cooking. limited stock - cook up a storm with convenience!,advertisement
decorate and organize with a wall shelf! experience display and functionality. perfect for showcasing your treasures and optimizing space. limited stock - elevate your decor with a touch of creativity!,advertisement
elevate your home bar with a bar stool set! experience stylish seating and entertainment. perfect for hosting gatherings and enjoying drinks in comfort. limited stock - sip and relax in style!,advertisement
"screw it, fix it, and do it all! enjoy versatility and all-in-one convenience. perfect for handymen and having the right screwdriver for every job with a touch of screwdriver set completeness!",advertisement
"elevate your look, step into sophistication! dress boots for formal events. perfect for those who appreciate refined style with a touch of dress boot elegance!",advertisement
elevate your style with classic turtlenecks! experience timeless comfort and fashion in these must-have turtlenecks. perfect for a classic and cozy look. limited stock - wrap yourself in style!,advertisement
stay warm and stylish with warm winter scarves! experience winter in fashion with these cozy scarves. perfect for chilly days and adding a touch of warmth. limited stock - bundle up in style!,advertisement
"witness exceptional talent, dance to the rhythm! dance competition tickets for dance enthusiasts. perfect for those who love dance as a form of expression and celebrating the art of dance with a touch of dance competition excitement!",advertisement
"perfect for any occasion, create unforgettable memories with this chic piece. introducing our fabulous fringe skirt! step out in style with eye-catching fringe detailing that adds flair and movement.",advertisement
"explore, play, and let creativity flow! enjoy musical experimentation and versatility. perfect for keyboardists and unlocking endless musical possibilities with a touch of keyboard finesse!",advertisement
race to excitement with a remote control car! experience thrilling races and jaw-dropping stunts. perfect for remote control enthusiasts and unleashing your inner racer. limited stock - rev up the fun with a touch of adrenaline!,advertisement
skate safely with a skateboard helmet! experience safe skateboarding and outdoor fun. perfect for skateboarders and protecting your noggin. limited stock - skate with confidence and a touch of safety!,advertisement
"shake, play, and create memories! enjoy playful moments with your baby. perfect for parents and stimulating your baby s senses with a touch of baby rattle joy!",advertisement
"print, scan, and excel! enjoy high-quality prints and document efficiency. perfect for offices and achieving top-notch printing with a touch of printer excellence!",advertisement
discover chic comfort with our stylish culottes - combining the elegance of skirts the ease of shorts. wide-legged cropped for a fashion-forward look. shop now redefine your wardrobe!,advertisement
reveal radiant skin with body scrub! experience smooth and glowing skin. perfect for pampering and an all-over glow. limited stock - exfoliate for silky skin from head to toe!,advertisement
"dominate your game, level up! enjoy ergonomic design and control. perfect for gamers and unlocking your gaming potential. limited stock - game in style with a touch of gaming mastery!",advertisement
shop now for a versatile chic knee-length steal. discover the perfect blend of style comfort with our shift dress - the ultimate wardrobe staple that flatters every shape! say hello to effortless elegance.,advertisement
"hydrate, conserve, and thrive! enjoy hands-free garden watering. perfect for gardeners and ensuring your plants stay lush with a touch of garden irrigation system convenience!",advertisement
"shop now embrace the best of both worlds! perfectly wide flowing, these relaxed-fit wonders effortlessly elevate your wardrobe. discover unparalleled comfort style with our palazzo pants!",advertisement
"discover elegance with our stunning tiered skirt! elevate your look today - shop now! designed with multiple layers of luxe fabric, this voluminous piece adds flair style to any wardrobe.",advertisement
"witness innovation in action, support startups! tech startup pitch tickets for startup enthusiasts. perfect for those who love supporting innovation and being part of the startup ecosystem with a touch of tech startup pitch excitement!",advertisement
find paradise in bora bora! dive into luxury and embrace the natural beauty. perfect for honeymooners and living the dream in an overwater bungalow. limited availability - experience tranquility with a touch of tropical magic!,advertisement
discover unparalleled sparkle glamour with our new sequined dress! turn heads and make unforgettable memories at your next event. shop now for the ultimate show-stopping look!,advertisement
"unleash your creativity, express with art! art and creativity workshop tickets for creative minds. perfect for artists and exploring the world of artistic expression with a touch of art and creativity workshop inspiration!",advertisement
nourish your lips with lip balm! experience soft and kissable lips. perfect for all seasons and irresistible pouts. limited stock - keep your lips luscious and ready for a smooch!,advertisement
reflect elegance with a wall mirror! experience added depth and style. perfect for enhancing any room and making a statement. limited stock - adorn your space with a touch of reflection!,advertisement
achieve flawless makeup with makeup brushes! experience high-quality and precise application. perfect for makeup perfectionists and professional results. limited stock - brush up your makeup game!,advertisement
elevate your accessories with men s wallets! experience the perfect blend of functionality and style. perfect for keeping your essentials in style. limited stock - upgrade your wallet game!,advertisement
dive into the eternal beauty of rome! immerse yourself in centuries of history and culinary delights. perfect for history buffs and indulging in la dolce vita. limited availability - explore the capital with a touch of italian grandeur!,advertisement
dive into thrilling adventures with a mystery novel! experience suspenseful storytelling and intriguing mysteries. perfect for mystery enthusiasts and solving the ultimate whodunit. limited stock - uncover secrets with a touch of suspense!,advertisement
"rake, clean, and beautify! enjoy a tidy and beautiful garden. perfect for gardeners and keeping your outdoor space in top shape with a touch of garden rake efficiency!",advertisement
add convenience and style with a side table! experience functionality and accentuate your decor. perfect for keeping essentials within reach and enhancing your space. limited stock - accessorize with a touch of practicality!,advertisement
"stitch with elegance, fabric adorned with art! enjoy delicate details and embroidery. perfect for embroiderers and transforming plain fabrics into works of art with a touch of embroidery finesse!",advertisement
cuddle up with a teddy bear! experience companionship and huggable comfort. perfect for all ages and finding your cuddly friend. limited stock - snuggle up with a touch of warmth!,advertisement
level up your gaming with the wireless gaming mouse! experience precision and speed for gaming domination. perfect for gamers who demand accuracy. limited stock - conquer your gaming challenges with ease!,advertisement
find your perfect fit today. mesmerizing style awaits,advertisement
"tailored for perfection, this form-fitting silhouette accentuates your curves with its flawlessly gathered fabric. be the ultimate enchantress! reveal your captivating charm in our ruched-top dress!",advertisement
"climb, grow, and beautify! enjoy vertical gardening and lush climbing plants. perfect for gardeners and adding dimension to your garden with a touch of garden trellis elegance!",advertisement
"measure, cook, and achieve culinary precision! perfect your recipes with exact measurements. perfect for home chefs and elevating your cooking with a touch of food scale accuracy!",advertisement
"get ready to laugh out loud, enjoy comedic brilliance! stand-up comedy show tickets for comedy enthusiasts. perfect for those who love humor and experiencing comedic talent with a touch of stand-up comedy hilarity!",advertisement
"train with love, not force! enjoy remote control and training modes. perfect for dog trainers and building a strong bond with your furry companion. limited stock - train with care with a touch of canine camaraderie!",advertisement
add a touch of nature with a floral headband! experience blooming beauty and natural charm. perfect for garden parties and embracing the floral vibes. limited stock - bloom with a touch of freshness!,advertisement
"upgrade your wardrobe with our tulle extravaganza skirt ! twirl into a dream of fluffy layers, crafted for fashionable ballerina vibes . get ready to be the center of attention and order now! tulleskirt",advertisement
discover elegance in our luxurious jacquard skirt! adorned with a lavish raised woven design for an intricate lavish style. shop now elevate your wardrobe instantly!,advertisement
"hike anywhere, keep your feet happy! enjoy waterproof protection and comfort. perfect for hikers and facing diverse outdoor landscapes. limited stock - hike in style with a touch of waterproof confidence!",advertisement
"hands-free, enjoy the show! enjoy stability and convenience. perfect for multitaskers and keeping your phone at your fingertips. limited stock - stand in style with a touch of phone practicality!",advertisement
stay warm and stylish with men s winter coats! experience winter in fashion with these trendy coats. perfect for chilly adventures. limited stock - bundle up in style!,advertisement
"shop now to upgrade your wardrobe with timeless style. fitted design meets a flared waist ruffle, perfect for adding dimension interest to your outfit. discover elegance with our peplum blouse!",advertisement
dine in style with a dining table set! experience memorable meals and timeless design. perfect for family gatherings and creating cherished moments. limited stock - gather around for unforgettable dining!,advertisement
discover the magic of santorini! immerse yourself in breathtaking landscapes and vibrant culture. perfect for wanderlust souls and creating memories that last a lifetime. limited availability - experience paradise with a touch of greek charm!,advertisement
"chew for health, wag for life! enjoy dental care and tasty treats. perfect for dog lovers and ensuring your pup s smile shines. limited stock - chew in style with a touch of canine wellness!",advertisement
our faux fur vest is the perfect sleeveless addition for style warmth. make a statement in any outfit - get yours now! staystylishandwarm upgrade your wardrobe with a touch of luxury!,advertisement
"pop, snack, and enjoy movie nights to the fullest! create popcorn perfection. perfect for movie enthusiasts and adding a touch of popcorn maker delight to your entertainment!",advertisement
stay warm and relaxed with cozy knit sweaters! experience the comfort and style of these knit wonders. perfect for cozy days at home and outings. limited stock - wrap yourself in coziness!,advertisement
run in style with running gear! experience comfortable runs and fashion-forward workouts. perfect for runners and hitting the track in style. limited stock - run in style with a touch of confidence!,advertisement
clear snow and ice with ease using the car snow brush! experience easy snow removal and clear visibility. perfect for winter driving and snowy conditions. limited stock - clear your car in minutes!,advertisement
"step into style with our versatile ankle boots! perfect with jeans, skirts, or dresses. elevate your look walk confidently. shop now website link ankleboots fashionstatement",advertisement
"elevate your wardrobe - shop now! discover timeless style unbeatable comfort with our henley shirts! limited stock. casual meets chic in these collarless, button-up wonders.",advertisement
upgrade your car interior with car seat covers! experience protection and a personalized look. perfect for enhancing your car s style and preserving your seats. limited stock - give your car a makeover!,advertisement
introducing our geometric-print maxi skirt a unique fusion of modern art style! be the trendsetter with our floor-length skirt featuring bold angular patterns. shop now flaunt your artistic side!,advertisement
indulge in luxury with body wash! experience a refreshing and pampering shower. perfect for self-care and silky skin. limited stock - shower in luxury and embrace freshness!,advertisement
"travel through time, explore the world s beauty! vintage postcards for collectors. perfect for postcard enthusiasts and capturing the charm of bygone eras with a touch of vintage postcard wanderlust!",advertisement
drive with confidence using the car sun visor extender! experience glare reduction and improved visibility. perfect for sunny days and safer driving. limited stock - reduce glare and drive safely!,advertisement
inflate your tires with ease using the tire inflator! experience quick and convenient tire maintenance. perfect for emergencies and ensuring a smooth ride. limited stock - keep your tires inflated and rolling!,advertisement
say goodbye to mess and odors! enjoy hassle-free cleaning and hygiene. perfect for cat owners and ensuring a tidy and fresh home. limited stock - purrfection with a touch of feline elegance!,advertisement
stay powered up anywhere with the portable power bank! experience the freedom of extended battery life. perfect for travelers and busy days. limited stock - keep your devices charged and ready!,advertisement
"explore science and tech, ignite curiosity! science and technology camp tickets for young scientists. perfect for young minds eager to discover the world of stem with a touch of science and technology camp adventure!",advertisement
"cook healthier meals with the air fryer! experience crispy and guilt-free cooking. perfect for health-conscious individuals and delicious meals. limited stock - fry, bake, and grill with less oil!",advertisement
"shop now! limited stock! discover elegance with a twist! our tassel earrings, the perfect blend of fashionable threads beads, elevate your style! don t miss them!",advertisement
elevate your drinks with a bar cart! experience convenience and sophistication. perfect for hosting parties and displaying your spirits in style. limited stock - serve and impress with a touch of class!,advertisement
dive into summer with men s swim trunks! experience stylish comfort for aquatic adventures. perfect for pool days and beach fun. limited stock - make a splash today!,advertisement
be prepared for anything with the car emergency kit! experience readiness in unexpected situations. perfect for peace of mind and safe travels. limited stock - stay prepared for the road ahead!,advertisement
exfoliate for a fresh look with face scrub! experience a clear and radiant complexion. perfect for gentle exfoliation and smooth skin. limited stock - scrub your way to a fresh face!,advertisement
"join the digital revolution, shape the future! digital transformation forum tickets for business leaders. perfect for those leading digital transformation efforts with a touch of digital transformation forum innovation!",advertisement
"beat the bongos, rhythm in your hands! enjoy lively beats and musical energy. perfect for percussionists and bringing life to your music with a touch of bongo vibrancy!",advertisement
dive into summer with our boys swim trunks! experience stylish comfort for aquatic adventures. perfect for pool days and beach fun. limited stock - make a splash today!,advertisement
"discover elegance redefined with our timeless boatneck blouse - the perfect blend of a classic wide neckline feminine charm, crafted for your ultimate style statement! shop now!",advertisement
"prune, shape, and flourish! enjoy well-groomed plants and gardens. perfect for gardeners and achieving tidy pruning with a touch of pruning shears finesse!",advertisement
"cook, fluff, and enjoy! serve up fluffy and tasty rice with ease. perfect for rice lovers and elevating your meals with perfectly cooked rice every time with a touch of rice cooker perfection!",advertisement
enjoy all-day comfort with comfortable slacks! experience the perfect blend of style and ease. perfect for relaxed days and outings. limited stock - get ready for comfort and style!,advertisement
experience the enchantment of venice! get lost in narrow alleys and savor italian flavors. perfect for explorers and embracing the romance of the canals. limited availability - navigate the waterways with a touch of venetian allure!,advertisement
"clarify the notes, music s purest expression! enjoy clear melodies and musical elegance. perfect for clarinetists and adding clarity to your music with a touch of clarinet purity!",advertisement
"churn, freeze, and indulge in ice cream bliss! craft your own delectable flavors. perfect for dessert enthusiasts and creating ice cream masterpieces with a touch of ice cream maker creativity!",advertisement
remove eye makeup gently with eye makeup remover! experience gentle and effective makeup removal. perfect for sensitive eyes and a clean slate. limited stock - cleanse your eyes with care!,advertisement
"grill, sizzle, and enjoy bbq flavors anytime! savor grilled delights indoors. perfect for bbq lovers and relishing the taste of summer with a touch of electric grill convenience!",advertisement
shop now. introducing our trendy racerback tank! get ready for comfort and compliments! it s a stylish and sporty sleeveless top featuring a unique t-shaped strap design across the upper back.,advertisement
utilize corners efficiently with a corner shelf! experience optimized space and practicality. perfect for making the most of unused corners and enhancing your decor. limited stock - transform your corners with a touch of functionality!,advertisement
"brave the cold, stay cozy and warm! winter boots for winter explorers. perfect for snowy days and keeping your feet snug with a touch of winter boot comfort!",advertisement
"watch, listen, and reassure! enjoy peace of mind with real-time baby monitoring. perfect for parents and staying connected with your baby from anywhere with a touch of baby monitor technology!",advertisement
stay inspired with a motivational magazine! experience daily inspiration and uplifting stories. perfect for those seeking positivity and achieving their goals. limited stock - thrive with a touch of inspiration!,advertisement
"organize and craft, everything in its place! enjoy neatness and convenience. perfect for crafters and keeping your crafting essentials in order with a touch of organizational mastery!",advertisement
"spin and squeak, little one! enjoy safety and endless running. perfect for hamster lovers and providing an exercise playground for your tiny buddy. limited stock - run in style with a touch of hamster happiness!",advertisement
explore tropical treasures with exotic fruit collection! experience unique and exotic fruits from around the world. perfect for fruit adventurers and broadening your palate. limited stock - savor the exotic with a touch of adventure!,advertisement
"explore the world s history, chart your adventures! antique maps for explorers. perfect for cartography enthusiasts and navigating the past with a touch of antique map fascination!",advertisement
"heat, feed, and delight your baby! enjoy quick and safe bottle warming. perfect for parents and ensuring the perfect temperature for your baby s milk with a touch of baby bottle warmer convenience!",advertisement
stay dry and cute on rainy days with our girls raincoat! experience adorable designs and practical rain protection. perfect for puddle jumping and rainy-day adventures. limited stock - stay dry in style!,advertisement
type with ease using the wireless keyboard! experience comfort and efficiency for work and tasks. perfect for professionals and writers. limited stock - type faster and better!,advertisement
elevate your style with classic t-shirts! experience timeless comfort and fashion in these must-have tees. perfect for a casual and stylish look. limited stock - choose your favorite color today!,advertisement
sparkle with crystal earrings! experience glamour and dazzling beauty. perfect for dressing up any attire and radiating elegance. limited stock - shine bright with a touch of sparkle!,advertisement
tackle messes with ease using the handheld vacuum! experience quick and convenient spot cleaning. perfect for spills and maintaining a tidy home. limited stock - clean up messes in seconds!,advertisement
"grill and chill, sizzle and savor! enjoy flavorful meals and culinary adventures. perfect for foodies and taking your cooking skills outdoors. limited stock - grill in style with a touch of outdoor flavor!",advertisement
"support noble causes, make a difference! charity gala tickets for philanthropists. perfect for those who believe in giving back and making the world a better place with a touch of charity gala generosity!",advertisement
relax in style with a lounge chair! experience ultimate relaxation and modern design. perfect for unwinding and adding a touch of sophistication. limited stock - lounge in luxury and comfort!,advertisement
"haul, organize, and thrive! enjoy effortless garden supply transportation. perfect for gardeners and making your gardening tasks more convenient with a touch of garden cart practicality!",advertisement
embrace gothic elegance with a velvet choker! experience dark beauty and unique style. perfect for creating a mysterious look and expressing your individuality. limited stock - wear it with a touch of allure!,advertisement
"elevate leadership skills, lead with confidence! leadership training program tickets for future leaders. perfect for those aspiring to lead with impact and influence with a touch of leadership training program excellence!",advertisement
"don t miss out! sweatshirtlove stay cozy and stylish with our soft, graphic sweatshirts! perfect for laid-back days or making a bold statement. shop now for your new wearable art top!",advertisement
"experience style in full bloom now. introducing our floral-print dress delicate feminine, this beautifully crafted piece is perfect for any occasion. fashion floraldress",advertisement
upgrade your wardrobe with our chic jumpsuit the perfect blend of style and comfort. our one-piece top pants combo creates a sleek silhouette that s a must-have. shop now - be effortlessly stylish!,advertisement
"stay trendy, slip into everyday style! slip-on sneakers for those who love hassle-free fashion. perfect for those on the go and enjoying comfort with a touch of slip-on sneaker flair!",advertisement
"paint with depth, textures come alive! enjoy lush colors and expressive artistry. perfect for oil painters and creating captivating artworks with a touch of oil magic!",advertisement
elevate your style with elegant blouses! experience sophistication and charm in these beautiful blouses. perfect for special occasions and classic beauty. limited stock - add elegance to your wardrobe!,advertisement
discover the magic of yellowstone! immerse yourself in natural wonders and wildlife encounters. perfect for nature lovers and exploring the beauty of america s first national park. limited availability - experience the wild with a touch of american splendor!,advertisement
stay cool and comfortable with the air conditioner! experience energy-efficient cooling for a refreshing indoor climate. perfect for hot summer days and a cozy home. limited stock - beat the heat with style!,advertisement
mesmerize with eyeshadow palette! experience endless eye looks. perfect for makeup artists and everyday eye magic. limited stock - paint your eyes with captivating shades!,advertisement
"sip tea in elegance, savor tea traditions! antique teapots for tea enthusiasts. perfect for tea lovers and elevating your tea time with a touch of antique teapot sophistication!",advertisement
"mulch, conserve, and enrich! enjoy healthier soil and weed-free gardening. perfect for gardeners and enhancing your garden s vitality with a touch of garden mulch nourishment!",advertisement
stay warm and stylish with cozy winter hats! experience winter in fashion with these trendy hats. perfect for chilly adventures. limited stock - bundle up in style!,advertisement
"explore the power of data, unlock insights! data analytics seminar tickets for data enthusiasts. perfect for data lovers and diving into the world of analytics with a touch of data analytics seminar discovery!",advertisement
"carry, bond, and create memories! enjoy closeness and convenience with your baby. perfect for parents and keeping your little one snug with a touch of baby carrier love!",advertisement
"blend, nourish, and savor flavors! enjoy healthy meals for your baby. perfect for parents and providing homemade goodness with a touch of baby food blender expertise!",advertisement
"upgrade your wardrobe with our stylish longline cardigan! knee-length, versatile perfect for layering, it brings extra warmth to any outfit. don t let the cold cramp your style - shop now!",advertisement
"embrace retro chic, step into classic elegance! mary jane shoes for those who love vintage fashion. perfect for vintage enthusiasts and adding a touch of retro charm to your look with a touch of mary jane shoe sophistication!",advertisement
stay ahead in style with our chic crop tops! show off your playful side flaunt a contemporary look. elevate any outfit - get yours today! limited stock. croptoplove fashionforward,advertisement
capture every moment with the dash cam! experience peace of mind and record your journeys. perfect for documenting trips and enhancing safety. limited stock - record your adventures and stay safe on the road!,advertisement
set up table tennis anywhere with a table tennis net! experience impromptu matches and endless fun. perfect for ping pong enthusiasts and quick games. limited stock - serve and volley with a touch of spontaneity!,advertisement
run in comfort with running shoes! experience efficient runs and athletic performance. perfect for runners and conquering the track. limited stock - conquer your miles with a touch of speed!,advertisement
"shine and thrive, little sun-worshiper! enjoy uvb benefits and vitality. perfect for reptile enthusiasts and keeping your scaled companion radiant. limited stock - bask in wellness with a touch of reptilian magic!",advertisement
"fix it all, plumb it all! enjoy plumbing versatility and controlled pipe handling. perfect for plumbing tasks and having the right tool for every pipe with a touch of pipe wrench expertise!",advertisement
savor the gourmet flavors of gourmet sausage sampler! experience the richness and variety of gourmet sausages. perfect for meat lovers and elevating your grill game. limited stock - grill with flair with a touch of gourmet!,advertisement
"align, measure, and excel! enjoy precise leveling and accuracy. perfect for builders and getting your projects on the level with a touch of level expertise!",advertisement
seek adventure in queenstown! immerse yourself in adrenaline-pumping activities and natural wonders. perfect for thrill-seekers and embracing the kiwi spirit. limited availability - chase excitement with a touch of new zealand thrill!,advertisement
"flip through history, explore bygone eras! vintage magazines for magazine collectors. perfect for collectors and diving into the stories of the past with a touch of vintage magazine nostalgia!",advertisement
"squeeze and play, music s unique charm! enjoy distinctive melodies and musical versatility. perfect for accordionists and adding a touch of accordion magic to your music!",advertisement
"compost, nourish, and grow! enjoy sustainable gardening and nutrient-rich compost. perfect for gardeners and making your garden thrive with a touch of garden compost bin sustainability!",advertisement
snuggle up with the electric blanket! experience warmth and comfort on chilly nights. perfect for a good night s sleep and cozy winter evenings. limited stock - stay warm and cozy all night!,advertisement
"relax, rejuvenate, and connect with nature! enjoy tranquil garden water features. perfect for gardeners and creating a peaceful oasis with a touch of garden solar fountain serenity!",advertisement
"showcase, decorate, and beautify! enjoy plant elegance in your space. perfect for plant enthusiasts and adding flair to your plant display with a touch of plant stand charm!",advertisement
"ribbon and adorn, creativity at its peak! enjoy variety and decorative finesse. perfect for crafters and adding a touch of ribbon elegance to your creations!",advertisement
"magnify and craft, every detail in focus! enjoy clarity and detailed crafting. perfect for crafters and achieving precision in your small-scale projects with a touch of magnifying precision!",advertisement
embrace lyrical beauty with a poetry collection! experience emotional expression and captivating verses. perfect for poetry lovers and immersing yourself in the power of words. limited stock - find your muse with a touch of poetry!,advertisement
transform your space with home theater system! experience cinematic audiovisual excellence in your own home. perfect for movie nights and immersive entertainment. limited stock - bring the cinema to your living room!,advertisement
"bake, savor, and enjoy the aroma of freshly baked bread! create bakery-quality bread at home. perfect for bread lovers and filling your home with the scent of freshly baked loaves with a touch of bread maker warmth!",advertisement
roll on charm with perfume roller! experience on-the-go fragrance and allure. perfect for touch-ups and captivating scents. limited stock - roll on your signature charm!,advertisement
"play, learn, and grow together! enjoy interactive playtime with your baby. perfect for parents and stimulating your baby s development with a touch of baby play mat fun!",advertisement
"shred, safeguard, and peace of mind! enjoy secure document disposal. perfect for privacy-conscious individuals and protecting your data with a touch of paper shredder security!",advertisement
"discover the ultimate edgy-chic look with our leather biker jacket! unleash your inner rebel today. elevate your wardrobe ride with style! fitted cropped, it boasts rockin zippers and studs.",advertisement
"cut it all, cut it right! enjoy versatile cutting and precision. perfect for diy enthusiasts and getting clean cuts with a touch of utility knife mastery!",advertisement
enjoy cinematic experiences with the portable projector! experience big-screen entertainment on the go. perfect for movie nights and presentations. limited stock - turn any space into a theater!,advertisement
"introducing our quilted handbags the luxurious merger of style, comfort, and sophistication. discover the ultimate accessory - crafted with premium fabrics and refined stitching patterns. elevate your ensemble now!",advertisement
protect your car s doors with car door edge guards! experience added protection and peace of mind. perfect for preventing dings and maintaining your car s appearance. limited stock - guard your doors with care!,advertisement
"explore the world of art, appreciate creativity! art gallery opening tickets for art lovers. perfect for those who admire visual art and immersing themselves in the world of creativity with a touch of art gallery opening inspiration!",advertisement
"carry your data, access anytime! enjoy ample storage and convenience. perfect for professionals and staying organized. limited stock - store in style with a touch of usb power!",advertisement
"unleash writing talent, tell captivating stories! creative writing workshop tickets for writers. perfect for wordsmiths and diving into the world of creative writing with a touch of creative writing workshop inspiration!",advertisement
"paint with pastel magic, blend and create! enjoy soft shades and artistic expression. perfect for artists and adding a touch of pastel charm to your artworks!",advertisement
get versatile with an ottoman! experience stylish seating or a comfortable footrest. perfect for adapting to your seating needs and enhancing your decor. limited stock - elevate your versatility with a touch of style!,advertisement
get wet and wild with a water balloon kit! experience outdoor fun and splash-tastic battles. perfect for summer days and cooling off in style. limited stock - make a splash with a touch of excitement!,advertisement
"discover the stunning metallic pleated skirt - chic, accordion-style pleats meet a lustrous metallic finish for a fashion-forward look that dazzles. elevate your wardrobe now!",advertisement
"breathe easy, little one! enjoy clear nasal passages for your baby. perfect for parents and helping your baby breathe comfortably with a touch of baby nasal aspirator care!",advertisement
conquer the great wall of china! immerse yourself in a monumental journey through history. perfect for adventurers and walking the path of emperors. limited availability - embark on an epic trek with a touch of chinese grandeur!,advertisement
keep your car spotless with the car vacuum cleaner! experience clean and tidy interiors with ease. perfect for on-the-go cleaning and maintaining a fresh car. limited stock - vacuum your car with convenience!,advertisement
get versatile with an ottoman! experience comfortable seating and a cozy footrest. perfect for relaxation and creating flexible seating arrangements. limited stock - elevate your comfort and style with a touch of versatility!,advertisement
"adorn your space, embrace artistic beauty! rare art prints for art connoisseurs. perfect for art lovers and elevating your surroundings with a touch of rare art print creativity!",advertisement
"stay dry, conquer wet weather! rain boots for those who love functional fashion. perfect for rainy days and braving the elements with a touch of rain boot practicality!",advertisement
"discover our ikat-print scarf, blending tradition style with its unique dyeing technique, showcasing stunning blurred geometric patterns. elevate any outfit - shop now!",advertisement
"upgrade your wardrobe with our chic pinafore dress! layer it over a blouse or sweater for a versatile, stylish look. sleeveless, apron-style front - perfect for any occasion! shop now.",advertisement
amaze with magic tricks set! experience captivating illusions and endless wonder. perfect for budding magicians and leaving audiences spellbound. limited stock - perform magic with a touch of mystery!,advertisement
"unleash photography skills, frame life s beauty! photography masterclass tickets for photography enthusiasts. perfect for shutterbugs and mastering the art of photography with a touch of photography masterclass inspiration!",advertisement
dine in elegance with a chandelier! experience an exquisite and dazzling dining experience. perfect for adding a touch of luxury to your meals. limited stock - dine in style with a touch of opulence!,advertisement
"set, spike, and serve with a volleyball! experience beach volleyball and fun in the sun. perfect for beachgoers and exciting matches. limited stock - volley with a touch of beach vibes!",advertisement
"compute, create, and dominate! enjoy reliable performance and work efficiency. perfect for professionals and boosting your productivity with a touch of desktop computer prowess!",advertisement
boil water in a flash with the electric kettle! experience quick and safe hot water for your beverages. perfect for tea lovers and instant meals. limited stock - get hot water at the touch of a button!,advertisement
embrace blooming beauty with floral earrings! experience floral charm and natural elegance. perfect for garden parties and expressing your style. limited stock - bloom with a touch of freshness!,advertisement
play it trendy with tassel earrings! experience playfulness and fashionable flair. perfect for spicing up your outfit and expressing your style. limited stock - swing into style with a touch of chic!,advertisement
elevate your formal look with classic dress shoes! experience timeless elegance and impeccable style. perfect for making a lasting impression. limited stock - step into elegance!,advertisement
"spin and shape, clay becomes art! enjoy craftsmanship and pottery making. perfect for potters and crafting elegant ceramics with a touch of pottery finesse!",advertisement
"elevate coding skills, build exceptional software! software developer summit tickets for developers. perfect for software engineers and mastering the art of coding with a touch of software developer summit expertise!",advertisement
stay connected with the home wi-fi router! experience lightning-fast internet and seamless streaming. perfect for homes and remote work. limited stock - upgrade your internet experience!,advertisement
"cook and savor, wilderness is your kitchen! enjoy versatile cooking and convenience. perfect for outdoor chefs and culinary explorations. limited stock - cook in style with a touch of outdoor gourmet!",advertisement
"note it, stick it, and remember! enjoy colorful reminders and productivity. perfect for multitaskers and adding a pop of color to your work with a touch of sticky note flair!",advertisement
explore visual arts with an art magazine! experience creative inspiration and artistic wonders. perfect for art lovers and immersing yourself in the world of creativity. limited stock - express your artistry with a touch of imagination!,advertisement
"connect and conquer, no compromise! enjoy fast data and power. perfect for techies and seamless connectivity. limited stock - connect in style with a touch of usb-c speed!",advertisement
"boil, pour, and enjoy hot beverages in a snap! get hot water on demand. perfect for tea lovers and starting your day with a touch of electric kettle efficiency!",advertisement
"embrace the cloud, elevate your business! cloud computing expo tickets for cloud enthusiasts. perfect for businesses looking to harness cloud technology with a touch of cloud computing expo innovation!",advertisement
"play, explore, and stay safe! enjoy peace of mind with secure boundaries. perfect for parents and creating safe spaces for your baby with a touch of baby safety gate security!",advertisement
"tune in to nostalgia, groove to retro tunes! vintage radios for music aficionados. perfect for music lovers and dancing to the past with a touch of vintage radio melodies!",advertisement
"fix it all, adjust it all! enjoy versatility and all-in-one convenience. perfect for handymen and having the right wrench for every task with a touch of wrench set completeness!",advertisement
add a touch of boho charm with boho earrings! elevate your style with intricate designs and unique flair. perfect for expressing your individuality. limited stock - make them yours!,advertisement
add a hint of elegance with a gold bracelet! experience classic beauty and timeless charm. perfect for special occasions and completing your look. limited stock - shine with a touch of classic allure!,advertisement
"stroll, explore, and bond! enjoy quality time with your baby in comfort and style. perfect for parents and enhancing your outdoor adventures with a touch of baby stroller elegance!",advertisement
"laugh the night away, enjoy comedy gold! comedy night tickets for comedy lovers. perfect for those who love a good laugh and enjoying comedic talents with a touch of comedy night humor!",advertisement
"find your way, explore without limits! enjoy precision and confidence. perfect for explorers and never losing your path in the wilderness. limited stock - navigate in style with a touch of outdoor precision!",advertisement
"refine your style with our elegant double-breasted blazer - boasting two parallel rows of buttons, sophistication and polish await. transform your wardrobe today! fashionupgrade sophisticatedlook",advertisement
stay punctual with a gold watch! experience timeless elegance and functional style. perfect for daily wear and making a lasting impression. limited stock - be on time with a touch of luxury!,advertisement
experience opulence in dubai! dive into luxury and embrace the extravagance. perfect for shoppers and living the high life in the desert oasis. limited availability - indulge in luxury with a touch of arabian elegance!,advertisement
monitor your progress with a weight scale! experience goal-reaching and tracking your weight. perfect for fitness journeys and achieving your ideal weight. limited stock - track your goals with a touch of precision!,advertisement
savor the richness of gourmet coffee beans! experience the aroma and flavor of freshly brewed coffee. perfect for coffee connoisseurs and starting your day with a touch of luxury. limited stock - awaken your senses with a touch of indulgence!,advertisement
"indulge in luxury with our women s leather jacket! elevate your style with this luxurious, high-quality jacket. perfect for adding a touch of elegance to any outfit. limited stock - make it yours!",advertisement
"experience the romance of paris! indulge in art, culture, and exquisite cuisine. perfect for lovebirds and making memories in the city of amour. limited availability - ignite your passion with a touch of french allure!",advertisement
"play and purr, kitty! enjoy durability and endless fun. perfect for cat lovers and providing a scratching haven for your feline friend. limited stock - scratch in style with a touch of feline fancy!",advertisement
"prune, shape, and flourish! enjoy well-groomed trees and bushes. perfect for gardeners and achieving clean and tidy pruning with a touch of garden pruner expertise!",advertisement
cuddle up with a plush toy! experience companionship and huggable comfort. perfect for all ages and finding your cuddly friend. limited stock - snuggle up with a touch of warmth!,advertisement
sparkle at parties with our girls party dress! experience the magic of celebration in this stunning dress. perfect for birthdays and special occasions. limited stock - get ready to shine!,advertisement
elevate your beauty with elegant dresses! experience sophistication and charm in these stunning dresses. perfect for special occasions and making a grand entrance. limited stock - get ready to shine!,advertisement
"secure, file, and conquer chaos! enjoy organized documents and peace of mind. perfect for offices and keeping your files in order with a touch of filing cabinet mastery!",advertisement
thrill with a skateboard! experience exciting rides and skatepark tricks. perfect for skaters and mastering your moves. limited stock - skate with style and a touch of excitement!,advertisement
"find it, mount it, and get it right! enjoy accurate stud detection and hassle-free mounting. perfect for diy enthusiasts and getting your wall fixtures in the perfect spot with a touch of stud finder accuracy!",advertisement
transform your hair with hair serum! experience shiny and manageable locks. perfect for frizz-free hair and hair that turns heads. limited stock - embrace stunning hair every day!,advertisement
play ball with our boys baseball jersey! experience the thrill of the game in these comfortable jerseys. perfect for young baseball enthusiasts. limited stock - gear up for your next game!,advertisement
make a statement with a coffee table! experience functionality and chic design. perfect for serving style and gathering around. limited stock - center your space with a touch of sophistication!,advertisement
relax with a jigsaw puzzle! experience calming challenges and stunning imagery. perfect for puzzle lovers and escaping into picturesque landscapes. limited stock - piece together serenity with a touch of beauty!,advertisement
walk with style and confidence with stylish walking canes! experience the perfect blend of support and fashion. perfect for added stability and making a statement. limited stock - step out in style!,advertisement
"beat to your own rhythm, the world as your stage! enjoy drumming versatility and musical energy. perfect for drummers and making your music come alive with a touch of drumming dynamism!",advertisement
"juice, refresh, and nourish your body! sip on fresh and healthy beverages. perfect for health enthusiasts and embracing the goodness of fresh juices with a touch of juicer vitality!",advertisement
learn and play with an educational toy set! experience fun and learning in one. perfect for curious minds and expanding your knowledge. limited stock - explore and discover with a touch of education!,advertisement
elevate your accessories with stylish watches! experience the perfect blend of elegance and punctuality. perfect for staying stylish and on time. limited stock - keep time in style!,advertisement
"enjoy beach days, relax by the sea! beach sandals for beach lovers. perfect for seaside days and soaking up the sun with a touch of beach sandal ease!",advertisement
"keep cozy indoors, relax in warmth! slipper boots for those who love snug comfort. perfect for lounging at home and keeping your feet toasty with a touch of slipper boot coziness!",advertisement
explore nature with hiking boots! experience rugged trails and adventure. perfect for hikers and conquering new heights. limited stock - hike with confidence and a touch of exploration!,advertisement
elevate your accessories with stylish handbags! experience the perfect blend of functionality and style. perfect for keeping your essentials in style. limited stock - upgrade your bag game!,advertisement
stay informed with a business magazine! experience the latest business trends and insightful analysis. perfect for entrepreneurs and staying ahead in the world of business. limited stock - excel in business with a touch of knowledge!,advertisement
"power up, speed up! enjoy rapid charging and versatility. perfect for tech-savvy users and staying connected in a flash. limited stock - charge in style with a touch of usb speed!",advertisement
refresh your face with face mist! experience a quick and refreshing boost. perfect for on-the-go hydration and a radiant look. limited stock - mist your way to refreshed beauty!,advertisement
breathe easy with the advanced air purifier! experience purified and healthier indoor air. perfect for allergy sufferers and a fresh living space. limited stock - enjoy clean air in every breath!,advertisement
"blend, create, and enjoy! mix up delicious drinks and meals in a flash. perfect for food enthusiasts and achieving culinary greatness with a touch of blender versatility!",advertisement
"journey through time, capture moments in history! historical photographs for photography lovers. perfect for history buffs and reliving the past through the lens with a touch of historical photograph fascination!",advertisement
relax in style with cozy lounge sets! experience the perfect blend of comfort and fashion. perfect for unwinding at home. limited stock - wrap yourself in comfort!,advertisement
"introducing our floral-print dress delicate feminine, this beautifully crafted piece is perfect for any occasion. experience style in full bloom now. fashion floraldress",advertisement
transform your entertainment with smart tv! experience cinematic 4k resolution and endless streaming options. perfect for movie nights and binge-watching your favorite shows. limited stock - elevate your viewing experience!,advertisement
embrace earthy charm with a beaded bracelet! experience nature-inspired beauty and simplicity. perfect for casual days and grounding your energy. limited stock - connect with nature with a touch of authenticity!,advertisement
elevate your style with classic plaid shirts! experience timeless comfort and fashion in these plaid wonders. perfect for a classic and cozy look. limited stock - wrap yourself in style!,advertisement
"plan, schedule, and achieve! enjoy organized days and productivity. perfect for home offices and keeping your schedule in check with a touch of wall calendar magic!",advertisement
shop now! limited stock free shipping. step up your style game with our chic platform heels ! boost your height confidence while experiencing ultimate comfort. walk tall turn heads.,advertisement
sculpt your imagination with a play-doh set! experience creative expression and endless sculpting. perfect for artists of all ages and shaping your wildest ideas. limited stock - mold your dreams with a touch of artistry!,advertisement
"be enchanted, experience vocal magic! opera performance tickets for opera enthusiasts. perfect for those who appreciate the beauty of music and witnessing breathtaking vocal artistry with a touch of opera performance wonder!",advertisement
"mark time with elegance, cherish clock craftsmanship! antique clocks for clock aficionados. perfect for clock enthusiasts and celebrating time with a touch of antique clock artistry!",advertisement
stay hydrated with a water bottle! experience convenience and freshness throughout the day. perfect for active lifestyles and quenching your thirst,advertisement
embark on epic adventures with an action figure! experience heroic battles and imaginative play. perfect for heroes in training and unleashing your inner champion. limited stock - be a hero with a touch of bravery!,advertisement
"bathe, giggle, and create memories! enjoy secure and fun bath times with your baby. perfect for parents and making bath time a breeze with a touch of baby bath tub comfort!",advertisement
"introducing the utility jacket military-inspired design meets ultimate functionality. oversized and durable, featuring ample pockets for all your on-the-go essentials. get yours now and take on any day with style and efficiency!",advertisement
introducing our latest lace-up sandals - where style meets comfort! wrap your feet in chic designs and experience unbeatable support. perfect for summer strolls beachside bliss. shop now!,advertisement
"shop now! discover elegance redefined with our timeless boatneck blouse - the perfect blend of a classic wide neckline feminine charm, crafted for your ultimate style statement!",advertisement
"paint your world, colors come alive! enjoy endless possibilities and artistic expression. perfect for artists and turning your ideas into stunning artworks. limited stock - create in style with a touch of acrylic brilliance!",advertisement
"introducing our fabulous fringe skirt! step out in style with eye-catching fringe detailing that adds flair and movement. perfect for any occasion, create unforgettable memories with this chic piece.",advertisement
experience the thrill of the dubai desert safari! immerse yourself in adventure and desert wonders. perfect for thrill-seekers and riding the dunes in style. limited availability - venture into the sands with a touch of arabian allure!,advertisement
"decorate with nostalgia, elevate your walls! vintage posters for art enthusiasts. perfect for collectors and adding a touch of iconic art to your space with a touch of vintage poster charm!",advertisement
"heat, cook, and save time! prepare meals in no time with microwave convenience. perfect for busy households and serving up hot and delicious dishes with a touch of microwave oven speed!",advertisement
"preserve the past, cherish numismatic beauty! antique coins for coin collectors. perfect for numismatists and unraveling the rich history of currency with a touch of antique coin heritage!",advertisement
"work safe, work confident! enjoy head protection and peace of mind. perfect for construction projects and ensuring safety with a touch of safety helmet confidence!",advertisement
hydrate your skin with moisturizing cream! experience soft and supple skin all day. perfect for dry skin and a youthful glow. limited stock - moisturize for a hydrated and beautiful you!,advertisement
"shake, rattle, and groove to the beat! enjoy lively rhythms and musical energy. perfect for percussionists and bringing life to your music with a touch of tambourine vibrancy!",advertisement
"slip into chic comfort, embrace effortless style! mule sandals for trendsetters. perfect for those who love easygoing fashion with a touch of mule sandal flair!",advertisement
"screw it in, tighten it up! enjoy quick screwdriving and efficiency. perfect for homeowners and getting the job done fast with a touch of power screwdriver speed!",advertisement
"diapers, bottles, and more on the move! enjoy organized outings with your little one. perfect for parents and keeping everything handy with a touch of diaper bag convenience!",advertisement
"stay fit, stay healthy! a smart companion for your active lifestyle. perfect for health-conscious individuals and achieving your fitness goals with a touch of fitness tracker watch motivation!",advertisement
save space with floating shelves! experience stylish and space-saving storage. perfect for displaying your favorites and optimizing your walls. limited stock - elevate your storage with a touch of innovation!,advertisement
introducing gladiator sandals unleash your inner warrior with our bold crisscross design - strut in style comfort with multiple buckles ties for a perfect fit. step up your summer game now!,advertisement
"feed, bond, and cherish moments! enjoy comfortable breastfeeding for both you and your baby. perfect for new moms and ensuring comfort during feeding with a touch of nursing pillow support!",advertisement
"connect with it professionals, expand your network! it networking symposium tickets for networking enthusiasts. perfect for those in the it field and building connections with a touch of it networking symposium camaraderie!",advertisement
"safeguard your tech, elevate your look! enjoy padded security and sophistication. perfect for professionals and making a statement. limited stock - protect in style with a touch of laptop elegance!",advertisement
"discover the versatile bolero jacket! ideal for layering over dresses or tops, this chic, open-front cropped jacket elevates any outfit. effortlessly stylish, comfortably classy. get yours today!",advertisement
"discover science wonders, explore curiosity! science exhibition tickets for science enthusiasts. perfect for those who love learning and unlocking the mysteries of the universe with a touch of science exhibition discovery!",advertisement
"light up, mesmerize, and connect with the night! enjoy energy-efficient garden lighting. perfect for gardeners and creating a magical nighttime garden with a touch of garden solar lights radiance!",advertisement
"camp in style, embrace nature s embrace! enjoy cozy nights and outdoor adventures. perfect for nature lovers and creating unforgettable memories. limited stock - camp in style with a touch of wilderness wonder!",advertisement
begin your underwater adventure! enjoy easy setup and vibrant aquatic life. perfect for fish lovers and transforming your space into a marine wonderland. limited stock - dive into tranquility with a touch of aquatic magic!,advertisement
drive in comfort with the car headrest pillow! experience comfortable and relaxed driving. perfect for long journeys and reducing neck fatigue. limited stock - support your neck and drive stress-free!,advertisement
"get inspired, explore enlightening ideas! tedx talk tickets for curious minds. perfect for those who love thought-provoking discussions and gaining insights with a touch of tedx talk inspiration!",advertisement
"immerse in culture, celebrate diversity! cultural festival tickets for culture enthusiasts. perfect for those who appreciate cultural richness and experiencing the world s diversity with a touch of cultural festival vibrancy!",advertisement
get hands-on with essential car maintenance tools! experience diy car care and maintenance. perfect for automotive enthusiasts and maintaining your vehicle. limited stock - become your car s mechanic!,advertisement
dive into the eclectic vibes of venice beach! immerse yourself in street art and seaside relaxation. perfect for free spirits and soaking up the californian sun. limited availability - surf into creativity with a touch of west coast flair!,advertisement
"flute that enchants, music like a dream! enjoy enchanting melodies and musical serenity. perfect for pan flutists and creating soothing tunes with a touch of pan flute magic!",advertisement
"conquer the outdoors, embrace adventure! hiking boots for nature enthusiasts. perfect for hikers and exploring the wilderness with a touch of hiking boot durability!",advertisement
"snuggle and snooze, tiny bundle of joy! enjoy plushness and relaxation. perfect for small pet owners and giving your companion a dreamy haven. limited stock - nap in style with a touch of small-animal luxury!",advertisement
"unleash your inner elegance with our kimono-style robe! drift into tranquility with its loose, flowing design wide sleeves. embrace the marriage of tradition and modern sophistication. shop now!",advertisement
upgrade your driving experience with the steering wheel cover! experience added comfort and style while driving. perfect for a personalized touch and a better grip. limited stock - enhance your driving comfort!,advertisement
"repel, protect, and thrive! enjoy pest-free and healthy plants. perfect for gardeners and safeguarding your garden with a touch of garden insect repellent security!",advertisement
carry class with a leather handbag! experience style and versatility. perfect for daily use and completing your look. limited stock - accessorize with a touch of luxury!,advertisement
pamper your nails with cuticle oil! experience healthy and well-groomed nails. perfect for nail care and a polished look. limited stock - nourish your cuticles for stunning nails!,advertisement
"cook, savor, and save time in the kitchen! prepare mouthwatering meals in a flash. perfect for busy households and enjoying homemade goodness with a touch of electric pressure cooker convenience!",advertisement
"invest in career growth, reach new heights! career development seminar tickets for career enthusiasts. perfect for those on a path to career success and gaining insights into professional growth with a touch of career development seminar empowerment!",advertisement
strengthen your core with a fitness ball! experience balance and stability during your workouts. perfect for fitness enthusiasts and improving your posture. limited stock - balance your fitness with a touch of stability!,advertisement
dive into real-life mysteries with a true crime novel! experience gripping investigations and shocking truths. perfect for true crime enthusiasts and unraveling the darkest secrets. limited stock - uncover the truth with a touch of suspense!,advertisement
"indulge in luxury with our velvet jacket! elevate your style with this luxurious, warm jacket that adds an elegant touch to any outfit. limited stock - make it yours!",advertisement
"immerse in diverse cultures, celebrate unity! cultural dance festival tickets for culture enthusiasts. perfect for those who appreciate cultural richness and experiencing the world s diversity with a touch of cultural dance festival vibrancy!",advertisement
"stencil with ease, patterns take shape! enjoy versatility and detailed crafting. perfect for crafters and adding a touch of stenciling elegance to your creations!",advertisement
stay warm in your car with the car seat heater! experience cozy and warm car rides in cold weather. perfect for winter commutes and comfortable driving. limited stock - enjoy warm car seats in chilly weather!,advertisement
"gain financial wisdom, secure your future! financial literacy seminar tickets for financial enthusiasts. perfect for those looking to improve financial literacy with a touch of financial literacy seminar empowerment!",advertisement
"snap like a pro, no shaky hands! enjoy stable shots and creative angles. perfect for photography enthusiasts and elevating your smartphone photography game. limited stock - capture in style with a touch of tripod finesse!",advertisement
unleash your inner rebel with expertly frayed ripped designs. shop now! discover edgy style with our distressed jeans collection! elevate your casual look today!,advertisement
"feel the rhythm, dance the night away! music concert tickets for music lovers. perfect for those who crave live performances and making memories on the dance floor with a touch of music concert magic!",advertisement
unleash your creativity with dslr camera! capture breathtaking moments with high-quality photos and videos. perfect for photographers and videographers. limited stock - frame your world in style!,advertisement
"drive, monitor, and stay connected! enjoy peace of mind during car journeys. perfect for parents and keeping your baby in sight with a touch of baby car mirror security!",advertisement
find serenity in kyoto! dive into ancient traditions and natural wonders. perfect for culture enthusiasts and embracing the essence of japan. limited availability - embark on a journey with a touch of elegance!,advertisement
"discover the past, uncover archaeological mysteries! rare artifacts for history enthusiasts. perfect for archaeology lovers and exploring ancient civilizations with a touch of rare artifact fascination!",advertisement
"ideal for casual outings, these three-quarter length pants end mid-calf, ensuring comfort and chic all season long. shop now and stay on-trend! upgrade your summer wardrobe with our stylish capri pants!",advertisement
"explore stem fields, embrace innovation! stem education expo tickets for stem enthusiasts. perfect for those passionate about science and technology with a touch of stem education expo enlightenment!",advertisement
"hike like a pro, conquer every trail! enjoy comfort and ample storage. perfect for adventurers and taking on the great outdoors. limited stock - hike in style with a touch of backpacking expertise!",advertisement
dive into the energy of nyc! immerse yourself in endless opportunities and vibrant neighborhoods. perfect for urban adventurers and discovering the heartbeat of america. limited availability - explore the city that never sleeps with a touch of excitement!,advertisement
explore sounds with a musical instrument set! experience musical adventures and diverse melodies. perfect for budding musicians and discovering the joy of music. limited stock - play melodies with a touch of harmony!,advertisement
add comfort and style with a throw pillow set! experience cozy accents and a touch of luxury. perfect for lounging in comfort and enhancing your sofa. limited stock - accessorize your sofa with a touch of coziness!,advertisement
explore the universe with a science magazine! experience scientific wonders and mind-boggling discoveries. perfect for curious minds and staying updated on the latest breakthroughs. limited stock - discover the cosmos with a touch of curiosity!,advertisement
"introducing the gingham dress timeless chic! from picnics to parties, it s your go-to look. shop now for unbeatable style! step into summer with this must-have, two-toned checkered dress.",advertisement
elevate your style with classic plaid scarves! experience timeless charm and fashion in these plaid wonders. perfect for adding a classic touch to any outfit. limited stock - wrap yourself in style!,advertisement
"embrace urban chic, explore the city in style! chelsea boots for city dwellers. perfect for those who appreciate metropolitan fashion with a touch of chelsea boot versatility!",advertisement
fuel your day with wholesome energy bars! experience the goodness and energy of wholesome snacks. perfect for active individuals and staying fueled throughout the day. limited stock - snack smart with a touch of vitality!,advertisement
"discover the power of style with our military-inspired jacket structured, sharp, and ready to command attention. adorned with decorative buttons epaulets, it s time to march into fashion. be bold!",advertisement
gear up for success with athletic leggings! experience style and performance for your active lifestyle. perfect for achieving your fitness goals in style. limited stock - elevate your workouts!,advertisement
discover bold urban style with our classic camouflage pants elevate your wardrobe stand out on every adventure low stock alert shop now before they re gone! camouflagepants ownyourstyle,advertisement
capture natural beauty with a nature photography book! experience breathtaking photography and the wonders of nature. perfect for nature lovers and immersing yourself in the great outdoors. limited stock - frame your world with a touch of beauty!,advertisement
"discover our timeless nautical-striped sweater! ahoychicfashion exude maritime elegance with this classic, horizontal-striped design inspired by seafaring adventures. set sail in style today.",advertisement
travel in convenience with the car seat organizer! experience storage and easy access to travel essentials. perfect for road trips and organized journeys. limited stock - keep your travel items within reach!,advertisement
escape into your world with noise-canceling headphones! experience tranquility and focus with superior sound quality. perfect for blocking out distractions and enjoying your music. limited stock - immerse yourself in sound!,advertisement
spoil your pet with a spa day! enjoy professional-quality grooming at home. perfect for pet owners and keeping your companion fresh and fabulous. limited stock - primp and pamper with a touch of pet-style luxury!,advertisement
strengthen your core with a fitness ball! experience balance workouts and improved stability. perfect for fitness enthusiasts and enhancing your core strength. limited stock - strengthen your core with a touch of balance!,advertisement
elevate your style with classic pencil skirts! experience timeless charm and fashion in these classic skirts. perfect for adding a touch of elegance to any outfit. limited stock - wrap yourself in style!,advertisement
explore new horizons with a travel guidebook! experience cultural adventures and unforgettable journeys. perfect for travelers and planning your next escape. limited stock - travel the world with a touch of exploration!,advertisement
link up and dive into hd magic! enjoy crisp visuals and sound. perfect for home theater enthusiasts and enhancing your entertainment. limited stock - connect in style with a touch of hdmi excellence!,advertisement
"rediscover the classics, spin the magic! vintage vinyl records for the music enthusiast. perfect for audiophiles and savoring the timeless melodies with a touch of vintage vinyl record nostalgia!",advertisement
"savor exquisite flavors, indulge in culinary delights! wine and cheese tasting tickets for foodies. perfect for culinary enthusiasts and exploring a world of taste with a touch of wine and cheese tasting elegance!",advertisement
illuminate with wall sconces! experience warm and ambient lighting. perfect for creating a cozy atmosphere and enhancing your decor. limited stock - light up your space with a touch of elegance!,advertisement
elevate your style with nail polish! experience vibrant and polished nails. perfect for any occasion and fashionable fingertips. limited stock - nail your look with stunning colors!,advertisement
bring your ideas to life with the 3d printer! experience the world of 3d printing and innovation. perfect for creators and inventors. limited stock - turn your imagination into reality!,advertisement
"get lost in the rhythm, feel the dance! dance performance tickets for dance enthusiasts. perfect for those who love dance as a form of expression and witnessing captivating performances with a touch of dance performance magic!",advertisement
find your zen with a yoga mat! experience comfort and tranquility. perfect for yoga sessions and inner peace. limited stock - embrace your inner yogi with a touch of serenity!,advertisement
radiate with cc cushion compact! experience on-the-go coverage and radiance. perfect for touch-ups and a flawless complexion. limited stock - compact your way to glowing beauty!,advertisement
add warmth and character with an area rug! experience coziness and style. perfect for defining spaces and enhancing your decor. limited stock - elevate your space with a touch of comfort and artistry!,advertisement
"mix, bake, and delight your taste buds! create delectable treats with ease. perfect for baking enthusiasts and achieving bakery-quality results with a touch of stand mixer magic!",advertisement
tag your pet with love! enjoy customization and security. perfect for pet owners and providing peace of mind wherever your companion goes. limited stock - identify in style with a touch of pet protection!,advertisement
get on the edge with a thriller novel! experience suspenseful storytelling and heart-pounding plots. perfect for thrill-seekers and uncovering the truth behind thrilling mysteries. limited stock - unravel the mystery with a touch of excitement!,advertisement
stay warm and stylish with men s hoodies! experience the cozy comfort and trendy design perfect for chilly days. elevate your winter wardrobe. limited stock - get one today!,advertisement
create endless beauty looks with makeup palette! experience versatility and creativity. perfect for makeup artists and makeup enthusiasts. limited stock - paint your canvas with endless beauty!,advertisement
"soil, nurture, and flourish! enjoy fertile soil for thriving plants. perfect for gardeners and providing the best foundation for your plants with a touch of garden soil care!",advertisement
dance to the rhythms of rio! immerse yourself in lively festivals and breathtaking vistas. perfect for partygoers and experiencing the vibrant spirit of brazil. limited availability - samba your way to happiness with a touch of brazilian flair!,advertisement
illuminate with a table lamp! experience ambient lighting and elegance. perfect for setting the mood and adding sophistication. limited stock - light up your space with a touch of brilliance!,advertisement
"add glamour, step into chic evenings! high heel pumps for fashionistas. perfect for those who love to dazzle with a touch of high heel pump elegance!",advertisement
organize and decorate with a bookshelf! experience storage and style in one. perfect for showcasing your favorite books and treasures. limited stock - display your personality with a touch of sophistication!,advertisement
"invest in personal growth, transform your life! personal development seminar tickets for self-improvement enthusiasts. perfect for those committed to personal development with a touch of personal development seminar empowerment!",advertisement
"get yours today, stand out in the crowd. introducing zipper-detail jeans - where style meets edge. make a bold statement with added zipper accents closures. upgrade your denim game!",advertisement
"shop now! discover timeless elegance with our chic slip dress. exude confidence and style today. featuring delicate thin straps, a graceful v-neck, and a design inspired by lingerie.",advertisement
"transform and thrive, scaly adventurer! enjoy lifelike scenery and enrichment. perfect for reptile enthusiasts and creating a captivating world for your scaled buddy. limited stock - explore in style with a touch of reptilian wonder!",advertisement
"lounge, unwind, and create memories! enjoy leisurely moments in your garden. perfect for gardeners and adding a touch of relaxation to your outdoor space with a garden hammock!",advertisement
"play with emotion, violin s soulful serenade! enjoy expressive melodies and musical elegance. perfect for violinists and painting musical landscapes with a touch of violin serenity!",advertisement
collect cuddles with a soft toy set! experience adorable companions and huggable comfort. perfect for building your soft toy family and creating heartwarming memories. limited stock - cuddle up with a touch of cuteness!,advertisement
upgrade your wardrobe with a touch of luxury! our faux fur vest is the perfect sleeveless addition for style warmth. make a statement in any outfit - get yours now! staystylishandwarm,advertisement
dive into the excitement of sydney! explore iconic landmarks and vibrant culture. perfect for adventurers and making unforgettable memories down under. limited availability - uncover the land of oz with a touch of aussie charm!,advertisement
reel in the catch with a fishing rod! experience fishing adventures and big catches. perfect for anglers and landing your prized fish. limited stock - fish with skill and a touch of excitement!,advertisement
venture into imaginative worlds with a science fiction novel! experience futuristic tales and mind-bending adventures. perfect for sci-fi enthusiasts and exploring the unknown. limited stock - journey to the stars with a touch of imagination!,advertisement
"strum, sing, and spread joy! enjoy cheerful tunes and musical simplicity. perfect for ukulele enthusiasts and bringing smiles with your music with a touch of ukulele happiness!",advertisement
"showcase elegance, embrace femininity! a touch of rose gold perfection. perfect for stylish women and expressing your femininity with a touch of rose gold women s watch charm!",advertisement
"be part of the magic, witness theater brilliance! theater premiere tickets for theater enthusiasts. perfect for those who appreciate the art of storytelling and experiencing theatrical wonders with a touch of theater premiere excitement!",advertisement
"discover our timeless nautical-striped sweater! exude maritime elegance with this classic, horizontal-striped design inspired by seafaring adventures. set sail in style today. ahoychicfashion",advertisement
"woodwork your imagination, create with wood! enjoy craftsmanship and construction. perfect for woodworkers and crafting beautiful wooden creations with a touch of woodworking artistry!",advertisement
"stay connected, stay smart at any age! designed for seniors with love. perfect for seniors and embracing modern technology with a touch of smartwatch for seniors simplicity!",advertisement
introducing our chic halter-neck top! perfect for a sleek day-to-night look. high neckline meets elegant tie-back design. limited stock - grab yours now at website ! free shipping on orders $50 !,advertisement
"sculpt your imagination, miniatures come alive! enjoy malleability and artistic crafting. perfect for sculptors and bringing tiny worlds to life with a touch of clay magic!",advertisement
"soothe, protect, and keep it soft! enjoy happy and rash-free baby skin. perfect for parents and ensuring your baby s comfort with a touch of baby diaper rash cream care!",advertisement
wash your car with care using the car wash mitt! experience gentle and effective car cleaning. perfect for car enthusiasts and maintaining a spotless exterior. limited stock - pamper your car with a gentle touch!,advertisement
step up your style with women s sneakers! experience the perfect blend of fashion and comfort. perfect for casual outings and making a statement. limited stock - step into style!,advertisement
"organize it all, find it all! enjoy efficient document storage and access. perfect for professionals and keeping your files in order with a touch of file organizer mastery!",advertisement
"stay safe, adventure with peace of mind! enjoy preparedness and security. perfect for adventurers and being ready for the unexpected. limited stock - adventure in style with a touch of outdoor safety!",advertisement
"fry, indulge, and stay healthy! enjoy crispy goodness with less oil. perfect for health-conscious foodies and guilt-free indulgence with a touch of air fryer innovation!",advertisement
"brew, savor, and start your day right! enjoy the perfect cup of coffee with ease. perfect for coffee lovers and bringing the aroma of freshly brewed coffee to your mornings with a touch of coffee maker perfection!",advertisement
rock and unleash your guitar hero! enjoy electrifying solos and musical versatility. perfect for guitarists and electrifying your music with a touch of electric guitar power!,advertisement
"create with beeswax magic, light and scent! enjoy natural beauty and handmade candles. perfect for candle makers and adding a touch of warmth to your space with handmade candles!",advertisement
"chill, refresh, and savor every sip! never run out of ice cubes again. perfect for entertainers and adding a touch of convenience to your drinks with an ice maker s magic!",advertisement
achieve your fitness goals with fitness tracker! track your health and stay active with this smart device. perfect for staying fit and motivated. limited stock - take charge of your health!,advertisement
stay fit with a jump rope! experience cardio workouts and fitness fun. perfect for skipping to health and achieving your fitness goals. limited stock - skip your way to fitness with a touch of joy!,advertisement
blend nutrition with a blender! experience delicious smoothies and shakes. perfect for health-conscious individuals and fueling your day. limited stock - blend your way to health with a touch of flavor!,advertisement
simplify your life with home assistant! control your home with ease using voice commands and automation. perfect for a connected and efficient home. limited stock - make your home smarter!,advertisement
"expand your horizons, embrace scientific knowledge! science lecture tickets for curious minds. perfect for science enthusiasts and exploring the mysteries of the universe with a touch of science lecture fascination!",advertisement
embark on futuristic adventures with a sci-fi graphic novel! experience stunning illustrations and mind-bending tales. perfect for graphic novel enthusiasts and exploring the unknown. limited stock - journey to the stars with a touch of imagination!,advertisement
organize your cuddly friends with a stuffed animal zoo! experience cuddly companionship and tidy spaces. perfect for keeping your stuffed animals together and creating a zoo of your own. limited stock - keep it organized with a touch of fun!,advertisement
"elevate your style to dazzling heights with our embellished pumps! adorned with exquisite crystals beads, these high-heels are the epitome of elegance. step into glamour today!",advertisement
step into convenience and comfort with easy-on velcro shoes! experience effortless style and functionality. perfect for hassle-free footwear. limited stock - step comfortably through your day!,advertisement
soothe your senses with bath salts! experience a stress-relieving bath. perfect for relaxation and unwinding after a long day. limited stock - soak away stress and embrace tranquility!,advertisement
stay connected and healthy with smartwatch! experience the convenience of notifications and health tracking. perfect for an active and connected lifestyle. limited stock - wear your tech in style!,advertisement
"plan, schedule, and achieve! enjoy organized days and productivity. perfect for time management and keeping your schedule in check with a touch of desk calendar magic!",advertisement
"paint on glass, see colors come alive! enjoy transparency and vibrant hues. perfect for glass artists and creating stunning glass artworks with a touch of glass painting brilliance!",advertisement
stay warm and stylish with our boys hoodie! experience the cozy comfort and trendy design perfect for chilly days. elevate your winter wardrobe. limited stock - get one today!,advertisement
play outdoors with an outdoor playset! experience active adventures and backyard fun. perfect for kids of all ages and enjoying the great outdoors. limited stock - play in the sunshine with a touch of excitement!,advertisement
unwind in the maldives! dive into turquoise waters and lounge in luxury. perfect for honeymooners and experiencing the ultimate beach getaway. limited availability - escape to paradise with a touch of tropical bliss!,advertisement
"dive into technology, explore innovation! tech conference tickets for tech enthusiasts. perfect for those who love staying ahead of the curve and being inspired by the latest tech trends with a touch of tech conference brilliance!",advertisement
"master digital marketing, thrive online! digital marketing course tickets for marketing enthusiasts. perfect for those aiming to excel in the digital marketing realm with a touch of digital marketing course expertise!",advertisement
camouflagepants ownyourstyle discover bold urban style with our classic camouflage pants elevate your wardrobe stand out on every adventure low stock alert shop now before they re gone!,advertisement
modernize your style with a silver ring! experience sophistication and contemporary beauty. perfect for everyday elegance and making a statement. limited stock - shine with a touch of modernity!,advertisement
"measure it, plan it, and succeed! enjoy reliable measurements and planning precision. perfect for diy projects and getting it right from the start with a touch of tape measure accuracy!",advertisement
add a touch of color with a gemstone ring! experience elegance and vibrant beauty. perfect for expressing your style and radiating positivity. limited stock - shine with a touch of color!,advertisement
elevate your style with women s maxi dresses! experience elegance and sophistication with these stunning dresses. perfect for special occasions. limited stock - make a grand entrance!,advertisement
"discover our sleek quilted vest! sleeveless, insulated perfect for layering in cool weather. elevate your style game while staying cozy. get yours now embrace the chill!",advertisement
enjoy the comfort and style of men s casual shorts! perfect for relaxed days and outdoor adventures. limited stock - get ready for comfort and ease!,advertisement
store and transport your bikes with a bike rack! experience convenience and bike organization. perfect for cyclists and taking your bikes on the go. limited stock - ride with ease and a touch of practicality!,advertisement
let the robot vacuum do the cleaning for you! experience hands-free cleaning and a spotless home. perfect for busy households and tech enthusiasts. limited stock - clean your home with the touch of a button!,advertisement
embrace a healthier lifestyle with a health and wellness magazine! experience wellness tips and inspiring stories. perfect for those on a journey to well-being and achieving a balanced life. limited stock - thrive with a touch of well-being!,advertisement
walk in style with your furry friend! enjoy ergonomic design and durability. perfect for dog owners and exploring the world together. limited stock - strut your stuff with a touch of canine elegance!,advertisement
adorned with a lavish raised woven design for an intricate lavish style. shop now elevate your wardrobe instantly! discover elegance in our luxurious jacquard skirt!,advertisement
active and stylish boys love our cargo shorts! experience the comfort and versatility of these shorts designed for adventure. perfect for an active lifestyle. limited stock - grab a pair now!,advertisement
"change, smile, and keep it clean! enjoy convenient and clean diaper changes. perfect for parents and making diaper duty a breeze with a touch of baby changing table efficiency!",advertisement
"grind, flavor, and elevate your culinary creations! enhance your dishes with freshly ground spices. perfect for spice lovers and adding a touch of spice grinder freshness to your recipes!",advertisement
"roll, paint, and transform! enjoy even paint application and effortless painting. perfect for homeowners and giving your space a fresh look with a touch of paint roller finesse!",advertisement
discover edgy style with our distressed jeans collection! unleash your inner rebel with expertly frayed ripped designs. elevate your casual look today! shop now!,advertisement
protect your eyes in style with stylish sunglasses! experience the perfect blend of eye protection and fashion. perfect for sunny days and looking fabulous. limited stock - shade your style!,advertisement
"accentuate your allure with this asymmetrical marvel, showcasing both elegance and sophistication. discover the chic one-shoulder top that elevates your style effortlessly. shop now and turn heads!",advertisement
"measure it all, measure it right! enjoy versatile measuring and accuracy. perfect for diy enthusiasts and ensuring precise measurements with a touch of measuring tape finesse!",advertisement
free shipping on orders $50 ! perfect for a sleek day-to-night look. limited stock - grab yours now at website ! introducing our chic halter-neck top! high neckline meets elegant tie-back design.,advertisement
immerse yourself in luxury with bath bombs! experience a fizzy and aromatic bath. perfect for relaxation and self-indulgence. limited stock - create a spa-like atmosphere in your own bath!,advertisement
"stay cool and comfy, work with ease! enjoy cooling technology and support. perfect for professionals and optimizing your laptop experience. limited stock - cool in style with a touch of laptop luxury!",advertisement
reveal your natural beauty with facial cleanser! experience a fresh and radiant complexion. perfect for daily cleansing and healthy skin. limited stock - cleanse your way to glowing beauty!,advertisement
enjoy a fresh and inviting car with the car air freshener! experience delightful scents and a pleasant ride. perfect for eliminating odors and enhancing your car s atmosphere. limited stock - refresh your car s scent!,advertisement
"connect with history, preserve authenticity! historical documents for historians. perfect for history enthusiasts and tracing the footsteps of time with a touch of historical document authenticity!",advertisement
"lace up your sneakers, run for a cause! charity run tickets for runners with a big heart. perfect for those who believe in making a positive impact through physical activity with a touch of charity run altruism!",advertisement
create a reptile paradise! enjoy a controlled environment and accessibility. perfect for reptile enthusiasts and ensuring the comfort of your scaled buddy. limited stock - bask in warmth with a touch of reptilian luxury!,advertisement
stay cool in style with the electric fan! experience comfort and airflow in any season. perfect for hot days and a refreshing atmosphere. limited stock - keep your cool with elegance!,advertisement
"communicate in style, embrace vintage tech! retro telephones for tech enthusiasts. perfect for those who love vintage technology and adding a touch of retro telephone charm to your communication with a touch of nostalgia!",advertisement
serve with power using a tennis racket! experience precision and powerful shots. perfect for a game of tennis and mastering your serves. limited stock - ace your game with a touch of finesse!,advertisement
elevate your formal look with women s dress shoes! experience timeless sophistication and impeccable style. perfect for making a lasting impression. limited stock - step into elegance!,advertisement
enchant bedtime with a children s picture book! experience colorful art and heartwarming tales. perfect for young readers and creating magical moments. limited stock - dream with a touch of imagination!,advertisement
shine bright with car polish! experience a shiny and showroom-worthy car finish. perfect for car enthusiasts and maintaining a pristine exterior. limited stock - make your car sparkle!,advertisement
shade yourself in style with our summer hat! enjoy sunny days with this stylish hat featuring upf protection. elevate your sun protection game. limited stock - get yours now!,advertisement
find balance with yoga blocks! experience support and yoga mastery. perfect for yogis and perfecting your poses. limited stock - strike a pose with a touch of stability!,advertisement
introducing the varsity jacket - sporty stylish! experience ultimate comfort and a timeless look with our contrasting sleeves ribbed detailing. make every day a statement. step up your game today!,advertisement
"brush strokes that flow, art comes to life! enjoy precision and creativity. perfect for artists and adding finesse to your artworks with a touch of brush elegance!",advertisement
"explore robotics, innovate with technology! robotics workshop tickets for tech enthusiasts. perfect for those fascinated by robotics and diving into hands-on robot building with a touch of robotics workshop creativity!",advertisement
discover chic comfort with our stylish culottes - combining the elegance of skirts the ease of shorts. shop now redefine your wardrobe! wide-legged cropped for a fashion-forward look.,advertisement
"kneel, garden, and cherish moments! enjoy comfortable gardening and knee support. perfect for gardeners and taking care of your knees with a touch of garden kneeler comfort!",advertisement
"nourish your body and mind, embrace well-being! health and wellness retreat tickets for health enthusiasts. perfect for those seeking balance and well-being with a touch of health and wellness retreat rejuvenation!",advertisement
welcome guests with a console table! experience functional elegance in your entryway. perfect for making a great first impression and keeping essentials within reach. limited stock - create an inviting entryway!,advertisement
"explore new languages, connect globally! language learning workshop tickets for language enthusiasts. perfect for language lovers and embracing the beauty of multilingualism with a touch of language learning workshop discovery!",advertisement
"hike far, explore without limits! enjoy extended trips and ergonomic design. perfect for trekkers and embarking on epic journeys. limited stock - trek in style with a touch of backpacking expertise!",advertisement
"discover a flattering, comfortable fit that creates an elegant, elongated silhouette. elevate your style today! introducing our wide-leg trousers effortlessly chic and endlessly versatile.",advertisement
elevate your formal attire with men s dress shirts! experience timeless sophistication and impeccable style. perfect for making a lasting impression. limited stock - choose your style now!,advertisement
"cut it, wire it, and get it done! enjoy accurate wire cutting and efficiency. perfect for electrical work and achieving clean wire cuts with a touch of wire cutter precision!",advertisement
spar with boxing gloves! experience boxing action and skill development. perfect for boxers and mastering your punches. limited stock - spar with a touch of precision!,advertisement
"indulge in luxury with our men s leather jacket! elevate your style with this luxurious, high-quality jacket. perfect for adding a touch of elegance to any outfit. limited stock - make it yours!",advertisement
"cut it straight, cut it perfect! enjoy precision cutting and paper finesse. perfect for crafting enthusiasts and achieving clean edges with a touch of paper cutter accuracy!",advertisement
"drive, explore, and make memories! enjoy worry-free travel with your baby. perfect for parents and ensuring your little one s safety with a touch of baby car seat protection!",advertisement
step up your style with stylish sneakers! experience the perfect blend of fashion and comfort. perfect for casual outings and making a statement. limited stock - step into style!,advertisement
stay warm and stylish with women s hoodies! experience the cozy comfort and trendy design perfect for chilly days. elevate your winter wardrobe. limited stock - get one today!,advertisement
"strengthen cloud security, protect your data! cloud security workshop tickets for cloud professionals. perfect for those working with cloud technology and enhancing security with a touch of cloud security workshop expertise!",advertisement
"play, learn, and grow together! enjoy developmental playtime with your baby. perfect for parents and enhancing your baby s skills with a touch of baby play gym fun!",advertisement
"listen, relax, and connect with nature! enjoy tranquil garden melodies. perfect for gardeners and adding harmony to your garden with a touch of garden wind chimes magic!",advertisement
protect from the sun in style with our boys baseball cap! get ready for outdoor fun with this trendy cap designed for young adventurers. limited stock - grab one for your next adventure!,advertisement
"discover high-waist jeans, perfect for flattering your figure! embrace your curves and enjoy longer-looking legs with these stylish full-length wardrobe essentials. shop now for a confident stride.",advertisement
"explore history, chart your journey! vintage maps for map enthusiasts. perfect for map lovers and discovering the world s evolution with a touch of vintage map exploration!",advertisement
"cut it, create it, and stand out! enjoy clean cuts and crafting perfection. perfect for diy enthusiasts and adding a touch of precision to your projects with scissors finesse!",advertisement
"go green, power your watch with the sun! a watch that cares for the environment. perfect for eco-warriors and supporting sustainability with a touch of solar-powered watch eco-consciousness!",advertisement
"hammer it, nail it, and impress! enjoy controlled hammering and precision. perfect for builders and achieving the perfect strike with a touch of hammer expertise!",advertisement
"drop and charge, no cords required! enjoy cable-free convenience. perfect for minimalists and clutter-free living. limited stock - charge in style with a touch of wireless simplicity!",advertisement
"steam, nourish, and embrace healthy eating! cook with the power of steam. perfect for health-conscious cooks and retaining the goodness of your dishes with a touch of food steamer vitality!",advertisement
"delve into literary treasures, read history! antique books for bookworms. perfect for bibliophiles and connecting with the past through rare editions with a touch of antique book fascination!",advertisement
"hone your coding skills, build the future! software development bootcamp tickets for coders. perfect for aspiring developers and diving into the world of coding with a touch of software development bootcamp empowerment!",advertisement
refresh your day with organic juice blends! experience the pureness and flavor of organic juices. perfect for health-conscious individuals and quenching your thirst naturally. limited stock - sip your way to vitality with a touch of freshness!,advertisement
"pacify, cuddle, and cherish moments! enjoy comfort for your little one. perfect for parents and keeping your baby content with a touch of baby pacifier tenderness!",advertisement
introducing our geometric-print maxi skirt a unique fusion of modern art style! shop now flaunt your artistic side! be the trendsetter with our floor-length skirt featuring bold angular patterns.,advertisement
"upgrade your wardrobe with our stylish longline cardigan! don t let the cold cramp your style - shop now! knee-length, versatile perfect for layering, it brings extra warmth to any outfit.",advertisement
"teethe, smile, and enjoy playtime! enjoy soothing and fun teething relief. perfect for parents and helping your baby through teething with a touch of baby teething toy comfort!",advertisement
"froth, indulge, and elevate your coffee game! create coffeehouse magic at home. perfect for coffee lovers and enjoying velvety coffee delights with a touch of milk frother expertise!",advertisement
"dress, smile, and capture moments! enjoy adorable outfits for your little one. perfect for parents and keeping your baby comfy and cute with a touch of baby onesie charm!",advertisement
"pin, post, and remember! enjoy bulletin board convenience and organization. perfect for home offices and keeping your notes handy with a touch of corkboard practicality!",advertisement
introducing the chenille sweater experience ultimate warmth comfort in our deluxe plush knitwear. elegance meets coziness. perfect for any occasion. be stylish. stay snug. shop now!,advertisement
elevate your salads with gourmet salad dressing! experience the flair and flavor of premium dressings. perfect for salad enthusiasts and creating culinary masterpieces. limited stock - dress with style with a touch of gourmet!,advertisement
build adventures with a lego set! experience creative construction and endless fun. perfect for builders of all ages and crafting amazing structures. limited stock - create your world with a touch of imagination!,advertisement
"design and adorn, jewelry that shines! enjoy craftsmanship and jewelry making. perfect for jewelry designers and adding a touch of elegance to your attire with custom jewelry!",advertisement
"dive into coding, unlock your potential! coding bootcamp tickets for aspiring coders. perfect for those eager to embark on a coding journey and master programming with a touch of coding bootcamp empowerment!",advertisement
step up your style with men s sneakers! experience the perfect blend of fashion and comfort. perfect for casual outings and making a statement. limited stock - step into style!,advertisement
achieve a natural look with cc cream! experience an even complexion with spf protection. perfect for everyday beauty and sun defense. limited stock - cc your way to a flawless complexion!,advertisement
spice up your culinary adventures with exotic spice collection! experience global flavors and culinary exploration. perfect for adventurous cooks and taking your taste buds on a journey. limited stock - cook with diversity with a touch of spice!,advertisement
"clip it, organize it, and brighten up! enjoy colorful document organization and a pop of color. perfect for students and professionals and adding a touch of paper clip creativity to your documents!",advertisement
stay warm and stylish with our girls winter coat! experience winter in fashion with this trendy coat. perfect for chilly adventures. limited stock - bundle up in style!,advertisement
"be captivated, enter different worlds! theater show tickets for theater enthusiasts. perfect for those who appreciate the art of storytelling and experiencing theatrical magic with a touch of theater show wonder!",advertisement
elevate your formal look with men s dress shoes! experience timeless sophistication and impeccable style. perfect for making a lasting impression. limited stock - step into elegance!,advertisement
"perfect for any occasion, upgrade your shoe game today. discover the perfect pair - don t wait! step into elegance with our stunning t-strap sandals! flat or heeled, experience comfort style.",advertisement
"calculate, solve, and excel! enjoy mathematical precision and efficiency. perfect for students and professionals and crunching numbers with a touch of calculator genius!",advertisement
"tool up, tackle with ease! enjoy versatility and readiness. perfect for adventurers and facing unexpected situations outdoors. limited stock - tackle in style with a touch of outdoor preparedness!",advertisement
build your world with a building blocks set! experience creative construction and endless fun. perfect for sparking imagination and crafting amazing structures. limited stock - build your dreams with a touch of creativity!,advertisement
"discover elegance in every step with our maxi dress . upgrade your wardrobe now! effortlessly stylish for casual or formal occasions, this floor-length stunner is perfect for turning heads wherever you go!",advertisement
revitalize your skin with exfoliating scrub! experience a glowing and fresh complexion. perfect for gentle exfoliation and a radiant glow. limited stock - reveal your skin s natural radiance!,advertisement
"elevate your wrist game, match your mood! enjoy style and comfort. perfect for smartwatch enthusiasts and making a statement. limited stock - customize in style with a touch of smartwatch flair!",advertisement
"discover timeless elegance with our classic wingtip shoes. step into luxury with a pointed, decorative toecap design, perfect for upgrading your formal attire. get yours today!",advertisement
"decorate with character, express your style! collectible figurines for collectors. perfect for art appreciators and adding a touch of artistic expression to your space with a touch of collectible figurine charm!",advertisement
"delve into ai and ml, shape the future! ai and machine learning summit tickets for ai enthusiasts. perfect for those passionate about ai and ml s transformative potential with a touch of summit enlightenment!",advertisement
"watch, work, and excel! enjoy accurate timekeeping and elegance. perfect for professionals and adding a touch of desk clock sophistication to your workspace!",advertisement
unwind in the beauty of fiji! dive into turquoise lagoons and island warmth. perfect for beach lovers and experiencing fijian hospitality. limited availability - relax in paradise with a touch of tropical magic!,advertisement
"mouse without limits, explore at will! enjoy wireless control and flexibility. perfect for computer users and enhancing your workflow. limited stock - click in style with a touch of mouse freedom!",advertisement
make a statement with women s graphic tees! express yourself with cool graphics and unique designs. perfect for women who love to stand out. limited stock - choose your favorite design now!,advertisement
"build it all, shape it all! enjoy masonry precision and control. perfect for masonry projects and adding the perfect finishing touches with a touch of trowel set expertise!",advertisement
"own a piece of history, celebrate the legends! autographed sports memorabilia for die-hard fans. perfect for sports enthusiasts and honoring your sporting heroes with a touch of autographed sports memorabilia pride!",advertisement
"swing and sing, feathered friend! enjoy durability and joyous chirping. perfect for bird enthusiasts and adding excitement to your avian companion s life. limited stock - swing in style with a touch of birdie bliss!",advertisement
"filter for tranquility, swim with clarity! enjoy clean water and healthy fish. perfect for fish tank enthusiasts and ensuring your underwater world sparkles. limited stock - filter in style with a touch of aquatic magic!",advertisement
elevate your cat s world! enjoy endless fun and relaxation. perfect for cat owners and creating a feline paradise. limited stock - reach new heights with a touch of kitty luxury!,advertisement
embrace the serenity of bali! dive into spirituality and natural wonders. perfect for wellness seekers and finding balance in the island of the gods. limited availability - discover inner peace with a touch of balinese magic!,advertisement
"master culinary arts, savor delicious delights! cooking class tickets for foodies. perfect for aspiring chefs and mastering the art of cooking with a touch of cooking class gastronomy!",advertisement
carry luxury with a velvet clutch! experience sophistication and style. perfect for special occasions and completing your look. limited stock - accessorize with a touch of opulence!,advertisement
keep your home spotless with the powerful vacuum cleaner! experience clean and dust-free floors with ease. perfect for a healthy living environment. limited stock - say goodbye to dust and dirt!,advertisement
protect your car with the car cover! experience safeguarding from the elements and dust. perfect for outdoor parking and preserving your car s appearance. limited stock - shield your car with care!,advertisement
create cheese platters with gourmet cheeseboard! experience the elegance and variety of gourmet cheeses. perfect for entertaining guests and adding a touch of sophistication to your gatherings. limited stock - entertain with class with a touch of cheese!,advertisement
elevate your tech game with the latest smartphone! experience cutting-edge technology and capture memories in style. perfect for staying connected and capturing life s moments. limited stock - upgrade your device now!,advertisement
turn heads with unique hemlines designs that create visual intrigue - shop now redefine your fashion game! discover the perfect blend of style comfort with our asymmetrical dresses!,advertisement
"introducing the gingham dress timeless chic! step into summer with this must-have, two-toned checkered dress. from picnics to parties, it s your go-to look. shop now for unbeatable style!",advertisement
capture moments with a photography magazine! experience visual storytelling and breathtaking photography. perfect for photography enthusiasts and mastering the art of the lens. limited stock - frame your world with a touch of creativity!,advertisement
embark on a historical journey in petra! dive into rose-red wonders and archaeological mysteries. perfect for explorers and stepping into the past. limited availability - discover the lost city with a touch of jordanian allure!,advertisement
"discover elegance in every step with our maxi dress . effortlessly stylish for casual or formal occasions, this floor-length stunner is perfect for turning heads wherever you go! upgrade your wardrobe now!",advertisement
beach days are better with our beach tote bag! carry your essentials in style with this chic and spacious tote. perfect for seaside adventures. limited stock - grab yours now!,advertisement
discover the perfect pair of denim jeans! experience classic style and unmatched comfort with these must-have jeans. elevate your wardrobe - grab yours now!,advertisement
"seal, save, and reduce food waste! keep your food fresh longer. perfect for eco-conscious kitchens and reducing food waste with a touch of food vacuum sealer sustainability!",advertisement
make every day a statement. step up your game today! introducing the varsity jacket - sporty stylish! experience ultimate comfort and a timeless look with our contrasting sleeves ribbed detailing.,advertisement
"made from high-quality fabric, its grid-like pattern ensures effortless style for both. discover timeless sophistication with our windowpane-check shirt. get yours now and redefine your wardrobe!",advertisement
"compose melodies, let your music shine! music composition workshop tickets for music enthusiasts. perfect for aspiring composers and exploring the world of music creation with a touch of music composition workshop artistry!",advertisement
"drill it, fix it, and conquer tasks! enjoy cord-free versatility and efficient drilling. perfect for diy enthusiasts and tackling projects with a touch of cordless drill power!",advertisement
"discover our sleek quilted vest! get yours now embrace the chill! sleeveless, insulated perfect for layering in cool weather. elevate your style game while staying cozy.",advertisement
experience the enchantment of prague! get lost in history and fairy-tale architecture. perfect for romantics and strolling through the heart of europe. limited availability - wander in wonder with a touch of czech magic!,advertisement
revolutionize your style with our choker necklace! this close-fitting accessory adds striking details to any outfit accentuates your neckline. elevate your wardrobe now! fashionstatement,advertisement
"screw it all, fix it all! enjoy versatility and all-in-one convenience. perfect for handymen and having the right screw for every job with a touch of screw assortment set completeness!",advertisement
soar to new heights with an outdoor swing set! experience outdoor fun and high-flying adventures. perfect for kids of all ages and enjoying the thrill of swinging. limited stock - swing into fun with a touch of excitement!,advertisement
cultivate your garden with a gardening guide! experience green thumbs and vibrant landscapes. perfect for gardeners and nurturing your outdoor oasis. limited stock - grow your paradise with a touch of nature!,advertisement
"fold with care, paper becomes art! enjoy vibrant colors and precise folds. perfect for origami enthusiasts and turning plain paper into intricate works of origami art with a touch of folding elegance!",advertisement
"capture memories in style, rediscover vintage photography! retro cameras for photography lovers. perfect for shutterbugs and embarking on a vintage photography adventure with a touch of retro camera nostalgia!",advertisement
stay in the game with a sports magazine! experience the latest sports news and thrilling highlights. perfect for sports enthusiasts and following your favorite teams. limited stock - play to win with a touch of excitement!,advertisement
"sound the brass, let music resound! enjoy bold melodies and musical grandeur. perfect for trumpeters and adding brilliance to your music with a touch of trumpet exuberance!",advertisement
"marvel at the mechanics, celebrate watchmaking! a timepiece that reveals its heart. perfect for watch enthusiasts and diving into the world of horology with a touch of automatic skeleton watch artistry!",advertisement
"ascend and conquer, safety first! enjoy security and confidence. perfect for climbers and reaching new heights. limited stock - climb in style with a touch of harness reliability!",advertisement
"with its adjustable front closure and figure-flattering waist tie, you ll feel confident and chic all day long. discover our stylish wrap dress - the perfect blend of fashion and function! get yours today!",advertisement
stay stylish with a fashion magazine! experience the latest trends and fashion inspiration. perfect for fashionistas and keeping your style on point. limited stock - strut your stuff with a touch of glamour!,advertisement
"discover our stylish wrap dress - the perfect blend of fashion and function! with its adjustable front closure and figure-flattering waist tie, you ll feel confident and chic all day long. get yours today!",advertisement
"stay dry and dapper, rain or shine! enjoy waterproof fashion and comfort. perfect for dog owners and keeping your canine companion dry and dashing. limited stock - strut in the rain with a touch of canine chic!",advertisement
express your style with wall art! experience wall enhancement and self-expression. perfect for personalizing your space and making it uniquely yours. limited stock - adorn your walls with a touch of inspiration!,advertisement
"tackle terrain, stay dry and sturdy! waterproof hiking shoes for outdoor adventurers. perfect for hikers and taking on outdoor challenges with a touch of waterproof hiking shoe reliability!",advertisement
"hike clean and dry, tackle every trail! enjoy protection and adventure readiness. perfect for hikers and keeping your legs comfortable outdoors. limited stock - hike in style with a touch of outdoor leg protection!",advertisement
learn from inspiring lives with a biography! experience incredible achievements and remarkable journeys. perfect for those seeking inspiration and discovering extraordinary stories. limited stock - be inspired with a touch of greatness!,advertisement
spice up your meals with exotic spice rubs! experience international flavors and culinary exploration. perfect for home chefs and taking your taste buds on a global journey. limited stock - cook with diversity with a touch of spice!,advertisement
explore futuristic worlds with a sci-fi anthology! experience a collection of concepts and mind-bending tales. perfect for sci-fi fans and venturing into uncharted territories. limited stock - journey into the future with a touch of innovation!,advertisement
keep your essentials organized with a leather wallet! experience functionality and style. perfect for daily use and simplifying your life. limited stock - carry it all with a touch of sophistication!,advertisement
"introducing our bodycon dress! flaunt your curves and make a bold statement in this ultra-sleek, figure-hugging masterpiece. get ready to own the night! shop now turn heads. sleeksensation",advertisement
sip and savor with an exquisite wine selection! experience the finesse and aroma of fine wines. perfect for wine aficionados and raising your glass to special moments. limited stock - toast to elegance with a touch of refinement!,advertisement
grip your racket with tennis grips! experience a comfortable and firm hold. perfect for tennis players and improving your strokes. limited stock - ace your game with a touch of grip!,advertisement
"stay cozy stylish this season with our cowl-neck sweaters! embrace elegance in a draped, fold-over neckline that keeps you warm snug. get yours now! limited stock.",advertisement
drive safely with the car phone holder! experience hands-free phone use and secure mounting. perfect for multitasking and staying connected on the road. limited stock - keep your phone within reach!,advertisement
"showcase with style, art on display! enjoy elegance and artistic presentation. perfect for artists and sharing your masterpieces with the world with a touch of easel sophistication!",advertisement
"hop into comfort, little one! enjoy spacious living and secure shelter. perfect for rabbit lovers and providing a safe haven for your fluffy friend. limited stock - hop in style with a touch of bunny luxury!",advertisement
pamper yourself with face mask! experience spa-like revitalization at home. perfect for self-care and glowing skin. limited stock - treat yourself to a rejuvenating beauty ritual!,advertisement
"guard your airpods, show your flair! enjoy protection and uniqueness. perfect for airpods lovers and personalizing your case. limited stock - protect in style with a touch of airpods individuality!",advertisement
"snuggle and snooze, little explorer! enjoy softness and warmth. perfect for hamster owners and providing a cozy haven for your tiny buddy. limited stock - nap in style with a touch of hamster comfort!",advertisement
delight in the crunch of gourmet popcorn! experience the gourmet flavors and snack-time joy. perfect for movie nights and indulging your cravings. limited stock - snack with delight with a touch of gourmet!,advertisement
"discover the ultimate edgy-chic look with our leather biker jacket! fitted cropped, it boasts rockin zippers and studs. unleash your inner rebel today. elevate your wardrobe ride with style!",advertisement
"embrace simplicity, define your style! a watch for every occasion. perfect for minimalists and expressing your unique identity with a touch of minimalist design watch versatility!",advertisement
"showcase sophistication, step into elegance! oxfords for formal occasions. perfect for those who appreciate timeless style with a touch of oxford shoe refinement!",advertisement
"serenade with the wind, music in the air! enjoy serene melodies and musical enchantment. perfect for flutists and creating ethereal tunes with a touch of flute magic!",advertisement
fuel your workouts with protein powder! experience muscle recovery and strength gains. perfect for fitness enthusiasts and achieving your fitness goals. limited stock - power up with a touch of strength!,advertisement
build your own robots with a robot building kit! experience robotics and endless creativity. perfect for tech enthusiasts and exploring the world of robotics. limited stock - build your bots with a touch of innovation!,advertisement
dive into the vibrant tapestry of istanbul! immerse yourself in rich heritage and bustling markets. perfect for explorers and embracing the fusion of cultures. limited availability - cross continents with a touch of turkish allure!,advertisement
elevate your dishes with gourmet cooking sauces! experience the richness and flavor of gourmet sauces. perfect for home chefs and adding a gourmet touch to your recipes. limited stock - cook with flair with a touch of sophistication!,advertisement
give your bird room to spread its wings! enjoy sturdy construction and ample space. perfect for bird enthusiasts and creating a cozy haven for your avian friend. limited stock - let your bird soar with a touch of aviary luxury!,advertisement
embark on an adventure to machu picchu! explore ancient mysteries and breathtaking landscapes. perfect for history buffs and conquering the inca trail. limited availability - discover the past with a touch of adventure!,advertisement
cook with convenience using the microwave oven! experience fast and tasty meals with ease. perfect for busy individuals and families on the go. limited stock - heat up your meals in style!,advertisement
"be bold! adorned with decorative buttons epaulets, it s time to march into fashion. discover the power of style with our military-inspired jacket structured, sharp, and ready to command attention.",advertisement
"get closer to fame, own a piece of stardom! celebrity autographs for devoted fans. perfect for celebrity enthusiasts and treasuring your favorite stars signatures with a touch of celebrity autograph fandom!",advertisement
"rediscover joys, relive your childhood! vintage toys for toy collectors. perfect for collectors and reviving the magic of playtime with a touch of vintage toy nostalgia!",advertisement
display fresh flowers with a vase set! experience artistic charm and a touch of nature. perfect for bringing life to your space and creating a soothing ambiance. limited stock - bloom with a touch of elegance!,advertisement
"play the handpan, sounds like a dream! enjoy melodic tunes and musical tranquility. perfect for handpan players and adding a touch of serenity to your music with the captivating handpan!",advertisement
brew coffee like a pro with the espresso machine! experience barista-quality coffee in the comfort of your home. perfect for coffee connoisseurs and coffee shop vibes. limited stock - sip your way to coffee perfection!,advertisement
"discover timeless elegance with our chic slip dress. featuring delicate thin straps, a graceful v-neck, and a design inspired by lingerie. exude confidence and style today. shop now!",advertisement
"grow, display, and elevate! enjoy beautiful and practical plant pots for your green friends. perfect for plant enthusiasts and adding charm to your space with a touch of plant pot elegance!",advertisement
collect memories with a charm bracelet! experience personal style and sentimental beauty. perfect for adding unique charms and expressing yourself. limited stock - cherish moments with a touch of individuality!,advertisement
"sand it, refine it, and stand out! enjoy even sanding and craftsmanship. perfect for diy projects and achieving smooth surfaces with a touch of sander finesse!",advertisement
"collect history, cherish numismatic treasures! antique coins for coin collectors. perfect for numismatists and discovering the past through rare coins with a touch of antique coin fascination!",advertisement
"shape business acumen, lead to prosperity! business strategy workshop tickets for entrepreneurs. perfect for business leaders and mastering the art of business strategy with a touch of business strategy workshop brilliance!",advertisement
"sleep under the stars, dream in comfort! enjoy warmth and relaxation. perfect for campers and embracing the night sky. limited stock - sleep in style with a touch of outdoor serenity!",advertisement
enjoy breakfast perfection with the toaster! experience evenly toasted bread and quick morning meals. perfect for a tasty start to your day. limited stock - elevate your breakfast game!,advertisement
organize your car trunk with the car trunk organizer! experience storage and convenience on the go. perfect for groceries and keeping your trunk tidy. limited stock - keep your trunk organized with ease!,advertisement
create healthy snacks with the food dehydrator! experience homemade dried fruits and treats. perfect for health-conscious individuals and tasty snacks. limited stock - snack on health and flavor!,advertisement
"escape, gather, and make memories! enjoy a picturesque garden setting. perfect for gardeners and transforming your outdoor space with a touch of garden pergola elegance!",advertisement
"strum the sitar, india s musical legacy! enjoy classical melodies and musical tradition. perfect for sitar players and immersing yourself in the beauty of indian music with a touch of sitar elegance!",advertisement
remove makeup gently with makeup remover! experience clean and refreshed skin. perfect for daily makeup removal and a fresh face. limited stock - cleanse your face and let your beauty shine!,advertisement
cozy up with a bedding set! experience comfort and coordinated style. perfect for a complete bedroom makeover and sweet dreams. limited stock - transform your bedroom with a touch of coziness!,advertisement
blend with ease using the countertop blender! experience smoothies and culinary delights with convenience. perfect for health enthusiasts and culinary artists. limited stock - blend your way to perfection!,advertisement
"craft away, colors at your fingertips! enjoy versatility and endless crafting possibilities. perfect for crafters and transforming plain paper into beautiful creations. limited stock - craft in style with a touch of artistic flair!",advertisement
"introducing cigarette pants! slim, ankle-length stylish. elevate business or casual attire with a sleek silhouette. shop now for a versatile wardrobe essential. cigarettepantsfashionupgrade",advertisement
keep an eye on your property with wireless security camera! experience peace of mind and remote surveillance. perfect for home security. limited stock - protect your home from anywhere!,advertisement
"explore the depths, conquer the waves! a reliable companion for divers. perfect for water enthusiasts and embarking on underwater journeys with a touch of diving watch resilience!",advertisement
