ad_text,label
stay active with a fitness magazine! experience fitness tips and motivating stories. perfect for fitness enthusiasts and reaching your health and wellness goals. limited stock - achieve fitness with a touch of motivation!,Scarcity
transform your hair with hair conditioner! experience silky and manageable locks. perfect for detangling and hair that shines. limited stock - condition your way to stunning hair!,Exaggerated Claims
"charge and conquer, wherever you roam! enjoy fast power and mobility. perfect for travelers and staying connected. limited stock - power up in style with a touch of portable energy!",Exaggerated Claims
revive your clothes with the garment steamer! experience wrinkle removal and garment care with ease. perfect for delicate fabrics and quick fixes. limited stock - refresh your clothes effortlessly!,Exaggerated Claims
"introducing our wide-leg trousers effortlessly chic and endlessly versatile. discover a flattering, comfortable fit that creates an elegant, elongated silhouette. elevate your style today!",Exaggerated Claims
"play and popcorn, little piggy! enjoy ample space and safe adventures. perfect for guinea pig lovers and giving your furry friend room to roam. limited stock - play in style with a touch of guinea pig delight!",Scarcity
"drive safely, stay connected! enjoy stability and convenience. perfect for drivers and keeping your phone accessible on the road. limited stock - drive in style with a touch of phone safety!",Fear Appeals
"stay cozy and stylish with our soft, graphic sweatshirts! perfect for laid-back days or making a bold statement. shop now for your new wearable art top! don t miss out! sweatshirtlove",FOMO
"bake and cook with ease using the stand mixer! experience effortless mixing and creative culinary endeavors. perfect for bakers and aspiring chefs. limited stock - mix, whip, and create with style!",Exaggerated Claims
make a statement with a cuff bracelet! experience bold style and individuality. perfect for showcasing your personality and accessorizing with flair. limited stock - stand out with a touch of uniqueness!,Scarcity
"embrace beach vibes, relax by the sea! flip-flops for beachgoers. perfect for seaside days and enjoying the breeze with a touch of flip-flop simplicity!",Exaggerated Claims
shop now and make a statement! unleash your inner wild side with our leopard-print blouse! this chic animal print adds sophistication to any outfit. a must-have addition to your wardrobe.,Urgency
maximize your space with floating shelves! experience minimalist and stylish wall storage. perfect for showcasing your decor and decluttering your space. limited stock - elevate your walls with a touch of functionality!,Scarcity
be prepared with the car battery charger! experience emergency power and quick jump-starts. perfect for roadside emergencies and peace of mind. limited stock - stay charged and ready for any situation!,Scarcity
leave a lasting impression with perfume! experience an alluring and long-lasting fragrance. perfect for special occasions and unforgettable scents. limited stock - captivate with your signature scent!,Scarcity
shield your eyes in style with sunglasses! experience eye protection and fashion-forward looks. perfect for sunny days and staying cool. limited stock - shade your eyes with a touch of chic!,Fear Appeals
"chill in style, furry friend! enjoy cooling technology and comfort. perfect for pet owners and beating the heat with your companion. limited stock - cool down in luxury with a touch of pet-cooling magic!",Scarcity
"stay warm this season with our chunky knit sweater! thick, textured perfect for cozy layering. unbeatable comfort style wrapped into one. shop now snuggle up!",Exaggerated Claims
elevate your style with women s fedora hats! experience the timeless elegance and charm of the classic fedora. perfect for making a stylish statement. limited stock - add a touch of class to your look!,Scarcity
"discover elegance with a twist! our tassel earrings, the perfect blend of fashionable threads beads, elevate your style! limited stock! don t miss them! shop now!",Urgency
"wrap, drape, or tie to elevate any outfit - the ultimate accessory for chic comfort. discover limitless style with our versatile oversized scarf! shop now transform your wardrobe!",Exaggerated Claims
"find comfort and style, rock casual coolness! clogs for those who appreciate easygoing fashion. perfect for those who love style and comfort with a touch of clog versatility!",Exaggerated Claims
"tape it, seal it, and get it done! enjoy precise tape application and packaging efficiency. perfect for shipping tasks and streamlining your process with a touch of tape dispenser ease!",Exaggerated Claims
"sway and unwind, nature s your sanctuary! enjoy peace and comfort. perfect for nature lovers and finding serenity in the outdoors. limited stock - relax in style with a touch of outdoor serenity!",Scarcity
define your brows with eyebrow pencil! experience perfectly arched and defined brows. perfect for framing your eyes and bold brows. limited stock - pencil your way to flawless eyebrows!,Scarcity
modernize your style with a silver necklace! experience sleek beauty and contemporary elegance. perfect for everyday wear and making a statement. limited stock - shine with a touch of modernity!,Scarcity
"sew with nostalgia, create with vintage charm! vintage sewing machines for craft enthusiasts. perfect for those who love sewing and crafting with a touch of vintage sewing machine flair!",Exaggerated Claims
"dive into science, explore young genius! science fair tickets for science enthusiasts. perfect for young minds eager to showcase scientific innovations with a touch of science fair discovery!",Exaggerated Claims
"guard your gadget, flaunt your style! enjoy protection and aesthetics. perfect for tech enthusiasts and showcasing your personality. limited stock - style your device with a touch of phone flair!",Fear Appeals
preserve your car s flooring with car floor mats! experience protection and easy cleaning. perfect for all-weather use and maintaining a clean interior. limited stock - protect your car s floors with care!,Fear Appeals
soar to new heights with an rc drone! experience aerial adventures and breathtaking views. perfect for drone enthusiasts and capturing the world from above. limited stock - take flight with a touch of exploration!,Scarcity
"thick, textured perfect for cozy layering. shop now snuggle up! unbeatable comfort style wrapped into one. stay warm this season with our chunky knit sweater!",Exaggerated Claims
light up your brilliance! enjoy adjustable illumination and eye-friendly work. perfect for late-night tasks and brightening your workspace with a touch of desk lamp radiance!,Exaggerated Claims
charge your devices sustainably with the solar-powered charger! experience eco-friendly power on the go. perfect for outdoor enthusiasts and eco warriors. limited stock - harness the power of the sun!,Scarcity
fuel your day with wholesome granola bars! experience the goodness and energy of wholesome snacks. perfect for active individuals and staying fueled on the go. limited stock - snack smart with a touch of vitality!,Scarcity
"chop, prep, and conquer your kitchen tasks! simplify your meal preparation. perfect for busy cooks and making cooking a breeze with a touch of electric food chopper efficiency!",Exaggerated Claims
boost your spirits with a motivational book! experience success and positive change. perfect for those seeking motivation and reaching new heights. limited stock - soar to success with a touch of inspiration!,Scarcity
"take flight, embrace adventure! a reliable companion for pilots. perfect for aviation enthusiasts and soaring to new heights with a touch of aviation pilot watch precision!",Exaggerated Claims
"discover elegance with our peplum blouse! fitted design meets a flared waist ruffle, perfect for adding dimension interest to your outfit. shop now to upgrade your wardrobe with timeless style.",Urgency
"rise above, work in comfort! enjoy adjustable height and productivity. perfect for remote workers and transforming your workspace. limited stock - work in style with a touch of laptop elevation!",Exaggerated Claims
"revamp your style, express your uniqueness! vintage clothing for fashion-forward individuals. perfect for trendsetters and embracing retro chicness with a touch of vintage clothing flair!",Exaggerated Claims
introducing our daring fishnet stockings transform your look with the edgy diamond-knit hosiery that adds a bold touch to any outfit perfect for date nights and girls night out shop now turn heads!,Exaggerated Claims
"spray, paint, and transform! enjoy efficient painting and even coverage. perfect for homeowners and giving your space a fresh look with a touch of paint sprayer efficiency!",Exaggerated Claims
gather for fun with a board game set! experience family game nights and unforgettable moments. perfect for bonding with loved ones and creating lasting memories. limited stock - roll the dice with a touch of togetherness!,Scarcity
"cool, work, and conquer! enjoy personal comfort and productivity. perfect for home offices and staying cool during work with a touch of desk fan comfort!",Exaggerated Claims
"jazz and soul, music s sweetest notes! enjoy smooth melodies and musical expression. perfect for saxophonists and adding soulful tunes to your music with a touch of saxophone charm!",Exaggerated Claims
"support, comfort, and cherish moments! enjoy relief during pregnancy. perfect for expecting moms and providing essential support with a touch of maternity support belt care!",Exaggerated Claims
"unleash imagination, create epic adventures! collectible action figures for collectors. perfect for action figure enthusiasts and embarking on heroic journeys with a touch of collectible action figure excitement!",Exaggerated Claims
"uncover history, journey through stamps! rare stamps for philatelists. perfect for stamp collectors and exploring the world s stories through postage with a touch of rare stamp fascination!",Exaggerated Claims
keep essentials within reach with a bedside table! experience convenience and style by your bedside. perfect for nighttime comfort and organization. limited stock - rest easy with a touch of practicality!,Scarcity
organize your bedroom with a dresser! experience storage and style. perfect for tidying up and maintaining a stylish bedroom. limited stock - keep your bedroom chic and organized!,Scarcity
"eat, bond, and create memories! enjoy stress-free mealtimes with your baby. perfect for parents and keeping your baby secure during meals with a touch of baby high chair convenience!",Fear Appeals
"reach for the stars, celebrate cosmic wonders! space memorabilia for space enthusiasts. perfect for space exploration aficionados and connecting with the mysteries of the universe with a touch of space memorabilia fascination!",Exaggerated Claims
dive into the gaming world with gaming console! experience immersive gameplay and exciting adventures. perfect for gamers of all levels. limited stock - level up your gaming experience!,Scarcity
take your bikes anywhere with the bike rack! experience easy bike transportation. perfect for cyclists and outdoor adventures. limited stock - carry your bikes with convenience!,Scarcity
take the party with you with the portable bluetooth speaker! experience high-quality sound and wireless freedom. perfect for outdoor adventures and groovy tunes. limited stock - bring the music wherever you go!,Scarcity
achieve salon-worthy hair with the hair dryer! experience fast and stylish hair drying. perfect for daily hair care and stunning hairstyles. limited stock - dry your hair in style!,Scarcity
"dry, cuddle, and cherish moments! enjoy soft and gentle drying for your little one. perfect for parents and keeping your baby cozy after bath time with a touch of baby bath towel tenderness!",Exaggerated Claims
dive in with swimming goggles! experience clear vision and pool adventures. perfect for swimming enthusiasts and underwater exploration. limited stock - make a splash with a touch of clarity!,Scarcity
"experience movie magic, walk the red carpet! film premiere tickets for film enthusiasts. perfect for movie buffs and stepping into the world of cinema with a touch of film premiere glamour!",Exaggerated Claims
cook up health with a healthy cookbook! experience delicious and nutritious recipes. perfect for foodies and embracing a healthy lifestyle. limited stock - savor health with a touch of flavor!,Scarcity
nurture green thumbs with a gardening magazine! experience blooming gardens and gardening wisdom. perfect for garden enthusiasts and creating your own outdoor oasis. limited stock - grow your paradise with a touch of nature!,Scarcity
"color your world, precision in every stroke! enjoy a rainbow of shades and detailed artwork. perfect for artists and adding life to your drawings with a touch of colored brilliance!",Exaggerated Claims
conquer the slopes with a ski set! experience winter sports and snowy adventures. perfect for skiers and enjoying the winter wonderland. limited stock - ski with a touch of exhilaration!,Exaggerated Claims
"create, share, and innovate! enjoy interactive sessions and visual thinking. perfect for teams and unleashing your creativity with a touch of whiteboard brilliance!",Exaggerated Claims
set up beach volleyball with a volleyball net! experience sandy fun and beach games. perfect for beachgoers and friendly matches. limited stock - serve and spike with a touch of beach vibes!,Scarcity
"cut it, tile it, and stand out! enjoy accurate tile cutting and craftsmanship. perfect for diy projects and achieving clean tile cuts with a touch of tile cutter precision!",Exaggerated Claims
enjoy all-day comfort with comfortable jeans! experience the perfect blend of style and ease. perfect for relaxed days and outings. limited stock - get ready for comfort and style!,Scarcity
control your home climate with the smart thermostat! experience energy savings and comfort. perfect for eco-conscious homeowners. limited stock - manage your home temperature intelligently!,Scarcity
drum to your beat with a toy drum set! experience rhythmic fun and musical creativity. perfect for young musicians and creating your own melodies. limited stock - make music with a touch of rhythm!,Scarcity
"beat to the roots, rhythm in your hands! enjoy earthy beats and musical versatility. perfect for percussionists and bringing the groove to your music with a touch of cajon rhythm!",Exaggerated Claims
create a comfortable indoor environment with the humidifier! experience balanced humidity and better air quality. perfect for dry seasons and respiratory health. limited stock - breathe easy with added moisture!,Scarcity
get creative with a diy crafts guide! experience creative projects and handmade delights. perfect for crafters and adding your personal touch to every creation. limited stock - craft with a touch of creativity!,Scarcity
accessorize your hair with a velvet hairband! experience trendy and effortless style. perfect for any hairstyle and enhancing your look. limited stock - tie it up with a touch of chic!,Exaggerated Claims
track your health with a fitness tracker! experience goal-reaching and monitoring your progress. perfect for health-conscious individuals and staying on top of your fitness journey. limited stock - reach your goals with a touch of motivation!,Scarcity
drive in comfort with the car seat cushion! experience added comfort and support on the road. perfect for long commutes and reducing fatigue. limited stock - enhance your driving comfort!,Scarcity
"nest and nurture, feathered friends! enjoy privacy and safety. perfect for bird enthusiasts and welcoming new additions to your avian family. limited stock - nestle in style with a touch of birdie elegance!",Fear Appeals
gear up for success with women s sportswear! experience style and performance for your active lifestyle. perfect for achieving your fitness goals in style. limited stock - elevate your workouts!,Scarcity
immerse yourself in storytelling with a fantasy graphic novel! experience stunning art and epic adventures. perfect for graphic novel fans and escaping into vivid worlds. limited stock - dive into fantasy with a touch of artistry!,Scarcity
keep your smile bright with electric toothbrush! experience thorough oral care and a sparkling smile. perfect for dental hygiene and a confident grin. limited stock - brush up on your smile s brilliance!,Scarcity
"shield your display, see it shine! enjoy protection and clarity. perfect for gadget lovers and preserving your screen. limited stock - protect in style with a touch of screen shine!",Fear Appeals
"strum the strings of heaven, music divine! enjoy angelic melodies and musical enchantment. perfect for harpists and creating heavenly tunes with a touch of harp serenity!",Exaggerated Claims
"showcase classic style, step into everyday sophistication! oxford flats for fashion enthusiasts. perfect for those who appreciate timeless fashion with a touch of oxford flat refinement!",Exaggerated Claims
"relive the classics, rediscover music history! vintage vinyl records for music enthusiasts. perfect for audiophiles and taking a nostalgic journey through music with a touch of vintage vinyl record magic!",Exaggerated Claims
"play with ease, keyboard at the perfect height! enjoy stability and ergonomic playing. perfect for musicians and enhancing your music setup with a touch of keyboard stand convenience!",Exaggerated Claims
color your world with a coloring book set! experience creative coloring and endless fun. perfect for artists of all ages and bringing your imagination to life. limited stock - color your dreams with a touch of creativity!,Scarcity
indulge in the romance of venice! immerse yourself in timeless love stories and artistic treasures. perfect for couples and embracing the venetian charm. limited availability - float into romance with a touch of italian allure!,Exaggerated Claims
"explore currencies, embrace numismatic wonders! collectible coins for coin aficionados. perfect for coin enthusiasts and diving into the fascinating world of currency with a touch of collectible coin fascination!",Exaggerated Claims
"flaunt your curves and make a bold statement in this ultra-sleek, figure-hugging masterpiece. introducing our bodycon dress! get ready to own the night! sleeksensation shop now turn heads.",Urgency
embark on thrilling journeys with a travel adventure book! experience wanderlust escapes and breathtaking adventures. perfect for adventurers and exploring the world s hidden treasures. limited stock - journey to new heights with a touch of exploration!,Scarcity
"change, travel, and keep it clean! enjoy convenient diaper changes on the move. perfect for parents and staying organized with a touch of baby changing diaper bag convenience!",Exaggerated Claims
grill and cook with versatility using the electric griddle! experience cooking options from pancakes to burgers. perfect for breakfast lovers and culinary experiments. limited stock - grill with ease and style!,Scarcity
elevate your game with a basketball! experience precision and slam dunks. perfect for practicing your skills and aiming for the three-pointer. limited stock - shoot hoops with a touch of excellence!,Scarcity
rally endlessly with tennis balls! experience endurance and court action. perfect for tennis matches and practicing your backhand. limited stock - volley with a touch of endurance!,Scarcity
select the best tools with a cookware guide! experience kitchen expertise and culinary mastery. perfect for home chefs and upgrading your kitchen arsenal. limited stock - cook like a pro with a touch of expertise!,Exaggerated Claims
"decorate with history, adorn your space! antique pottery for collectors. perfect for art enthusiasts and enhancing your space with a touch of antique pottery beauty!",Exaggerated Claims
"mix, create, and conquer your recipes! blend with precision in a compact design. perfect for small kitchens and achieving culinary greatness with a touch of handheld mixer versatility!",Exaggerated Claims
"garden, protect, and thrive! enjoy comfortable and safe gardening with reliable gloves. perfect for gardeners and keeping your hands in good shape with a touch of garden glove care!",Fear Appeals
explore science with a science experiment kit! experience hands-on learning and endless discoveries. perfect for young scientists and uncovering the mysteries of the world. limited stock - experiment with a touch of curiosity!,Scarcity
elevate your entertaining with a bar cart! experience stylish drink service and hospitality. perfect for hosting gatherings and impressing your guests. limited stock - serve and impress with a touch of sophistication!,Scarcity
"add character to your space, embrace vintage charm! antique furniture for those who appreciate classic style. perfect for vintage enthusiasts and elevating your living space with a touch of antique furniture elegance!",Exaggerated Claims
"embrace timeless style, step in elegance! classic loafers for fashion-forward individuals. perfect for those who appreciate versatile fashion with a touch of classic loafer sophistication!",Exaggerated Claims
"immerse in virtual reality, experience the future! virtual reality expo tickets for vr enthusiasts. perfect for those fascinated by vr tech and stepping into immersive virtual worlds with a touch of virtual reality expo wonder!",Exaggerated Claims
keep your backseat organized with the car backseat organizer! experience storage and entertainment on the go. perfect for road trips and keeping passengers happy. limited stock - keep your backseat tidy and enjoyable!,Scarcity
"dream in style, furry friend! enjoy plushness and support. perfect for dog owners and providing a cozy haven for your canine companion. limited stock - nap in luxury with a touch of canine comfort!",Scarcity
"make time fun, spark imagination! a watch that kids will love. perfect for parents and teaching your little ones to tell time with a touch of kids cartoon watch excitement!",Exaggerated Claims
"play the bagpipes, scotland in your hands! enjoy traditional melodies and musical boldness. perfect for bagpipers and adding a touch of bagpipe tradition to your music!",Exaggerated Claims
unwind in the serenity of santorini! dive into stunning vistas and greek hospitality. perfect for honeymooners and basking in the glow of the aegean. limited availability - escape to paradise with a touch of greek elegance!,Exaggerated Claims
"prune, shape, and flourish! enjoy efficient tree and bush trimming. perfect for gardeners and achieving clean and tidy pruning with a touch of garden pruning saw precision!",Exaggerated Claims
add a pop of color and comfort with an accent chair! experience style and relaxation. perfect for creating a focal point and cozy nooks. limited stock - brighten your space with a touch of personality!,Scarcity
"stand tall, embrace fashionable heights! platform heels for trendsetters. perfect for those who love to make a statement with a touch of platform heel glamour!",Exaggerated Claims
"cover your lens, secure your space! enjoy privacy and ease of use. perfect for remote workers and ensuring your peace of mind. limited stock - secure in style with a touch of webcam privacy!",Fear Appeals
elevate your professional attire with men s business suits! experience classic style and confidence. perfect for making a powerful impression in the corporate world. limited stock - suit up for success!,Exaggerated Claims
create a stylish bedroom retreat with a bed frame! experience restful nights and fashionable design. perfect for sweet dreams and a bedroom that s truly yours. limited stock - sleep in style and comfort!,Scarcity
unleash your inner artist with an art supplies kit! experience creative expression and endless artistry. perfect for artists of all levels and bringing your visions to life. limited stock - paint your masterpiece with a touch of creativity!,Scarcity
savor the goodness of an organic fruit basket! experience the freshness and variety of organic fruits. perfect for health-conscious individuals and nourishing your body. limited stock - indulge in nature s bounty with a touch of wellness!,Scarcity
"decorate, enchant, and create magic! enjoy a charming and unique garden space. perfect for gardeners and personalizing your garden with a touch of garden decoration creativity!",Exaggerated Claims
"stay cool stylish in our bermuda shorts! perfectly tailored, knee-length for a polished look. upgrade your warm-weather wardrobe now! visit our store, limited stock available.",Scarcity
"make a difference, protect the planet! environmental conservation tickets for eco-conscious individuals. perfect for environmentalists and joining the movement for a sustainable future with a touch of conservation event activism!",FOMO
boost your productivity with high-performance laptop! experience speed and versatility for work and entertainment. perfect for professionals and gamers alike. limited stock - power up your tech game!,Scarcity
"sip in style, stay refreshed! enjoy temperature control and convenience. perfect for outdoor enthusiasts and quenching your thirst on the go. limited stock - hydrate in style with a touch of insulated refreshment!",Scarcity
keep your car cool with the car window shade! experience sun protection and cooler interiors. perfect for sunny days and a comfortable ride. limited stock - block out the sun and enjoy cool drives!,Fear Appeals
fall in love with a romance novel! experience heartwarming love stories and passionate adventures. perfect for romantics and getting lost in tales of love. limited stock - embrace love with a touch of romance!,Scarcity
enjoy the warmth of freshly baked bread! experience the aroma and taste of homemade goodness. perfect for bread lovers and creating cozy moments. limited stock - savor the comfort with a touch of tradition!,Scarcity
"amplify your tunes, share the groove! enjoy booming sound and easy transport. perfect for music enthusiasts and setting the mood. limited stock - groove in style with a touch of bluetooth beats!",Scarcity
get sleek hair with hair straightener! experience frizz-free styling. perfect for a polished look and salon-worthy hair. limited stock - straighten your way to stunning locks!,Scarcity
swing perfectly with golf clubs! experience accuracy and green action. perfect for golfers and improving your swing. limited stock - tee off with a touch of precision!,Scarcity
"write the future, one stroke at a time! enjoy smooth writing and ink perfection. perfect for note-takers and making your mark with a touch of ballpoint pen excellence!",Exaggerated Claims
sip and savor with an exquisite tea set! experience luxury and elegance with fine teas. perfect for tea aficionados and elevating your tea time. limited stock - steep in opulence with a touch of refinement!,Scarcity
"stay cool stylish in our bermuda shorts! visit our store, limited stock available. perfectly tailored, knee-length for a polished look. upgrade your warm-weather wardrobe now!",Scarcity
keep your car clean with the car trash can! experience a clutter-free and tidy car interior. perfect for road trips and maintaining a clean vehicle. limited stock - keep your car trash-free and organized!,Scarcity
"cut with finesse, craft with ease! enjoy sharp blades and detailed crafting. perfect for crafters and achieving precise cuts with a touch of scissor mastery!",Exaggerated Claims
play ping pong with a ping pong paddle! experience friendly matches and table tennis fun. perfect for ping pong lovers and improving your skills. limited stock - volley with a touch of competitiveness!,Scarcity
prep your lips with lip scrub! experience soft and smooth lips ready for color. perfect for lipstick lovers and kissable lips. limited stock - scrub your way to irresistible lips!,Scarcity
"shop now website link ankleboots fashionstatement step into style with our versatile ankle boots! perfect with jeans, skirts, or dresses. elevate your look walk confidently.",Urgency
train at home with a dumbbell set! experience versatile strength training and building muscles. perfect for home fitness enthusiasts and sculpting your body. limited stock - train at home with a touch of convenience!,Scarcity
"dive into the vibrancy of barcelona! immerse yourself in art, culture, and culinary delights. perfect for culture enthusiasts and experiencing the essence of catalonia. limited availability - explore the city with a touch of spanish charm!",Exaggerated Claims
"upgrade your summer wardrobe with our stylish capri pants! ideal for casual outings, these three-quarter length pants end mid-calf, ensuring comfort and chic all season long. shop now and stay on-trend!",Urgency
satisfy your sweet cravings with gourmet dessert tarts! experience elegance and indulgence in every bite. perfect for dessert lovers and adding a touch of sophistication to your treats. limited stock - indulge in sweetness with a touch of luxury!,Scarcity
"step into automotive history, admire vintage beauty! vintage car show tickets for car enthusiasts. perfect for those who love classic automobiles and experiencing the nostalgia of vintage cars with a touch of vintage car show charm!",Exaggerated Claims
dive into the past with a history book! experience understanding our roots and unraveling history s mysteries. perfect for history buffs and connecting with the past. limited stock - journey through time with a touch of knowledge!,Scarcity
turn back the clock with anti-aging serum! experience reduced fine lines and wrinkles. perfect for youthful skin and a confident look. limited stock - rejuvenate your skin and embrace timeless beauty!,Scarcity
shop now for a trendy wardrobe upgrade! elevate your style turn heads wherever you go. experience luxury sophistication with our soft textured suede jacket.,Urgency
"oversized and durable, featuring ample pockets for all your on-the-go essentials. introducing the utility jacket military-inspired design meets ultimate functionality. get yours now and take on any day with style and efficiency!",Exaggerated Claims
expand your car s capabilities with the roof rack! experience extra storage and transport versatility. perfect for road trips and outdoor adventures. limited stock - carry more on your journeys!,Scarcity
"get yours today! discover timeless elegance with our classic wingtip shoes. step into luxury with a pointed, decorative toecap design, perfect for upgrading your formal attire.",Exaggerated Claims
"repel and relax, nature without the itch! enjoy bite-free outings and tranquility. perfect for nature enthusiasts and enjoying the outdoors bug-free. limited stock - repel in style with a touch of outdoor peace!",Scarcity
dare to be fierce! bold black white stripes guarantee turning heads. get yours today. limited stock. quality flair in one stunning piece. unleash your wild side with our stunning zebra-print coat!,Scarcity
build strength with a dumbbell set! experience muscle growth and fitness gains. perfect for weightlifting and sculpting your body. limited stock - lift your way to a strong physique with a touch of power!,Scarcity
marvel at the sydney opera house! immerse yourself in world-class performances and architectural beauty. perfect for art lovers and witnessing the epitome of creativity. limited availability - witness artistry with a touch of australian pride!,Exaggerated Claims
groove and rock the stage! enjoy powerful bass lines and musical impact. perfect for bassists and adding depth to your music with a touch of bass guitar brilliance!,Exaggerated Claims
"trek with confidence, every step a breeze! enjoy stability and comfort. perfect for hikers and conquering challenging terrain. limited stock - trek in style with a touch of outdoor prowess!",Exaggerated Claims
diagnose your car with the car diagnostic tool! experience identifying vehicle issues with ease. perfect for diy mechanics and staying informed about your car s health. limited stock - diagnose and fix problems like a pro!,Scarcity
"transform your wardrobe today! fashionupgrade sophisticatedlook refine your style with our elegant double-breasted blazer - boasting two parallel rows of buttons, sophistication and polish await.",Exaggerated Claims
shine bright in our sequin blouse! elevate your evenings with stunning sequin adornments that capture the spotlight. perfect for glamorous occasions. limited stock - make it yours!,Scarcity
brighten your eyes with eye cream! experience reduced dark circles and puffiness. perfect for a refreshed look and youthful eyes. limited stock - revitalize your eyes and brighten your world!,Scarcity
blend with precision using the versatile blender! experience smoothies and culinary masterpieces with ease. perfect for health enthusiasts and culinary artists. limited stock - blend your way to perfection!,Scarcity
"get ready to flaunt a chic, modern look! shop now embrace your fashion-forward side. upgrade your wardrobe with our mesh panel leggings! experience unmatched comfort style while staying cool.",Urgency
immerse in timeless tales with classic literature! experience literary masterpieces and enduring stories. perfect for literature enthusiasts and exploring the classics. limited stock - rediscover the classics with a touch of nostalgia!,Scarcity
collect memories with a charm necklace! experience personal style and sentimental beauty. perfect for adding unique charms and expressing yourself. limited stock - cherish moments with a touch of individuality!,Scarcity
bake your own bread with the bread maker! experience the aroma and taste of freshly baked bread. perfect for bread enthusiasts and homemade goodness. limited stock - savor the warmth of homemade bread!,Scarcity
protect your car with the car steering wheel lock! experience theft prevention and added security. perfect for safeguarding your vehicle and peace of mind. limited stock - keep your car safe and secure!,Fear Appeals
"commemorate leaders, celebrate political history! presidential memorabilia for history buffs. perfect for political enthusiasts and preserving the legacy of leaders with a touch of presidential memorabilia pride!",Exaggerated Claims
"introducing the boyfriend blazer effortlessly chic, oversized, and perfect for any occasion. comfort meets style. shop now! add a sophisticated touch to your wardrobe for a casual, trendy look.",Exaggerated Claims
"monitor your doorstep with smart doorbell camera! experience peace of mind and easy access control. perfect for enhancing your home security. limited stock - keep an eye on your home, wherever you are!",Scarcity
"store, write, and impress! enjoy organized pen storage and style. perfect for professionals and elevating your workspace with a touch of pen holder elegance!",Exaggerated Claims
"play the didgeridoo, connect with the earth! enjoy ancient tones and musical resonance. perfect for didgeridoo players and experiencing the earth s music with a touch of didgeridoo authenticity!",Exaggerated Claims
enjoy perfect rice with the rice cooker! experience foolproof rice cooking and delicious meals. perfect for rice lovers and meal perfectionists. limited stock - cook rice to perfection with ease!,Scarcity
"glide on water, explore with ease! enjoy adventure and convenience. perfect for water enthusiasts and discovering hidden gems on the water. limited stock - paddle in style with a touch of aquatic discovery!",Scarcity
delight in the flavors of a gourmet cheese platter! experience the complexity and elegance of fine cheeses. perfect for cheese enthusiasts and elevating your gatherings. limited stock - savor the sophistication with a touch of indulgence!,Scarcity
"embrace the past, celebrate craftsmanship! a timeless piece of history. perfect for collectors and experiencing the art of horology with a touch of vintage mechanical watch nostalgia!",Exaggerated Claims
"start, nurture, and grow! enjoy hassle-free seed planting and growth. perfect for beginners and kickstarting your garden with a touch of seed starter kit simplicity!",Exaggerated Claims
refresh your day with fresh fruit smoothies! experience the vitality and flavor of fruity goodness. perfect for health-conscious individuals and staying refreshed. limited stock - sip your way to wellness with a touch of fruitfulness!,Scarcity
"adorn your wrist, embrace timeless elegance! vintage watches for watch connoisseurs. perfect for watch collectors and adding a touch of vintage watch sophistication to your style!",Exaggerated Claims
"sketch your dreams, let imagination flow! enjoy blank pages and creative freedom. perfect for artists and capturing your inspirations on paper. limited stock - sketch in style with a touch of artistic inspiration!",Scarcity
elevate your professional attire with women s business suits! experience classic style and confidence. perfect for making a powerful impression in the corporate world. limited stock - suit up for success!,Exaggerated Claims
"shop now for a versatile wardrobe essential. elevate business or casual attire with a sleek silhouette. introducing cigarette pants! slim, ankle-length stylish. cigarettepantsfashionupgrade",Urgency
craft delectable dishes with gourmet pasta selection! experience the variety and quality of gourmet pasta. perfect for pasta lovers and turning your meals into culinary masterpieces. limited stock - cook with finesse with a touch of pasta!,Scarcity
"add elegance to your attire, step into sophistication! formal pumps for formal events. perfect for those who appreciate refined style with a touch of formal pump glamour!",Exaggerated Claims
"introducing the boyfriend blazer effortlessly chic, oversized, and perfect for any occasion. add a sophisticated touch to your wardrobe for a casual, trendy look. comfort meets style. shop now!",Exaggerated Claims
"discover sleek sophistication with our tailored sheath dress - a figure-flattering, knee-length stunner that hugs your curves and exudes effortless elegance. embrace your inner fashionista today.",Exaggerated Claims
"process, create, and save time in the kitchen! achieve culinary excellence effortlessly. perfect for chefs at heart and bringing culinary creativity to new heights with a touch of food processor innovation!",Exaggerated Claims
stay warm with a throw blanket! experience added warmth and coziness on chilly days. perfect for snuggling up and staying comfortable. limited stock - cuddle up with a touch of softness!,Scarcity
"elevate leadership skills, lead with impact! leadership summit tickets for aspiring leaders. perfect for those aiming to excel in leadership roles and inspiring others with a touch of leadership summit excellence!",Exaggerated Claims
"pocket-sized power, adventure with confidence! enjoy preparedness and versatility. perfect for adventurers and being ready for any outdoor challenge. limited stock - adventure in style with a touch of survival readiness!",Scarcity
get your car gleaming with the car wash kit! experience a thorough and shiny clean. perfect for diy car care and maintaining a pristine exterior. limited stock - wash your car to perfection!,Scarcity
elevate your dishes with gourmet olive oil! experience the richness and flavor of premium olive oil. perfect for home chefs and adding a gourmet touch to your recipes. limited stock - cook with flair with a touch of sophistication!,Exaggerated Claims
conduct experiments with a science lab set! experience scientific discoveries and hands-on learning. perfect for aspiring scientists and unlocking the secrets of the universe. limited stock - discover with a touch of curiosity!,Scarcity
explore fine whiskeys with a whiskey tasting set! experience the complexity and flavors of premium spirits. perfect for whiskey enthusiasts and raising your glass to exceptional taste. limited stock - toast to flavor with a touch of whiskey!,Exaggerated Claims
timeless elegance at your wrist! elevate your style with precision. perfect for fashion-forward individuals and making every second count with a touch of classic leather watch sophistication!,Exaggerated Claims
"label it, find it, and impress! enjoy organized spaces and professionalism. perfect for offices and adding a touch of label perfection to your organization with a label maker touch!",Exaggerated Claims
discover unparalleled style comfort with our duster coats - the perfect blend of chic lightweight design for a sleek silhouette that falls below the knee. elevate your wardrobe now!,Exaggerated Claims
"delve into history, hold literary masterpieces! rare manuscripts for book enthusiasts. perfect for book lovers and connecting with literary greats through handwritten works with a touch of rare manuscript fascination!",Exaggerated Claims
run in comfort with running shoes! experience support and a smooth run. perfect for jogging and achieving your fitness goals. limited stock - hit the track with a touch of comfort and style!,Scarcity
"paint with water s magic, flow and blend! enjoy transparency and vibrant hues. perfect for watercolor enthusiasts and bringing your art to life with a touch of aqueous wonder!",Exaggerated Claims
score goals with a soccer ball! experience action and goal-scoring fun. perfect for soccer enthusiasts and friendly matches. limited stock - kick it with a touch of excitement!,Scarcity
"dive into science, explore innovative thinking! science symposium tickets for science enthusiasts. perfect for those who love scientific exploration and engaging with experts with a touch of science symposium fascination!",Authority Manipulation
"sparkling moments, luxurious style! adorn your wrist with brilliance. perfect for special occasions and celebrating life s milestones with a touch of elegant diamond watch opulence!",Exaggerated Claims
"discover your new summer essential! our stylish kaftans are perfect as chic dresses or beach cover-ups, featuring wide sleeves a breezy fit. get yours now and stay fashionably cool!",Exaggerated Claims
sparkle at parties with our women s party dress! experience the magic of celebration in this stunning dress. perfect for birthdays and special occasions. limited stock - get ready to shine!,Scarcity
"stay safe, work with confidence! slip-resistant shoes for professionals. perfect for those who prioritize safety at work with a touch of slip-resistant shoe reliability!",Fear Appeals
"discover timeless style unbeatable comfort with our henley shirts! casual meets chic in these collarless, button-up wonders. elevate your wardrobe - shop now! limited stock.",Urgency
step into miniature worlds with a dollhouse! experience imaginative play and endless adventures. perfect for storytellers and creating your own tiny tales. limited stock - enter a world of imagination with a touch of enchantment!,Scarcity
"sterilize, protect, and ensure safety! enjoy hygienic bottles for your baby. perfect for parents and keeping your baby s bottles clean and safe with a touch of baby bottle sterilizer efficiency!",Fear Appeals
"write with sophistication, pen your thoughts! vintage fountain pens for pen enthusiasts. perfect for writers and adding elegance to your words with a touch of vintage fountain pen flair!",Exaggerated Claims
"clip it, organize it, and get it done! enjoy document organization and security. perfect for students and professionals and adding a touch of binder clip practicality to your documents!",Exaggerated Claims
enter magical realms with a fantasy book! experience epic quests and enchanting adventures. perfect for fantasy lovers and escaping into otherworldly wonders. limited stock - embark on a journey with a touch of magic!,Scarcity
discover the perfect blend of style comfort with our shift dress - the ultimate wardrobe staple that flatters every shape! shop now for a versatile chic knee-length steal. say hello to effortless elegance.,Exaggerated Claims
"folder it, find it, and succeed! enjoy categorized files and easy access. perfect for professionals and staying organized with a touch of file folder precision!",Exaggerated Claims
"hit the road in style, embrace motorcycle adventures! motorcycle boots for riders. perfect for motorcycle enthusiasts and adding a touch of motorcycle boot toughness to your journey with a touch of motorcycle boot charm!",Exaggerated Claims
"beat in the digital world, music unleashed! enjoy digital percussion and musical versatility. perfect for electronic drummers and exploring limitless musical possibilities with a touch of electronic drumming magic!",Exaggerated Claims
"stay comfortable, rock casual coolness! sneakers for trendsetters. perfect for those who appreciate style and comfort with a touch of sneaker versatility!",Exaggerated Claims
enjoy the flavor of freshly brewed beer! experience the craftsmanship and taste of artisanal beer. perfect for beer connoisseurs and raising your glass to good times. limited stock - toast to flavor with a touch of brewing!,Scarcity
stay cozy and stylish with classic cardigans! experience timeless comfort and fashion in these must-have cardigans. perfect for a classic and elegant look. limited stock - wrap yourself in style!,Scarcity
embrace timeless grace with a pearl necklace! experience sophistication and classic beauty. perfect for special occasions and enhancing your charm. limited stock - shine with a touch of elegance!,Scarcity
rally with friends using a badminton set! experience fast-paced rallies and outdoor fun. perfect for badminton enthusiasts and friendly matches. limited stock - smash your way to victory with a touch of competition!,Scarcity
enjoy the comfort and style of casual shorts! perfect for casual days and outdoor adventures. limited stock - get ready for comfort and ease!,Scarcity
"display, grow, and elevate! enjoy creative vertical gardening. perfect for gardeners and adding dimension to your garden with a touch of garden trellis planter artistry!",Exaggerated Claims
make laundry a breeze with the high-efficiency washing machine! experience cleaner and fresher clothes effortlessly. perfect for busy households and saving time. limited stock - upgrade your laundry game!,Exaggerated Claims
"experience cinematic wonders, embrace storytelling! film screening tickets for film enthusiasts. perfect for movie buffs and stepping into the world of cinema with a touch of film screening excitement!",Exaggerated Claims
shop now - be effortlessly stylish! upgrade your wardrobe with our chic jumpsuit the perfect blend of style and comfort. our one-piece top pants combo creates a sleek silhouette that s a must-have.,Exaggerated Claims
"eat, explore, and savor flavors! enjoy mess-free and fun mealtimes with your baby. perfect for parents and making mealtime memories with a touch of baby feeding set convenience!",Exaggerated Claims
experience luxury sophistication with our soft textured suede jacket. elevate your style turn heads wherever you go. shop now for a trendy wardrobe upgrade!,Urgency
"cook and feast, nature s your kitchen! enjoy versatile cooking and outdoor gourmet. perfect for foodies and creating memorable outdoor feasts. limited stock - cook in style with a touch of outdoor culinary flair!",Scarcity
"witness groundbreaking software, glimpse the future! software launch tickets for software enthusiasts. perfect for tech-savvy individuals and being part of the software revolution with a touch of software launch excitement!",Exaggerated Claims
"stay cozy stylish this season with our cowl-neck sweaters! embrace elegance in a draped, fold-over neckline that keeps you warm snug. limited stock. get yours now!",Scarcity
keep your tires in top shape with the tire pressure gauge! experience optimal tire pressure for safety and fuel efficiency. perfect for regular maintenance and smooth rides. limited stock - check your tire pressure with ease!,Fear Appeals
"play the ocarina, magic in your hands! enjoy whimsical melodies and musical charm. perfect for ocarinists and bringing a touch of magic to your music with the enchanting ocarina!",Exaggerated Claims
"conquer the outdoors, stay tactical! built for adventurers. perfect for outdoor enthusiasts and tackling challenges with a touch of tactical military watch durability!",Exaggerated Claims
"discover timeless sophistication with our windowpane-check shirt. made from high-quality fabric, its grid-like pattern ensures effortless style for both. get yours now and redefine your wardrobe!",Exaggerated Claims
be prepared for emergencies with the car first aid kit! experience safety and emergency preparedness. perfect for road trips and peace of mind. limited stock - stay prepared and safe on the road!,Fear Appeals
stay snug. perfect for any occasion. be stylish. shop now! elegance meets coziness. introducing the chenille sweater experience ultimate warmth comfort in our deluxe plush knitwear.,Exaggerated Claims
"paint on fabric, wear your art! enjoy fabric-friendly colors and personalization. perfect for fashion enthusiasts and adding a touch of artistic flair to your wardrobe!",Exaggerated Claims
"step into elegance with our stunning t-strap sandals! flat or heeled, experience comfort style. perfect for any occasion, upgrade your shoe game today. discover the perfect pair - don t wait!",Exaggerated Claims
"carve it, craft it, and create! enjoy woodworking precision and control. perfect for artisans and adding artistic detail to your projects with a touch of chisel set mastery!",Exaggerated Claims
"bind it, secure it, and impress! enjoy document binding and professionalism. perfect for offices and adding a touch of staple perfection to your documents with a stapler touch!",Fear Appeals
"reveal your captivating charm in our ruched-top dress! tailored for perfection, this form-fitting silhouette accentuates your curves with its flawlessly gathered fabric. be the ultimate enchantress!",Exaggerated Claims
"organize like a pro, conquer your desk! enjoy clutter-free productivity and workspace efficiency. perfect for professionals and keeping your desk in top shape with a touch of desk organizer magic!",Exaggerated Claims
introducing our trendy racerback tank! it s a stylish and sporty sleeveless top featuring a unique t-shaped strap design across the upper back. get ready for comfort and compliments! shop now.,Urgency
"hydrate, revive, and thrive! enjoy uniform and efficient garden watering. perfect for gardeners and keeping your plants happy with a touch of garden sprinkler precision!",Exaggerated Claims
"write, erase, and innovate! enjoy creative brainstorming and visual clarity. perfect for teams and unlocking your ideas with a touch of dry erase board ingenuity!",Exaggerated Claims
embrace timeless style with our girls denim jacket! elevate your wardrobe with this classic piece featuring a fashionable twist. perfect for creating chic outfits. limited stock - make it yours!,Scarcity
"get yours now and stay fashionably cool! discover your new summer essential! our stylish kaftans are perfect as chic dresses or beach cover-ups, featuring wide sleeves a breezy fit.",Exaggerated Claims
"display your audio treasures, stay neat! enjoy headphone storage and accessibility. perfect for audiophiles and tidying up your workspace. limited stock - organize in style with a touch of headphone elegance!",Scarcity
"flip, find, and connect! enjoy easy contact management and accessibility. perfect for professionals and organizing your contacts with a touch of rolodex convenience!",Exaggerated Claims
"embrace elegance, adorn your space! antique furniture for interior aficionados. perfect for interior decorators and adding a touch of antique charm to your home with a touch of antique furniture sophistication!",Exaggerated Claims
"unleash your potential with versatile tablet! experience the power of a tablet for work, creativity, and entertainment. perfect for staying productive and inspired. limited stock - unlock endless possibilities!",Scarcity
"upgrade your wardrobe with our mesh panel leggings! experience unmatched comfort style while staying cool. get ready to flaunt a chic, modern look! shop now embrace your fashion-forward side.",Urgency
boost your skin with facial sheet masks! experience instant revitalization. perfect for a spa day at home and glowing skin. limited stock - pamper your skin with sheet mask magic!,Scarcity
harmonize and let the tones resonate! enjoy clear melodies and musical harmony. perfect for xylophonists and creating melodious tunes with a touch of xylophone resonance!,Exaggerated Claims
dive into summer with women s swimwear! experience stylish comfort for aquatic adventures. perfect for pool days and beach fun. limited stock - make a splash today!,Scarcity
"carry, bond, and create memories! enjoy closeness and convenience with your baby. perfect for parents and keeping your little one snug with a touch of baby sling carrier love!",Exaggerated Claims
pamper your cat with the best! indulge in gourmet flavors and top-notch nutrition. perfect for cat lovers and keeping your feline family member happy and healthy. limited stock - whisker-licking goodness with a touch of luxury!,Exaggerated Claims
keep your car organized with the car organizer! experience tidy storage and clutter-free interiors. perfect for busy lifestyles and maintaining a clean car. limited stock - declutter your car with ease!,Scarcity
jump into fitness with a jump rope! experience cardio workouts and improved endurance. perfect for athletes and boosting your stamina. limited stock - jump into fitness with a touch of energy!,Scarcity
cook up a storm with a cooking magazine! experience culinary inspiration and delicious recipes. perfect for foodies and mastering the art of cooking. limited stock - whip up a feast with a touch of flavor!,Scarcity
"shine with resilience, wear stainless steel! a watch built to last. perfect for individuals on the go and enjoying a polished look with a touch of stainless steel watch strength!",Exaggerated Claims
"open, serve, and simplify your kitchen tasks! get cans open with ease. perfect for busy kitchens and streamlining your meal preparation with a touch of electric can opener efficiency!",Exaggerated Claims
"stay connected, stay smart! designed for the tech-savvy. perfect for modern individuals and staying ahead of the curve with a touch of digital smartwatch innovation!",Exaggerated Claims
"dance through life, embrace grace! ballet flats for those who love elegant simplicity. perfect for ballet enthusiasts and adding a touch of graceful charm to your day with a touch of ballet flat sophistication!",Exaggerated Claims
elevate your style with a diamond necklace! experience elegance and timeless beauty. perfect for any occasion and making a statement. limited stock - shine with a touch of sophistication!,Scarcity
embrace your inner wanderer with the boho maxi dress! experience the free-spirited look and flowing fabric that s perfect for adventurous souls. limited stock - elevate your style today!,Scarcity
"limited stock - shop now! comfy meets chic - elevate your wardrobe. unique, stylish bohemian vibes with a dropped crotch loose legs. discover harem pants!",Urgency
"protect your skin with sunscreen! experience sun protection and healthy, glowing skin. perfect for sunny days and outdoor adventures. limited stock - shield your skin from the sun s rays!",Fear Appeals
"explore the future of e-commerce, grow your business! e-commerce summit tickets for entrepreneurs. perfect for e-commerce enthusiasts and staying ahead in the online business world with a touch of e-commerce summit innovation!",Exaggerated Claims
discover our classic button-up plaid shirt bold or subtle patterns for versatile style. elevate your fashion game. upgrade your wardrobe! shop now!,Urgency
"add elegance, express your beauty! elevate your fashion game. perfect for fashion-forward women and making a statement with a touch of fashionable women s watch sophistication!",Exaggerated Claims
"simplify your meal prep with the food processor! experience effortless chopping, slicing, and more. perfect for busy kitchens and creative cooking. limited stock - chop, slice, and dice with ease!",Exaggerated Claims
gear up for success with men s sportswear! experience style and performance for your active lifestyle. perfect for achieving your fitness goals in style. limited stock - elevate your workouts!,Scarcity
elevate your lashes with eyelash curler! experience captivating and beautifully curled lashes. perfect for expressive eyes and unforgettable glances. limited stock - curl your lashes and captivate hearts!,Scarcity
"immerse in creativity, embrace artistic brilliance! art exhibition tickets for art lovers. perfect for those who appreciate visual art and exploring the depths of creativity with a touch of art exhibition inspiration!",Exaggerated Claims
discover our top-selling skinny jeans designed to sculpt your figure and flatter every curve! upgrade your wardrobe with jeans that fit impeccably offer lasting style. shop now!,Urgency
"travel in style, embark on retro adventures! vintage luggage for adventurers. perfect for travelers and exploring the world with a touch of vintage luggage sophistication!",Exaggerated Claims
"beat in silence, music comes alive! enjoy quiet drumming and electronic versatility. perfect for drummers and exploring endless musical possibilities with a touch of electric drum pad innovation!",Exaggerated Claims
"type without worry, keep it tidy! enjoy spill protection and comfort. perfect for writers and safeguarding your keyboard. limited stock - type in style with a touch of keyboard care!",Fear Appeals
"secure your digital world, protect with expertise! software security conference tickets for security professionals. perfect for cybersecurity experts and gaining insights into digital protection with a touch of software security conference empowerment!",Fear Appeals
"discover unparalleled comfort style with our palazzo pants! perfectly wide flowing, these relaxed-fit wonders effortlessly elevate your wardrobe. shop now embrace the best of both worlds!",Exaggerated Claims
monitor your progress with a fitness tracker! experience health tracking and workout insights. perfect for fitness enthusiasts and achieving your goals. limited stock - track your journey with a touch of data!,Scarcity
"swaddle, cuddle, and bond! enjoy warmth and snugness for your little one. perfect for parents and ensuring your baby sleeps peacefully with a touch of baby swaddle blanket comfort!",Exaggerated Claims
"introducing the velvet blazer - luxurious, soft, and versatile. elevate your style for any occasion. experience sheer elegance in every wear. get yours now and embrace ultimate sophistication.",Exaggerated Claims
croptoplove fashionforward show off your playful side flaunt a contemporary look. limited stock. elevate any outfit - get yours today! stay ahead in style with our chic crop tops!,Scarcity
"compose, record, and let music flow! enjoy digital precision and musical creativity. perfect for pianists and exploring limitless musical possibilities with a touch of piano elegance!",Exaggerated Claims
shine with lip gloss! experience glossy and eye-catching lips. perfect for a pop of shine and luscious pouts. limited stock - gloss up your lips for irresistible charm!,Scarcity
"dip it, paint it, and transform! enjoy mess-free painting and convenience. perfect for homeowners and giving your space a fresh look with a touch of paint tray practicality!",Exaggerated Claims
add a touch of elegance with our girls floral blouse! elevate your style with delicate floral patterns and a charming design. perfect for special occasions and everyday beauty. limited stock - blossom with style!,Scarcity
"stay active, embrace sporty style! athletic sneakers for fitness enthusiasts. perfect for athletes and keeping up with an active lifestyle with a touch of athletic sneaker flair!",Exaggerated Claims
discover the perfect blend of style comfort with our asymmetrical dresses! turn heads with unique hemlines designs that create visual intrigue - shop now redefine your fashion game!,Urgency
"enjoy the sun, relax in comfort! casual sandals for those who love laid-back style. perfect for beachgoers and soaking up the sun with a touch of casual sandal ease!",Exaggerated Claims
glide smoothly with roller skates! experience retro fun and stylish glides. perfect for roller skaters and reliving the nostalgic days. limited stock - roll with style and a touch of nostalgia!,Scarcity
"connect it all, effortlessly! enjoy extra ports and data flow. perfect for multitaskers and streamlining your work. limited stock - connect in style with a touch of usb versatility!",Exaggerated Claims
discover our ruffleneck sweater - a perfect blend of style and warmth! stay cozy in a bold oversized collar that elevates your winter wardrobe. shop now for a statement piece that turns heads!,Urgency
"get ready to laugh out loud, enjoy comedic brilliance! comedy show tickets for comedy enthusiasts. perfect for those who love humor and experiencing comedic talent with a touch of comedy show hilarity!",Exaggerated Claims
"toast, savor, and start your day with a crunch! enjoy golden brown toast in minutes. perfect for breakfast enthusiasts and adding a touch of crispy goodness to your mornings with a toaster s precision!",Exaggerated Claims
"elevate your ensemble, step in versatility! ankle boots for fashion-forward individuals. perfect for those who appreciate flexible fashion with a touch of ankle boot versatility!",Exaggerated Claims
elevate your style with diamond earrings! experience luxury and timeless beauty. perfect for any occasion and making a statement. limited stock - shine with a touch of opulence!,Scarcity
unleash your wild side with our stunning zebra-print coat! bold black white stripes guarantee turning heads. quality flair in one stunning piece. dare to be fierce! limited stock. get yours today.,Scarcity
upgrade your wardrobe! discover our classic button-up plaid shirt bold or subtle patterns for versatile style. elevate your fashion game. shop now!,Urgency
"dehydrate, snack, and relish nature s flavors! enjoy homemade dried treats. perfect for health-conscious snackers and savoring the goodness of dried fruits with a touch of food dehydrator artistry!",Exaggerated Claims
elevate your style with men s fedora hats! experience the timeless elegance and charm of the classic fedora. perfect for making a stylish statement. limited stock - add a touch of class to your look!,Scarcity
"create with nostalgia, write with vintage flair! vintage typewriters for wordsmiths. perfect for writers and crafting stories with a touch of vintage typewriter charm!",Exaggerated Claims
embark on a historical journey in cairo! dive into ancient wonders and vibrant markets. perfect for history buffs and unlocking the secrets of the pharaohs. limited availability - unravel the past with a touch of egyptian mystique!,Exaggerated Claims
elevate your style with men s denim jeans! experience classic style and unmatched comfort with these must-have jeans. perfect for a timeless look. limited stock - choose your fit today!,Scarcity
expand your freezer space with the stand-up freezer! experience ample storage for frozen goods. perfect for bulk shopping and freezing leftovers. limited stock - freeze and store with convenience!,Scarcity
"sway under the stars, camp in style! enjoy relaxation and simplicity. perfect for campers and embracing the outdoor breeze. limited stock - relax in style with a touch of hammock heaven!",Scarcity
"work safe, work comfortable! enjoy hand protection and comfort. perfect for diy projects and ensuring safety and comfort with a touch of work glove confidence!",Fear Appeals
"embrace nature, wear sustainability! crafted from wood with love for the planet. perfect for eco-conscious individuals and making a green statement with a touch of wooden wristwatch eco-friendliness!",Exaggerated Claims
"caulk it, seal it, and impress! enjoy controlled caulking and precision. perfect for home improvement and achieving neat seals with a touch of caulking gun finesse!",Exaggerated Claims
start your day right with the coffee maker! experience the aroma and flavor of freshly brewed coffee. perfect for coffee enthusiasts and busy mornings. limited stock - savor every sip of your coffee!,Scarcity
"enhance online security, protect with knowledge! cybersecurity workshop tickets for security enthusiasts. perfect for those who prioritize cybersecurity and gaining expertise with a touch of cybersecurity workshop empowerment!",Fear Appeals
"witness the action, cheer for victory! sports game tickets for sports enthusiasts. perfect for those who love the adrenaline of live games and supporting their favorite teams with a touch of sports game excitement!",Exaggerated Claims
"sip and savor, indulge in wine delights! wine tasting event tickets for wine connoisseurs. perfect for wine lovers and embarking on a sensory journey through exquisite wines with a touch of wine tasting elegance!",Exaggerated Claims
"waffle, indulge, and start your day with a treat! enjoy perfect waffles in minutes. perfect for breakfast enthusiasts and adding a touch of crispy deliciousness to your mornings with a waffle maker s perfection!",Exaggerated Claims
"introducing the pencil skirt elegance meets comfort with this knee-length, slim-fitting skirt. hugging your hips and gently tapering at the bottom, it s perfect for any occasion. upgrade your wardrobe now!",Exaggerated Claims
"saddle up, embrace western style! cowboy boots for adventurous souls. perfect for western enthusiasts and adding a touch of cowboy boot ruggedness to your journey with a touch of cowboy boot charm!",Exaggerated Claims
"fix it all, build it all! enjoy versatility and all-in-one convenience. perfect for handymen and having the right tools at your fingertips with a touch of tool set completeness!",Exaggerated Claims
"step up your summer, shine in sunny style! espadrille wedges for summer fashionistas. perfect for sunny days and elevating your look with a touch of espadrille wedge charm!",Exaggerated Claims
introducing our classic denim jacket - timeless style meets unbeatable durability! perfect for any wardrobe. upgrade yours transform any outfit instantly. get yours now! bit.ly denim-jacket,Exaggerated Claims
say goodbye to dishwashing with the efficient dishwasher! experience spotless dishes and more free time. perfect for busy kitchens and hosting dinners. limited stock - let the dishwasher do the work!,Scarcity
"sit, relax, and conquer tasks! enjoy ergonomic comfort and work efficiency. perfect for professionals and elevating your workspace with a touch of desk chair luxury!",Exaggerated Claims
stay safe and comfortable with anti-slip socks! experience peace of mind with added grip and warmth. perfect for preventing slips and keeping your feet cozy. limited stock - step confidently!,Fear Appeals
step up your style game with our chic platform heels ! boost your height confidence while experiencing ultimate comfort. walk tall turn heads. shop now! limited stock free shipping.,Urgency
find serenity with a yoga mat! experience stress-relieving yoga and comfortable workouts. perfect for yogis and enhancing your practice. limited stock - find your inner calm with a touch of tranquility!,Scarcity
"adorn yourself, shine with vintage elegance! vintage jewelry for jewelry lovers. perfect for jewelry connoisseurs and embracing timeless beauty with a touch of vintage jewelry allure!",Exaggerated Claims
"feed, nurture, and flourish! enjoy vibrant and lush plants. perfect for gardeners and giving your plants the best care with a touch of plant fertilizer expertise!",Exaggerated Claims
have sweet dreams in our girls pajama set! experience cozy comfort and adorable designs for bedtime. perfect for nights filled with imagination. limited stock - get ready for dreamy nights!,Scarcity
embrace royal elegance with a crystal tiara! experience regal beauty and sophistication. perfect for special occasions and feeling like royalty. limited stock - crown yourself with a touch of grandeur!,Scarcity
"protect your provisions, camp with peace! enjoy safety and wildlife resistance. perfect for campers in bear country and securing your food. limited stock - camp in style with a touch of outdoor security!",Fear Appeals
boost your vitality with nutritional supplements! experience optimal health and well-being. perfect for health-conscious individuals and enhancing your vitality. limited stock - boost your health with a touch of vitality!,Scarcity
navigate with confidence using the car gps navigation! experience accurate directions and stress-free travel. perfect for road trips and daily commuting. limited stock - find your way with ease!,Scarcity
"discover harem pants! unique, stylish bohemian vibes with a dropped crotch loose legs. comfy meets chic - elevate your wardrobe. limited stock - shop now!",Urgency
"sleep, relax, and cherish moments! enjoy comfortable nights during pregnancy. perfect for expecting moms and getting the rest you deserve with a touch of maternity pillow support!",Exaggerated Claims
"stitch with precision, sewing made easy! enjoy speed and accuracy. perfect for seamstresses and turning fabrics into fashionable creations with a touch of sewing finesse!",Exaggerated Claims
ride the rails with a model train set! experience realistic railroading and nostalgic charm. perfect for train enthusiasts and creating your own miniature world. limited stock - chug along with a touch of nostalgia!,Scarcity
cut the cord and groove! enjoy seamless music and calls. perfect for music lovers and untethered lifestyle. limited stock - groove in style with a touch of wireless magic!,Scarcity
"discover limitless style with our versatile oversized scarf! wrap, drape, or tie to elevate any outfit - the ultimate accessory for chic comfort. shop now transform your wardrobe!",Exaggerated Claims
look sharp with the efficient iron! experience wrinkle-free and polished clothing with ease. perfect for professionals and impeccable style. limited stock - iron your way to a flawless look!,Scarcity
"tool up, garden, and make it easy! enjoy a complete set of gardening essentials. perfect for gardeners and making every gardening task a breeze with a touch of garden tool set convenience!",Exaggerated Claims
shape your nails with nail file! experience nail perfection. perfect for diy manicures and stunning fingertips. limited stock - file your way to flawless nails!,Scarcity
look sharp and polished with the steam iron! experience wrinkle-free clothing with ease. perfect for professionals and impeccable style. limited stock - iron your way to a flawless look!,Scarcity
enjoy the comfort and style of women s casual shorts! perfect for relaxed days and outdoor adventures. limited stock - get ready for comfort and ease!,Scarcity
"dig, plant, and blossom! enjoy effortless gardening and planting. perfect for gardeners and making your gardening tasks a breeze with a touch of garden trowel convenience!",Exaggerated Claims
add a pop of color with a gemstone necklace! experience positive vibes and unique beauty. perfect for enhancing your aura and embracing positivity. limited stock - shine with a touch of radiance!,Scarcity
create a haven for your furry buddy! enjoy spacious living and easy access. perfect for small pet owners and providing a safe sanctuary for your companion. limited stock - nestle in comfort with a touch of small-animal charm!,Scarcity
empower yourself with a self-help guide! experience personal growth and positive change. perfect for those seeking self-improvement and unlocking their full potential. limited stock - transform with a touch of empowerment!,Exaggerated Claims
add a touch of beachy charm with a silver anklet! experience coastal beauty and relaxed style. perfect for beach days and embracing the ocean vibes. limited stock - step into summer with a touch of breeziness!,Scarcity
"get yours today! effortlessly stylish, comfortably classy. ideal for layering over dresses or tops, this chic, open-front cropped jacket elevates any outfit. discover the versatile bolero jacket!",Exaggerated Claims
crunch into satisfaction with freshly roasted nuts! experience the goodness and crunchiness of freshly roasted nuts. perfect for snacking enthusiasts and satisfying your cravings. limited stock - snack smart with a touch of nuttiness!,Scarcity
"witness runway elegance, embrace fashion forwardness! fashion show tickets for fashion enthusiasts. perfect for trendsetters and staying in the know about the latest fashion with a touch of fashion show glamour!",Exaggerated Claims
give your car a glossy finish with car wax! experience protection and shine. perfect for car enthusiasts and preserving your car s exterior. limited stock - wax your car for a stunning finish!,Fear Appeals
relax in style with cozy lounge robes! experience the perfect blend of comfort and fashion. perfect for unwinding at home. limited stock - wrap yourself in comfort!,Scarcity
play all day in our boys sports shorts! experience the comfort and flexibility of sports shorts designed for active play. perfect for outdoor adventures. limited stock - get ready to play!,Scarcity
soar to new heights with the high-performance drone! experience breathtaking aerial views and capture stunning photos. perfect for photographers and adventurers. limited stock - take flight and capture the world!,Scarcity
stand in awe of victoria falls! immerse yourself in the raw power and natural beauty of the falls. perfect for nature enthusiasts and experiencing the majesty of africa. limited availability - marvel at nature s wonder with a touch of african splendor!,Exaggerated Claims
add vintage glamour with an elegance brooch! experience timeless beauty and sophistication. perfect for dressing up any attire and exuding elegance. limited stock - pin it with a touch of nostalgia!,Scarcity
create a miniature world with a train table set! experience train adventures and creative construction. perfect for train enthusiasts and crafting your own railway kingdom. limited stock - build your tracks with a touch of imagination!,Scarcity
discover elegance redefined with our bell-sleeve blouse. graceful flared cuffs create the perfect blend of sophistication romance. elevate your fashion game today - limited stock available!,Scarcity
"espresso, delight, and savor the moment! indulge in gourmet coffee at home. perfect for coffee connoisseurs and experiencing coffee perfection with a touch of espresso machine expertise!",Exaggerated Claims
"embrace retro charm, relive advertising history! vintage advertisements for nostalgia seekers. perfect for collectors and stepping back in time through marketing with a touch of vintage advertisement allure!",Exaggerated Claims
"pair with your favorite camisole or bralette for a chic look that makes a statement. discover effortless elegance with our sheer blouse - semi-transparent, lightweight, perfect for layering. shop now!",Exaggerated Claims
introducing our latest lace-up sandals - where style meets comfort! perfect for summer strolls beachside bliss. shop now! wrap your feet in chic designs and experience unbeatable support.,Exaggerated Claims
challenge your mind with a puzzle game! experience brain-teasing puzzles and mental agility. perfect for puzzle enthusiasts and sharpening your problem-solving skills. limited stock - solve the mystery with a touch of intellect!,Scarcity
"discover effortless elegance with our sheer blouse - semi-transparent, lightweight, perfect for layering. pair with your favorite camisole or bralette for a chic look that makes a statement. shop now!",Exaggerated Claims
"discover elegance with our stunning tiered skirt! designed with multiple layers of luxe fabric, this voluminous piece adds flair style to any wardrobe. elevate your look today - shop now!",Urgency
"bead by bead, style that s uniquely yours! enjoy creativity and jewelry making. perfect for jewelry designers and adding a touch of elegance to your attire with custom jewelry!",Exaggerated Claims
make a statement with men s graphic tees! express yourself with cool graphics and unique designs. perfect for men who love to stand out. limited stock - choose your favorite design now!,Scarcity
shop now! discover our top-selling skinny jeans designed to sculpt your figure and flatter every curve! upgrade your wardrobe with jeans that fit impeccably offer lasting style.,Urgency
"store it all, backup with ease! enjoy massive capacity and security. perfect for data hoarders and safeguarding your files. limited stock - store in style with a touch of hard drive reliability!",Scarcity
"light the way, hands-free and fearless! enjoy visibility and convenience. perfect for adventurers and exploring after dark. limited stock - light up in style with a touch of outdoor brilliance!",Scarcity
stay prepared with the car safety hammer! experience emergency escape and safety on the road. perfect for peace of mind and unexpected situations. limited stock - stay safe and ready for any situation!,Fear Appeals
"discover your new favorite style! shop now for a timeless look! our fit flare dress accentuates the waist and gracefully flares at the hips, creating an elegant, feminine silhouette.",Urgency
"build it all, create it all! enjoy a sturdy workspace and project organization. perfect for diy enthusiasts and setting up the perfect workspace with a touch of workbench efficiency!",Exaggerated Claims
indulge in luxury with body lotion! experience silky and hydrated skin. perfect for self-pampering and a touch of elegance. limited stock - lavish your skin with luxury and embrace smoothness!,Scarcity
"juice, revitalize, and boost your immune system! enjoy the goodness of citrus fruits. perfect for health-conscious individuals and embracing the freshness of citrus juices with a touch of citrus juicer zest!",Exaggerated Claims
brighten up summer with our summer dress for girls! experience vibrant colors and flowing elegance perfect for sunny days. your little one will shine! limited stock - shop now!,Urgency
savor the succulence of premium steak cuts! experience gourmet dining at its best. perfect for steak enthusiasts and treating yourself to culinary excellence. limited stock - indulge in premium dining with a touch of perfection!,Exaggerated Claims
"stay active, stay on time! designed for adventurers like you. perfect for fitness enthusiasts and tracking your performance with a touch of sporty chronograph watch precision!",Exaggerated Claims
step into the future with an interactive robot! experience futuristic fun and endless learning. perfect for tech enthusiasts and exploring the world of robotics. limited stock - be futuristic with a touch of innovation!,Scarcity
create harmonious melodies with a musical instrument! experience musical journeys and soulful tunes. perfect for music enthusiasts and composing your own symphony. limited stock - make music with a touch of harmony!,Scarcity
keep your food fresh with the spacious refrigerator! experience ample storage and food preservation. perfect for busy kitchens and family meals. limited stock - keep your kitchen stocked and organized!,Scarcity
carry your library everywhere with e-book reader! experience a world of books at your fingertips. perfect for avid readers and literary adventures. limited stock - dive into stories with convenience!,Scarcity
"shop now. layer it over a blouse or sweater for a versatile, stylish look. upgrade your wardrobe with our chic pinafore dress! sleeveless, apron-style front - perfect for any occasion!",Urgency
"capture moments, preserve timeless style! vintage cameras for photography enthusiasts. perfect for shutterbugs and embarking on photographic journeys with a touch of vintage camera elegance!",Exaggerated Claims
catch with precision using a baseball glove! experience catching skills and baseball action. perfect for baseball players and improving your game. limited stock - catch those fly balls with a touch of excellence!,Scarcity
stay warm and stylish with warm winter coats! experience winter in fashion with these trendy coats. perfect for chilly adventures. limited stock - bundle up in style!,Scarcity
"water, nurture, and thrive! enjoy hassle-free gardening with a reliable garden hose. perfect for gardeners and keeping your plants healthy with a touch of garden hose efficiency!",Exaggerated Claims
"join the mobile app revolution, code for success! mobile app hackathon tickets for app developers. perfect for app enthusiasts and taking part in app innovation with a touch of mobile app hackathon creativity!",FOMO
find tranquility with organic herbal tea! experience the soothing and calming properties of herbal tea. perfect for tea enthusiasts and unwinding with a touch of nature. limited stock - sip serenity with a touch of wellness!,Scarcity
"brush, create, and transform! enjoy artistic painting and attention to detail. perfect for painters and adding artistic flair to your space with a touch of paintbrush set finesse!",Exaggerated Claims
"embrace bohemian vibes with our boho blouse! enjoy the loose, flowy fit and unique prints that exude relaxed charm. elevate your style with this must-have piece. limited stock - grab yours today!",Scarcity
"tool up, garden, and make it easy! enjoy quality hand tools for gardening tasks. perfect for gardeners and making your gardening endeavors a breeze with a touch of garden hand tool set expertise!",Exaggerated Claims
charge your devices wirelessly with wireless charger! experience the convenience of cable-free charging. perfect for a clutter-free workspace and staying powered up. limited stock - charge up with ease!,Scarcity
stay cozy in our striped sweater! experience warmth and style with this charming sweater featuring classic stripes. elevate your winter wardrobe. limited stock - shop now!,Urgency
"dominate your game, aim for glory! enjoy smooth control and epic gaming. perfect for gamers and leveling up your skills. limited stock - game in style with a touch of gaming mastery!",Scarcity
perfect for any wardrobe. get yours now! bit.ly denim-jacket upgrade yours transform any outfit instantly. introducing our classic denim jacket - timeless style meets unbeatable durability!,Exaggerated Claims
"slow cook, savor, and indulge in rich flavors! enjoy tender and flavorful dishes. perfect for busy families and savoring delicious, slow-cooked meals with a touch of slow cooker comfort!",Exaggerated Claims
keep time in style with a wall clock! experience functional timekeeping and decorative flair. perfect for punctuality and adding character to your walls. limited stock - adorn your space with a touch of time!,Scarcity
elevate your accessories with women s handbags! experience the perfect blend of functionality and style. perfect for keeping your essentials in style. limited stock - upgrade your bag game!,Scarcity
"harness the sun, power up guilt-free! enjoy eco-friendly charging and sustainability. perfect for eco-conscious adventurers and staying powered in harmony with nature. limited stock - charge in style with a touch of solar energy!",Scarcity
"dive into ai ethics, ponder the future! ai ethics symposium tickets for ethics enthusiasts. perfect for those interested in the ethical considerations of ai with a touch of ai ethics symposium enlightenment!",Exaggerated Claims
"introducing the velvet blazer - luxurious, soft, and versatile. experience sheer elegance in every wear. elevate your style for any occasion. get yours now and embrace ultimate sophistication.",Exaggerated Claims
"radiate opulence, embrace grandeur! a statement of luxury and class. perfect for connoisseurs and indulging in extravagance with a touch of luxury gold watch elegance!",Exaggerated Claims
create tropical drinks with exotic fruit smoothie mix! experience the tropical flavors and refreshment of fruity blends. perfect for smoothie enthusiasts and adding a touch of paradise to your drinks. limited stock - sip the tropics with a touch of exotic!,Scarcity
"relive cinematic magic, collect the classics! movie memorabilia for film enthusiasts. perfect for movie buffs and bringing the silver screen to life with a touch of movie memorabilia nostalgia!",Exaggerated Claims
"dive into worlds, embrace literary treasures! rare books for bibliophiles. perfect for book lovers and delving into timeless tales with a touch of rare book enchantment!",Exaggerated Claims
elevate your style with classic button-downs! experience timeless sophistication and impeccable style. perfect for making a lasting impression. limited stock - choose your style now!,Scarcity
catch the waves with a surfboard! experience surfing adventures and wave riding. perfect for surfers and riding the tide. limited stock - surf with style and a touch of thrill!,Scarcity
"discover treasures, embrace vintage charm! antique fair tickets for antique collectors. perfect for those who love vintage collectibles and exploring a world of nostalgia with a touch of antique fair fascination!",Exaggerated Claims
"embrace your curves and enjoy longer-looking legs with these stylish full-length wardrobe essentials. discover high-waist jeans, perfect for flattering your figure! shop now for a confident stride.",Urgency
"glide, work, and protect! enjoy floor protection and chair mobility. perfect for offices and extending the life of your floor with a touch of office chair mat practicality!",Fear Appeals
"own a piece of the screen, relive movie magic! movie props for film enthusiasts. perfect for movie buffs and bringing the magic of cinema to your collection with a touch of movie prop nostalgia!",Exaggerated Claims
"discover the perfect blend of style durability! get our bomber jacket - a classic military-inspired masterpiece, boasting a ribbed collar cuffs for that extra edge. upgrade your wardrobe now!",Exaggerated Claims
play to the rhythm of your heart! enjoy soulful melodies and musical expression. perfect for musicians and creating beautiful acoustic melodies with a touch of guitar magic!,Exaggerated Claims
"sleep, dream, and grow! enjoy peaceful nights for your baby. perfect for parents and ensuring restful sleep with a touch of baby crib comfort!",Exaggerated Claims
"blend, create, and enjoy nutrition-packed drinks! experience blender innovation. perfect for health enthusiasts and maximizing the benefits of your beverages with a touch of vacuum blender ingenuity!",Exaggerated Claims
"grip it, twist it, and get it done! enjoy versatile gripping and control. perfect for diy projects and handling various tasks with a touch of pliers versatility!",Exaggerated Claims
"adventure-proof, gear stays dry! enjoy waterproof protection and reliability. perfect for explorers and facing the elements head-on. limited stock - explore in style with a touch of weatherproof assurance!",Fear Appeals
illuminate with a wall sconce! experience ambient lighting and decorative charm. perfect for setting the mood and enhancing your space. limited stock - light up your walls with a touch of elegance!,Scarcity
indulge in the bliss of artisanal chocolate! experience the artistry and taste of handcrafted chocolates. perfect for chocolate lovers and sweetening your moments. limited stock - indulge your cravings with a touch of craftsmanship!,Scarcity
"slide and serenade, music from the heart! enjoy soulful melodies and musical expression. perfect for guitarists and adding a touch of lap steel charm to your music with the smooth lap steel guitar!",Exaggerated Claims
"elevate your style, step into summer elegance! wedge sandals for fashion-forward individuals. perfect for those who love a stylish lift with a touch of wedge sandal charm!",Exaggerated Claims
"discover the chic one-shoulder top that elevates your style effortlessly. accentuate your allure with this asymmetrical marvel, showcasing both elegance and sophistication. shop now and turn heads!",Urgency
"adorn yourself, sparkle with elegance! vintage jewelry for jewelry collectors. perfect for jewelry enthusiasts and embracing timeless beauty with a touch of vintage jewelry allure!",Exaggerated Claims
"discover timeless riding boots elegant knee-high protection for equestrians, yet versatile enough for everyday fashion. get ready to saddle up in style! shop now.",Urgency
"sleep bug-free, nature without the itch! enjoy protection and restful nights. perfect for campers and undisturbed outdoor slumber. limited stock - sleep in style with a touch of outdoor tranquility!",Fear Appeals
experience zen in kyoto! dive into serenity and cultural traditions. perfect for mindful travelers and embracing the essence of japan. limited availability - meditate in tranquility with a touch of japanese harmony!,Exaggerated Claims
warmth and wellness for your snake! enjoy controlled heating and safety. perfect for snake enthusiasts and keeping your reptilian buddy cozy. limited stock - slither in warmth with a touch of snake serenity!,Fear Appeals
"play music without touch, ethereal melodies! enjoy otherworldly sounds and musical innovation. perfect for thereminists and creating music from another dimension with a touch of theremin uniqueness!",Exaggerated Claims
dive into virtual worlds with virtual reality headset! experience immersive gaming and exploration. perfect for gamers and tech enthusiasts. limited stock - step into the virtual dimension!,Scarcity
"hum, laugh, and make music! enjoy playful tunes and musical merriment. perfect for kazoo enthusiasts and adding a touch of joy to your music with the delightful kazoo!",Exaggerated Claims
turn heads and make unforgettable memories at your next event. discover unparalleled sparkle glamour with our new sequined dress! shop now for the ultimate show-stopping look!,Urgency
"blossom in style with our floral dress! embrace the beauty of sunny days in this floral-printed dress, perfect for outdoor events and special occasions. get ready to turn heads! limited stock - shop now!",Urgency
"hydrate and hike, thirst never wins! enjoy easy sipping and staying refreshed. perfect for hikers and conquering the great outdoors. limited stock - hike in style with a touch of hydration convenience!",Exaggerated Claims
customize your walls with wall decals! experience artistic and customizable wall decor. perfect for expressing your creativity and personalizing your space. limited stock - adorn your walls with a touch of self-expression!,Scarcity
stay warm and stylish with women s winter coats! experience winter in fashion with these trendy coats. perfect for chilly adventures. limited stock - bundle up in style!,Scarcity
"dive into the pages, embrace the heroes! rare comic books for collectors. perfect for comic enthusiasts and embarking on epic adventures with a touch of rare comic book excitement!",Exaggerated Claims
scale heights with a climbing harness! experience adventure and climbing excitement. perfect for climbers and reaching new peaks. limited stock - climb with confidence and a touch of thrill!,Scarcity
discover timeless verses with a poetry anthology! experience a collection of emotions and captivating poetry. perfect for poetry lovers and immersing yourself in the power of words. limited stock - find your muse with a touch of poetry!,Scarcity
"see, work, and excel! enjoy crisp visuals and multitasking prowess. perfect for professionals and elevating your digital experience with a touch of computer monitor brilliance!",Exaggerated Claims
discover the cozy slouchy beanie - your ultimate cold-weather accessory! stay effortlessly stylish and warm in our oversized knit hat for a laid-back yet fashionable look. get yours now!,Exaggerated Claims
stay stylish and connected with our cardigan sets for couples! experience matching comfort and fashion for him and her. perfect for cozy moments together. limited stock - get your matching pair now!,Scarcity
"light up the night, eco-friendly glow! enjoy sustainability and visibility. perfect for eco-conscious campers and eco-friendly outdoor adventures. limited stock - light up in style with a touch of solar-powered brilliance!",Scarcity
light up your underwater world! enjoy energy-efficient technology and vibrant marine hues. perfect for fish tank owners and creating a stunning aquatic display. limited stock - dive into radiance with a touch of aquatic allure!,Scarcity
organize your workspace with a desk organizer! experience clutter-free and productive workdays. perfect for staying organized and focused. limited stock - optimize your workspace with a touch of efficiency!,Scarcity
"cut with precision, designs come to life! enjoy versatility and detailed crafting. perfect for crafters and unleashing your creativity with a touch of cutting machine magic!",Exaggerated Claims
"sit back and unwind, nature s your lounge! enjoy relaxation and convenience. perfect for campfire gatherings and cozy evenings. limited stock - relax in style with a touch of outdoor comfort!",Scarcity
"stay warm, look chic! don t let the cold cramp your fashion game - shop now and stand out from the crowd. our mock-neck sweater is the perfect blend of cozy comfort and on-trend style.",Urgency
cook up fun with a play kitchen set! experience imaginative cooking and endless playtime. perfect for young chefs and exploring culinary creativity. limited stock - whip up fun with a touch of imagination!,Scarcity
"discover your new favorite style! our fit flare dress accentuates the waist and gracefully flares at the hips, creating an elegant, feminine silhouette. shop now for a timeless look!",Urgency
add a touch of sophistication with pearl earrings! experience classic beauty and timeless elegance. perfect for special occasions and enhancing your charm. limited stock - shine with a touch of grace!,Scarcity
soothe your senses with premium tea selection! experience the tranquility and flavor of fine teas. perfect for tea enthusiasts and unwinding with a touch of elegance. limited stock - steep in luxury with a touch of serenity!,Exaggerated Claims
"play and pounce, curious kitty! enjoy interactive fun and intelligence. perfect for cat lovers and keeping your feline friend engaged. limited stock - play in style with a touch of kitty curiosity!",Scarcity
make a statement with our boys graphic tee! express yourself with cool graphics and unique designs. perfect for boys who love to stand out. limited stock - choose your favorite design now!,Scarcity
"stick with confidence, crafts hold strong! enjoy reliability and neat gluing. perfect for crafters and bringing your creations together with a touch of adhesive assurance!",Exaggerated Claims
protect your home with smart home security! experience peace of mind with advanced security features and monitoring. perfect for safeguarding your loved ones and property. limited stock - secure your home!,Fear Appeals
achieve salon-quality hair with the hair dryer! experience powerful and quick drying. perfect for everyday styling and stunning locks. limited stock - dry and style your hair with confidence!,Exaggerated Claims
"savor exquisite flavors, indulge your palate! food and wine festival tickets for foodies. perfect for culinary enthusiasts and exploring a world of taste with a touch of food and wine festival delight!",Exaggerated Claims
enjoy music without limits with wireless earbuds! experience the freedom of wireless audio and crystal-clear calls. perfect for active lifestyles and immersive sound. limited stock - elevate your sound experience!,Scarcity
elevate your practice with yoga blocks! experience enhanced yoga and flexibility. perfect for yogis and deepening your practice. limited stock - elevate your practice with a touch of flexibility!,Scarcity
see the world in detail with high-resolution monitor! experience crystal-clear visuals and multitasking prowess. perfect for designers and professionals. limited stock - see the big picture in style!,Scarcity
"witness cutting-edge tech, embrace innovation! tech product showcase tickets for tech enthusiasts. perfect for tech lovers and exploring the latest gadgets with a touch of tech product showcase excitement!",Exaggerated Claims
"stay warm, look chic! our mock-neck sweater is the perfect blend of cozy comfort and on-trend style. don t let the cold cramp your fashion game - shop now and stand out from the crowd.",Urgency
"be captivated by grace, witness ballet magic! ballet performance tickets for ballet enthusiasts. perfect for those who love the art of dance and experiencing captivating performances with a touch of ballet performance wonder!",Exaggerated Claims
stay warm and relaxed with cozy sweaters! experience the comfort and style of these knit wonders. perfect for cozy days at home and outings. limited stock - wrap yourself in coziness!,Scarcity
"reflect with elegance, enhance your decor! antique mirrors for interior design enthusiasts. perfect for decorators and elevating your space with a touch of antique mirror charm!",Exaggerated Claims
"vinyl and personalize, your creativity shines! enjoy versatility and customization. perfect for crafters and adding a touch of vinyl artistry to your creations!",Exaggerated Claims
unleash your inner wild side with our leopard-print blouse! this chic animal print adds sophistication to any outfit. a must-have addition to your wardrobe. shop now and make a statement!,Urgency
work out anywhere with resistance bands! experience effective workouts and toning your body. perfect for on-the-go fitness enthusiasts and staying active. limited stock - stay fit anywhere with a touch of flexibility!,Scarcity
decorate with an enamel pin set! experience creative freedom and self-expression. perfect for customizing your belongings and adding personality. limited stock - pin your style with a touch of uniqueness!,Scarcity
cycle safely with a bike helmet! experience adventure and protection. perfect for biking enthusiasts and exploring new trails. limited stock - ride with confidence and a touch of safety!,Fear Appeals
"adorn yourself, shine with vintage elegance! antique jewelry for jewelry connoisseurs. perfect for jewelry lovers and embracing timeless beauty with a touch of antique jewelry allure!",Exaggerated Claims
create mouthwatering meals with the slow cooker! experience convenience and deliciousness with slow-cooked dishes. perfect for busy days and savory flavors. limited stock - savor the art of slow cooking!,Scarcity
"immerse yourself in jazz, feel the soulful vibes! jazz concert tickets for jazz enthusiasts. perfect for those who appreciate the magic of live music and grooving to soulful tunes with a touch of jazz concert elegance!",Exaggerated Claims
"elevate your runs, achieve peak performance! running shoes for athletes. perfect for runners and conquering the track with a touch of running shoe excellence!",Exaggerated Claims
"protect and impress, travel with flair! enjoy padded security and elegance. perfect for travelers and making a statement on the move. limited stock - travel in style with a touch of laptop chic!",Fear Appeals
dance to your heart s content with our tutu skirt for girls! experience the delight of twirling and spinning in this beautiful tutu. perfect for budding dancers and dreamers. limited stock - twirl away!,Scarcity
treat yourself to a facial massage with facial roller! experience soothing and spa-like relaxation. perfect for self-care and radiant skin. limited stock - roll away stress and embrace radiant beauty!,Scarcity
"write with ink that flows, elegance on paper! enjoy rich colors and precise writing. perfect for calligraphers and turning words into beautiful works of art with a touch of ink sophistication!",Exaggerated Claims
embark on a patagonian adventure! immerse yourself in unspoiled nature and epic treks. perfect for outdoor enthusiasts and conquering the wild. limited availability - explore the rugged beauty with a touch of patagonian majesty!,Exaggerated Claims
shop now for a statement piece that turns heads! stay cozy in a bold oversized collar that elevates your winter wardrobe. discover our ruffleneck sweater - a perfect blend of style and warmth!,Urgency
"watch, enjoy, and connect with nature! enjoy feathered friends in your garden. perfect for nature enthusiasts and bringing the beauty of birds to your garden with a touch of bird feeder magic!",Exaggerated Claims
"step back in time, relive history! historical reenactment tickets for history buffs. perfect for those who love history and experiencing the past come to life with a touch of historical reenactment nostalgia!",Exaggerated Claims
"type in silence, type in style! enjoy wireless freedom and elegance. perfect for writers and achieving a peaceful workspace. limited stock - type in style with a touch of keyboard sophistication!",Scarcity
"work safe, see clear! enjoy eye protection and visibility. perfect for diy enthusiasts and ensuring safety with a touch of safety goggle confidence!",Fear Appeals
find tranquility with herbal infusion blends! experience the soothing and aromatic qualities of herbal tea. perfect for tea enthusiasts and unwinding with a touch of nature. limited stock - sip serenity with a touch of wellness!,Scarcity
lock in your makeup with makeup setting spray! experience long-lasting and flawless beauty. perfect for makeup that stays put all day. limited stock - set your makeup for lasting perfection!,Scarcity
elevate your living room with a stylish sofa set! experience comfort and elegance. perfect for cozy gatherings and timeless style. limited stock - transform your living room into a haven of luxury!,Exaggerated Claims
elevate your style with our boys polo shirt! experience classic style and unbeatable comfort in these versatile polo shirts. perfect for a polished look. limited stock - choose your favorite color!,Exaggerated Claims
add enchanting sparkle with a crystal bracelet! experience charm and dazzling beauty. perfect for enhancing your wrist and radiating elegance. limited stock - sparkle with a touch of enchantment!,Scarcity
get comfy with a pouf! experience versatile seating or casual decor. perfect for creating cozy corners and relaxed vibes. limited stock - pouf up your space with a touch of comfort!,Scarcity
journey in style with your pet! enjoy durability and ventilation. perfect for pet adventurers and taking your companion on the go. limited stock - travel in comfort with a touch of pet-friendly luxury!,Scarcity
"discover elegance with a twist in our stunning high-low dresses! showcase your unique style with a hemline that rises at the front and falls at the back, making every step a showstopper. shop now!",Urgency
"write with grace, letters dance on paper! enjoy fine strokes and artistic writing. perfect for calligraphers and turning words into beautiful works of art with a touch of calligraphic elegance!",Exaggerated Claims
"support noble causes, make a difference! charity auction tickets for philanthropists. perfect for those who believe in giving back and making the world a better place with a touch of charity auction generosity!",Exaggerated Claims
"enhance marketing skills, master digital marketing! digital marketing workshop tickets for marketing enthusiasts. perfect for marketers and staying ahead in the digital marketing game with a touch of digital marketing workshop expertise!",Exaggerated Claims
unleash your inner rebel with our leather jackets! rock the classic zip-up front and stylish design for a look that stands out. perfect for making a bold statement. limited stock - get yours now!,Scarcity
"dine al fresco, nature s your dining room! enjoy convenience and style. perfect for picnickers and creating memorable outdoor feasts. limited stock - picnic in style with a touch of outdoor elegance!",Scarcity
"saw it, shape it, and stand out! enjoy accurate cutting and craftsmanship. perfect for diy enthusiasts and achieving clean cuts with a touch of circular saw precision!",Exaggerated Claims
"look your best, connect with clarity! enjoy hd video and crisp audio. perfect for remote workers and making a great impression in meetings. limited stock - confer in style with a touch of webcam professionalism!",Exaggerated Claims
find decorating inspiration with a home decor magazine! experience stylish interiors and home transformation. perfect for interior design enthusiasts and elevating your living spaces. limited stock - decorate with a touch of style!,Exaggerated Claims
keep your car cool with the windshield sunshade! experience heat and uv ray protection. perfect for sunny days and a comfortable interior. limited stock - block out the heat and enjoy cool rides!,Fear Appeals
"run wild, trail by trail, stride with confidence! enjoy traction and agility. perfect for runners and embracing the great outdoors. limited stock - run in style with a touch of trailblazing prowess!",Scarcity
embrace boho vibes with feather earrings! experience free-spirited beauty and unique style. perfect for festival days and expressing your inner wanderer. limited stock - fly high with a touch of bohemian flair!,Scarcity
showcase indoor plants with a plant stand! experience plant display and a touch of nature indoors. perfect for green thumbs and adding life to your space. limited stock - create a green oasis at home!,Scarcity
"crunch data, unlock insights! data science hackathon tickets for data enthusiasts. perfect for data lovers and diving into the world of data science with a touch of data science hackathon empowerment!",Exaggerated Claims
cook it all with the multi-cooker! experience one-pot wonders and culinary versatility. perfect for busy kitchens and creative cooking. limited stock - cook up a storm with convenience!,Scarcity
decorate and organize with a wall shelf! experience display and functionality. perfect for showcasing your treasures and optimizing space. limited stock - elevate your decor with a touch of creativity!,Scarcity
elevate your home bar with a bar stool set! experience stylish seating and entertainment. perfect for hosting gatherings and enjoying drinks in comfort. limited stock - sip and relax in style!,Scarcity
"screw it, fix it, and do it all! enjoy versatility and all-in-one convenience. perfect for handymen and having the right screwdriver for every job with a touch of screwdriver set completeness!",Exaggerated Claims
"elevate your look, step into sophistication! dress boots for formal events. perfect for those who appreciate refined style with a touch of dress boot elegance!",Exaggerated Claims
elevate your style with classic turtlenecks! experience timeless comfort and fashion in these must-have turtlenecks. perfect for a classic and cozy look. limited stock - wrap yourself in style!,Scarcity
stay warm and stylish with warm winter scarves! experience winter in fashion with these cozy scarves. perfect for chilly days and adding a touch of warmth. limited stock - bundle up in style!,Scarcity
"witness exceptional talent, dance to the rhythm! dance competition tickets for dance enthusiasts. perfect for those who love dance as a form of expression and celebrating the art of dance with a touch of dance competition excitement!",Exaggerated Claims
"perfect for any occasion, create unforgettable memories with this chic piece. introducing our fabulous fringe skirt! step out in style with eye-catching fringe detailing that adds flair and movement.",Exaggerated Claims
"explore, play, and let creativity flow! enjoy musical experimentation and versatility. perfect for keyboardists and unlocking endless musical possibilities with a touch of keyboard finesse!",Exaggerated Claims
race to excitement with a remote control car! experience thrilling races and jaw-dropping stunts. perfect for remote control enthusiasts and unleashing your inner racer. limited stock - rev up the fun with a touch of adrenaline!,Scarcity
skate safely with a skateboard helmet! experience safe skateboarding and outdoor fun. perfect for skateboarders and protecting your noggin. limited stock - skate with confidence and a touch of safety!,Fear Appeals
"shake, play, and create memories! enjoy playful moments with your baby. perfect for parents and stimulating your baby s senses with a touch of baby rattle joy!",Exaggerated Claims
"print, scan, and excel! enjoy high-quality prints and document efficiency. perfect for offices and achieving top-notch printing with a touch of printer excellence!",Exaggerated Claims
discover chic comfort with our stylish culottes - combining the elegance of skirts the ease of shorts. wide-legged cropped for a fashion-forward look. shop now redefine your wardrobe!,Urgency
reveal radiant skin with body scrub! experience smooth and glowing skin. perfect for pampering and an all-over glow. limited stock - exfoliate for silky skin from head to toe!,Scarcity
"dominate your game, level up! enjoy ergonomic design and control. perfect for gamers and unlocking your gaming potential. limited stock - game in style with a touch of gaming mastery!",Scarcity
shop now for a versatile chic knee-length steal. discover the perfect blend of style comfort with our shift dress - the ultimate wardrobe staple that flatters every shape! say hello to effortless elegance.,Exaggerated Claims
"hydrate, conserve, and thrive! enjoy hands-free garden watering. perfect for gardeners and ensuring your plants stay lush with a touch of garden irrigation system convenience!",Exaggerated Claims
"shop now embrace the best of both worlds! perfectly wide flowing, these relaxed-fit wonders effortlessly elevate your wardrobe. discover unparalleled comfort style with our palazzo pants!",Exaggerated Claims
"discover elegance with our stunning tiered skirt! elevate your look today - shop now! designed with multiple layers of luxe fabric, this voluminous piece adds flair style to any wardrobe.",Urgency
"witness innovation in action, support startups! tech startup pitch tickets for startup enthusiasts. perfect for those who love supporting innovation and being part of the startup ecosystem with a touch of tech startup pitch excitement!",Exaggerated Claims
find paradise in bora bora! dive into luxury and embrace the natural beauty. perfect for honeymooners and living the dream in an overwater bungalow. limited availability - experience tranquility with a touch of tropical magic!,Exaggerated Claims
discover unparalleled sparkle glamour with our new sequined dress! turn heads and make unforgettable memories at your next event. shop now for the ultimate show-stopping look!,Urgency
"unleash your creativity, express with art! art and creativity workshop tickets for creative minds. perfect for artists and exploring the world of artistic expression with a touch of art and creativity workshop inspiration!",Exaggerated Claims
nourish your lips with lip balm! experience soft and kissable lips. perfect for all seasons and irresistible pouts. limited stock - keep your lips luscious and ready for a smooch!,Scarcity
reflect elegance with a wall mirror! experience added depth and style. perfect for enhancing any room and making a statement. limited stock - adorn your space with a touch of reflection!,Scarcity
achieve flawless makeup with makeup brushes! experience high-quality and precise application. perfect for makeup perfectionists and professional results. limited stock - brush up your makeup game!,Scarcity
elevate your accessories with men s wallets! experience the perfect blend of functionality and style. perfect for keeping your essentials in style. limited stock - upgrade your wallet game!,Scarcity
dive into the eternal beauty of rome! immerse yourself in centuries of history and culinary delights. perfect for history buffs and indulging in la dolce vita. limited availability - explore the capital with a touch of italian grandeur!,Exaggerated Claims
dive into thrilling adventures with a mystery novel! experience suspenseful storytelling and intriguing mysteries. perfect for mystery enthusiasts and solving the ultimate whodunit. limited stock - uncover secrets with a touch of suspense!,Exaggerated Claims
"rake, clean, and beautify! enjoy a tidy and beautiful garden. perfect for gardeners and keeping your outdoor space in top shape with a touch of garden rake efficiency!",Exaggerated Claims
add convenience and style with a side table! experience functionality and accentuate your decor. perfect for keeping essentials within reach and enhancing your space. limited stock - accessorize with a touch of practicality!,Scarcity
"stitch with elegance, fabric adorned with art! enjoy delicate details and embroidery. perfect for embroiderers and transforming plain fabrics into works of art with a touch of embroidery finesse!",Exaggerated Claims
cuddle up with a teddy bear! experience companionship and huggable comfort. perfect for all ages and finding your cuddly friend. limited stock - snuggle up with a touch of warmth!,Scarcity
level up your gaming with the wireless gaming mouse! experience precision and speed for gaming domination. perfect for gamers who demand accuracy. limited stock - conquer your gaming challenges with ease!,Exaggerated Claims
find your perfect fit today. mesmerizing style awaits,Exaggerated Claims
"tailored for perfection, this form-fitting silhouette accentuates your curves with its flawlessly gathered fabric. be the ultimate enchantress! reveal your captivating charm in our ruched-top dress!",Exaggerated Claims
"climb, grow, and beautify! enjoy vertical gardening and lush climbing plants. perfect for gardeners and adding dimension to your garden with a touch of garden trellis elegance!",Exaggerated Claims
"measure, cook, and achieve culinary precision! perfect your recipes with exact measurements. perfect for home chefs and elevating your cooking with a touch of food scale accuracy!",Exaggerated Claims
"get ready to laugh out loud, enjoy comedic brilliance! stand-up comedy show tickets for comedy enthusiasts. perfect for those who love humor and experiencing comedic talent with a touch of stand-up comedy hilarity!",Exaggerated Claims
"train with love, not force! enjoy remote control and training modes. perfect for dog trainers and building a strong bond with your furry companion. limited stock - train with care with a touch of canine camaraderie!",Scarcity
add a touch of nature with a floral headband! experience blooming beauty and natural charm. perfect for garden parties and embracing the floral vibes. limited stock - bloom with a touch of freshness!,Scarcity
discover elegance in our luxurious jacquard skirt! adorned with a lavish raised woven design for an intricate lavish style. shop now elevate your wardrobe instantly!,Urgency
"hike anywhere, keep your feet happy! enjoy waterproof protection and comfort. perfect for hikers and facing diverse outdoor landscapes. limited stock - hike in style with a touch of waterproof confidence!",Fear Appeals
"hands-free, enjoy the show! enjoy stability and convenience. perfect for multitaskers and keeping your phone at your fingertips. limited stock - stand in style with a touch of phone practicality!",Scarcity
stay warm and stylish with men s winter coats! experience winter in fashion with these trendy coats. perfect for chilly adventures. limited stock - bundle up in style!,Scarcity
"shop now to upgrade your wardrobe with timeless style. fitted design meets a flared waist ruffle, perfect for adding dimension interest to your outfit. discover elegance with our peplum blouse!",Urgency
dine in style with a dining table set! experience memorable meals and timeless design. perfect for family gatherings and creating cherished moments. limited stock - gather around for unforgettable dining!,Scarcity
discover the magic of santorini! immerse yourself in breathtaking landscapes and vibrant culture. perfect for wanderlust souls and creating memories that last a lifetime. limited availability - experience paradise with a touch of greek charm!,Exaggerated Claims
"chew for health, wag for life! enjoy dental care and tasty treats. perfect for dog lovers and ensuring your pup s smile shines. limited stock - chew in style with a touch of canine wellness!",Scarcity
our faux fur vest is the perfect sleeveless addition for style warmth. make a statement in any outfit - get yours now! staystylishandwarm upgrade your wardrobe with a touch of luxury!,Exaggerated Claims
"pop, snack, and enjoy movie nights to the fullest! create popcorn perfection. perfect for movie enthusiasts and adding a touch of popcorn maker delight to your entertainment!",Exaggerated Claims
stay warm and relaxed with cozy knit sweaters! experience the comfort and style of these knit wonders. perfect for cozy days at home and outings. limited stock - wrap yourself in coziness!,Scarcity
run in style with running gear! experience comfortable runs and fashion-forward workouts. perfect for runners and hitting the track in style. limited stock - run in style with a touch of confidence!,Scarcity
clear snow and ice with ease using the car snow brush! experience easy snow removal and clear visibility. perfect for winter driving and snowy conditions. limited stock - clear your car in minutes!,Scarcity
"step into style with our versatile ankle boots! perfect with jeans, skirts, or dresses. elevate your look walk confidently. shop now website link ankleboots fashionstatement",Urgency
"elevate your wardrobe - shop now! discover timeless style unbeatable comfort with our henley shirts! limited stock. casual meets chic in these collarless, button-up wonders.",Urgency
upgrade your car interior with car seat covers! experience protection and a personalized look. perfect for enhancing your car s style and preserving your seats. limited stock - give your car a makeover!,Fear Appeals
introducing our geometric-print maxi skirt a unique fusion of modern art style! be the trendsetter with our floor-length skirt featuring bold angular patterns. shop now flaunt your artistic side!,Urgency
indulge in luxury with body wash! experience a refreshing and pampering shower. perfect for self-care and silky skin. limited stock - shower in luxury and embrace freshness!,Scarcity
"travel through time, explore the world s beauty! vintage postcards for collectors. perfect for postcard enthusiasts and capturing the charm of bygone eras with a touch of vintage postcard wanderlust!",Exaggerated Claims
drive with confidence using the car sun visor extender! experience glare reduction and improved visibility. perfect for sunny days and safer driving. limited stock - reduce glare and drive safely!,Scarcity
inflate your tires with ease using the tire inflator! experience quick and convenient tire maintenance. perfect for emergencies and ensuring a smooth ride. limited stock - keep your tires inflated and rolling!,Scarcity
say goodbye to mess and odors! enjoy hassle-free cleaning and hygiene. perfect for cat owners and ensuring a tidy and fresh home. limited stock - purrfection with a touch of feline elegance!,Scarcity
stay powered up anywhere with the portable power bank! experience the freedom of extended battery life. perfect for travelers and busy days. limited stock - keep your devices charged and ready!,Scarcity
"explore science and tech, ignite curiosity! science and technology camp tickets for young scientists. perfect for young minds eager to discover the world of stem with a touch of science and technology camp adventure!",Exaggerated Claims
"cook healthier meals with the air fryer! experience crispy and guilt-free cooking. perfect for health-conscious individuals and delicious meals. limited stock - fry, bake, and grill with less oil!",Scarcity
"shop now! limited stock! discover elegance with a twist! our tassel earrings, the perfect blend of fashionable threads beads, elevate your style! don t miss them!",Urgency
elevate your drinks with a bar cart! experience convenience and sophistication. perfect for hosting parties and displaying your spirits in style. limited stock - serve and impress with a touch of class!,Scarcity
dive into summer with men s swim trunks! experience stylish comfort for aquatic adventures. perfect for pool days and beach fun. limited stock - make a splash today!,Scarcity
be prepared for anything with the car emergency kit! experience readiness in unexpected situations. perfect for peace of mind and safe travels. limited stock - stay prepared for the road ahead!,Scarcity
exfoliate for a fresh look with face scrub! experience a clear and radiant complexion. perfect for gentle exfoliation and smooth skin. limited stock - scrub your way to a fresh face!,Scarcity
"join the digital revolution, shape the future! digital transformation forum tickets for business leaders. perfect for those leading digital transformation efforts with a touch of digital transformation forum innovation!",Exaggerated Claims
"beat the bongos, rhythm in your hands! enjoy lively beats and musical energy. perfect for percussionists and bringing life to your music with a touch of bongo vibrancy!",Exaggerated Claims
dive into summer with our boys swim trunks! experience stylish comfort for aquatic adventures. perfect for pool days and beach fun. limited stock - make a splash today!,Scarcity
"discover elegance redefined with our timeless boatneck blouse - the perfect blend of a classic wide neckline feminine charm, crafted for your ultimate style statement! shop now!",Exaggerated Claims
"prune, shape, and flourish! enjoy well-groomed plants and gardens. perfect for gardeners and achieving tidy pruning with a touch of pruning shears finesse!",Exaggerated Claims
"cook, fluff, and enjoy! serve up fluffy and tasty rice with ease. perfect for rice lovers and elevating your meals with perfectly cooked rice every time with a touch of rice cooker perfection!",Exaggerated Claims
enjoy all-day comfort with comfortable slacks! experience the perfect blend of style and ease. perfect for relaxed days and outings. limited stock - get ready for comfort and style!,Scarcity
experience the enchantment of venice! get lost in narrow alleys and savor italian flavors. perfect for explorers and embracing the romance of the canals. limited availability - navigate the waterways with a touch of venetian allure!,Exaggerated Claims
"clarify the notes, music s purest expression! enjoy clear melodies and musical elegance. perfect for clarinetists and adding clarity to your music with a touch of clarinet purity!",Exaggerated Claims
"churn, freeze, and indulge in ice cream bliss! craft your own delectable flavors. perfect for dessert enthusiasts and creating ice cream masterpieces with a touch of ice cream maker creativity!",Exaggerated Claims
remove eye makeup gently with eye makeup remover! experience gentle and effective makeup removal. perfect for sensitive eyes and a clean slate. limited stock - cleanse your eyes with care!,Scarcity
"grill, sizzle, and enjoy bbq flavors anytime! savor grilled delights indoors. perfect for bbq lovers and relishing the taste of summer with a touch of electric grill convenience!",Exaggerated Claims
shop now. introducing our trendy racerback tank! get ready for comfort and compliments! it s a stylish and sporty sleeveless top featuring a unique t-shaped strap design across the upper back.,Urgency
utilize corners efficiently with a corner shelf! experience optimized space and practicality. perfect for making the most of unused corners and enhancing your decor. limited stock - transform your corners with a touch of functionality!,Exaggerated Claims
"brave the cold, stay cozy and warm! winter boots for winter explorers. perfect for snowy days and keeping your feet snug with a touch of winter boot comfort!",Exaggerated Claims
"watch, listen, and reassure! enjoy peace of mind with real-time baby monitoring. perfect for parents and staying connected with your baby from anywhere with a touch of baby monitor technology!",Exaggerated Claims
stay inspired with a motivational magazine! experience daily inspiration and uplifting stories. perfect for those seeking positivity and achieving their goals. limited stock - thrive with a touch of inspiration!,Scarcity
"organize and craft, everything in its place! enjoy neatness and convenience. perfect for crafters and keeping your crafting essentials in order with a touch of organizational mastery!",Exaggerated Claims
"spin and squeak, little one! enjoy safety and endless running. perfect for hamster lovers and providing an exercise playground for your tiny buddy. limited stock - run in style with a touch of hamster happiness!",Fear Appeals
explore tropical treasures with exotic fruit collection! experience unique and exotic fruits from around the world. perfect for fruit adventurers and broadening your palate. limited stock - savor the exotic with a touch of adventure!,Scarcity
"explore the world s history, chart your adventures! antique maps for explorers. perfect for cartography enthusiasts and navigating the past with a touch of antique map fascination!",Exaggerated Claims
"heat, feed, and delight your baby! enjoy quick and safe bottle warming. perfect for parents and ensuring the perfect temperature for your baby s milk with a touch of baby bottle warmer convenience!",Exaggerated Claims
stay dry and cute on rainy days with our girls raincoat! experience adorable designs and practical rain protection. perfect for puddle jumping and rainy-day adventures. limited stock - stay dry in style!,Fear Appeals
type with ease using the wireless keyboard! experience comfort and efficiency for work and tasks. perfect for professionals and writers. limited stock - type faster and better!,Scarcity
elevate your style with classic t-shirts! experience timeless comfort and fashion in these must-have tees. perfect for a casual and stylish look. limited stock - choose your favorite color today!,Scarcity
sparkle with crystal earrings! experience glamour and dazzling beauty. perfect for dressing up any attire and radiating elegance. limited stock - shine bright with a touch of sparkle!,Scarcity
tackle messes with ease using the handheld vacuum! experience quick and convenient spot cleaning. perfect for spills and maintaining a tidy home. limited stock - clean up messes in seconds!,Scarcity
"grill and chill, sizzle and savor! enjoy flavorful meals and culinary adventures. perfect for foodies and taking your cooking skills outdoors. limited stock - grill in style with a touch of outdoor flavor!",Scarcity
"support noble causes, make a difference! charity gala tickets for philanthropists. perfect for those who believe in giving back and making the world a better place with a touch of charity gala generosity!",Exaggerated Claims
relax in style with a lounge chair! experience ultimate relaxation and modern design. perfect for unwinding and adding a touch of sophistication. limited stock - lounge in luxury and comfort!,Exaggerated Claims
"haul, organize, and thrive! enjoy effortless garden supply transportation. perfect for gardeners and making your gardening tasks more convenient with a touch of garden cart practicality!",Exaggerated Claims
embrace gothic elegance with a velvet choker! experience dark beauty and unique style. perfect for creating a mysterious look and expressing your individuality. limited stock - wear it with a touch of allure!,Scarcity
"elevate leadership skills, lead with confidence! leadership training program tickets for future leaders. perfect for those aspiring to lead with impact and influence with a touch of leadership training program excellence!",Exaggerated Claims
"don t miss out! sweatshirtlove stay cozy and stylish with our soft, graphic sweatshirts! perfect for laid-back days or making a bold statement. shop now for your new wearable art top!",FOMO
"experience style in full bloom now. introducing our floral-print dress delicate feminine, this beautifully crafted piece is perfect for any occasion. fashion floraldress",Exaggerated Claims
upgrade your wardrobe with our chic jumpsuit the perfect blend of style and comfort. our one-piece top pants combo creates a sleek silhouette that s a must-have. shop now - be effortlessly stylish!,Exaggerated Claims
"stay trendy, slip into everyday style! slip-on sneakers for those who love hassle-free fashion. perfect for those on the go and enjoying comfort with a touch of slip-on sneaker flair!",Exaggerated Claims
"paint with depth, textures come alive! enjoy lush colors and expressive artistry. perfect for oil painters and creating captivating artworks with a touch of oil magic!",Exaggerated Claims
elevate your style with elegant blouses! experience sophistication and charm in these beautiful blouses. perfect for special occasions and classic beauty. limited stock - add elegance to your wardrobe!,Scarcity
discover the magic of yellowstone! immerse yourself in natural wonders and wildlife encounters. perfect for nature lovers and exploring the beauty of america s first national park. limited availability - experience the wild with a touch of american splendor!,Exaggerated Claims
stay cool and comfortable with the air conditioner! experience energy-efficient cooling for a refreshing indoor climate. perfect for hot summer days and a cozy home. limited stock - beat the heat with style!,Scarcity
mesmerize with eyeshadow palette! experience endless eye looks. perfect for makeup artists and everyday eye magic. limited stock - paint your eyes with captivating shades!,Scarcity
"sip tea in elegance, savor tea traditions! antique teapots for tea enthusiasts. perfect for tea lovers and elevating your tea time with a touch of antique teapot sophistication!",Exaggerated Claims
"mulch, conserve, and enrich! enjoy healthier soil and weed-free gardening. perfect for gardeners and enhancing your garden s vitality with a touch of garden mulch nourishment!",Exaggerated Claims
stay warm and stylish with cozy winter hats! experience winter in fashion with these trendy hats. perfect for chilly adventures. limited stock - bundle up in style!,Scarcity
"explore the power of data, unlock insights! data analytics seminar tickets for data enthusiasts. perfect for data lovers and diving into the world of analytics with a touch of data analytics seminar discovery!",Exaggerated Claims
"carry, bond, and create memories! enjoy closeness and convenience with your baby. perfect for parents and keeping your little one snug with a touch of baby carrier love!",Exaggerated Claims
"blend, nourish, and savor flavors! enjoy healthy meals for your baby. perfect for parents and providing homemade goodness with a touch of baby food blender expertise!",Exaggerated Claims
"upgrade your wardrobe with our stylish longline cardigan! knee-length, versatile perfect for layering, it brings extra warmth to any outfit. don t let the cold cramp your style - shop now!",Urgency
"embrace retro chic, step into classic elegance! mary jane shoes for those who love vintage fashion. perfect for vintage enthusiasts and adding a touch of retro charm to your look with a touch of mary jane shoe sophistication!",Exaggerated Claims
stay ahead in style with our chic crop tops! show off your playful side flaunt a contemporary look. elevate any outfit - get yours today! limited stock. croptoplove fashionforward,Scarcity
capture every moment with the dash cam! experience peace of mind and record your journeys. perfect for documenting trips and enhancing safety. limited stock - record your adventures and stay safe on the road!,Fear Appeals
set up table tennis anywhere with a table tennis net! experience impromptu matches and endless fun. perfect for ping pong enthusiasts and quick games. limited stock - serve and volley with a touch of spontaneity!,Scarcity
run in comfort with running shoes! experience efficient runs and athletic performance. perfect for runners and conquering the track. limited stock - conquer your miles with a touch of speed!,Exaggerated Claims
"shine and thrive, little sun-worshiper! enjoy uvb benefits and vitality. perfect for reptile enthusiasts and keeping your scaled companion radiant. limited stock - bask in wellness with a touch of reptilian magic!",Scarcity
"fix it all, plumb it all! enjoy plumbing versatility and controlled pipe handling. perfect for plumbing tasks and having the right tool for every pipe with a touch of pipe wrench expertise!",Exaggerated Claims
savor the gourmet flavors of gourmet sausage sampler! experience the richness and variety of gourmet sausages. perfect for meat lovers and elevating your grill game. limited stock - grill with flair with a touch of gourmet!,Scarcity
"align, measure, and excel! enjoy precise leveling and accuracy. perfect for builders and getting your projects on the level with a touch of level expertise!",Exaggerated Claims
seek adventure in queenstown! immerse yourself in adrenaline-pumping activities and natural wonders. perfect for thrill-seekers and embracing the kiwi spirit. limited availability - chase excitement with a touch of new zealand thrill!,Exaggerated Claims
"flip through history, explore bygone eras! vintage magazines for magazine collectors. perfect for collectors and diving into the stories of the past with a touch of vintage magazine nostalgia!",Exaggerated Claims
"squeeze and play, music s unique charm! enjoy distinctive melodies and musical versatility. perfect for accordionists and adding a touch of accordion magic to your music!",Exaggerated Claims
"compost, nourish, and grow! enjoy sustainable gardening and nutrient-rich compost. perfect for gardeners and making your garden thrive with a touch of garden compost bin sustainability!",Exaggerated Claims
snuggle up with the electric blanket! experience warmth and comfort on chilly nights. perfect for a good night s sleep and cozy winter evenings. limited stock - stay warm and cozy all night!,Scarcity
"relax, rejuvenate, and connect with nature! enjoy tranquil garden water features. perfect for gardeners and creating a peaceful oasis with a touch of garden solar fountain serenity!",Exaggerated Claims
"showcase, decorate, and beautify! enjoy plant elegance in your space. perfect for plant enthusiasts and adding flair to your plant display with a touch of plant stand charm!",Exaggerated Claims
"ribbon and adorn, creativity at its peak! enjoy variety and decorative finesse. perfect for crafters and adding a touch of ribbon elegance to your creations!",Exaggerated Claims
"magnify and craft, every detail in focus! enjoy clarity and detailed crafting. perfect for crafters and achieving precision in your small-scale projects with a touch of magnifying precision!",Exaggerated Claims
embrace lyrical beauty with a poetry collection! experience emotional expression and captivating verses. perfect for poetry lovers and immersing yourself in the power of words. limited stock - find your muse with a touch of poetry!,Scarcity
transform your space with home theater system! experience cinematic audiovisual excellence in your own home. perfect for movie nights and immersive entertainment. limited stock - bring the cinema to your living room!,Exaggerated Claims
"bake, savor, and enjoy the aroma of freshly baked bread! create bakery-quality bread at home. perfect for bread lovers and filling your home with the scent of freshly baked loaves with a touch of bread maker warmth!",Exaggerated Claims
roll on charm with perfume roller! experience on-the-go fragrance and allure. perfect for touch-ups and captivating scents. limited stock - roll on your signature charm!,Scarcity
"play, learn, and grow together! enjoy interactive playtime with your baby. perfect for parents and stimulating your baby s development with a touch of baby play mat fun!",Exaggerated Claims
"shred, safeguard, and peace of mind! enjoy secure document disposal. perfect for privacy-conscious individuals and protecting your data with a touch of paper shredder security!",Fear Appeals
"discover the ultimate edgy-chic look with our leather biker jacket! unleash your inner rebel today. elevate your wardrobe ride with style! fitted cropped, it boasts rockin zippers and studs.",Exaggerated Claims
"cut it all, cut it right! enjoy versatile cutting and precision. perfect for diy enthusiasts and getting clean cuts with a touch of utility knife mastery!",Exaggerated Claims
enjoy cinematic experiences with the portable projector! experience big-screen entertainment on the go. perfect for movie nights and presentations. limited stock - turn any space into a theater!,Scarcity
"introducing our quilted handbags the luxurious merger of style, comfort, and sophistication. discover the ultimate accessory - crafted with premium fabrics and refined stitching patterns. elevate your ensemble now!",Exaggerated Claims
protect your car s doors with car door edge guards! experience added protection and peace of mind. perfect for preventing dings and maintaining your car s appearance. limited stock - guard your doors with care!,Fear Appeals
"explore the world of art, appreciate creativity! art gallery opening tickets for art lovers. perfect for those who admire visual art and immersing themselves in the world of creativity with a touch of art gallery opening inspiration!",Exaggerated Claims
"carry your data, access anytime! enjoy ample storage and convenience. perfect for professionals and staying organized. limited stock - store in style with a touch of usb power!",Scarcity
"unleash writing talent, tell captivating stories! creative writing workshop tickets for writers. perfect for wordsmiths and diving into the world of creative writing with a touch of creative writing workshop inspiration!",Exaggerated Claims
"paint with pastel magic, blend and create! enjoy soft shades and artistic expression. perfect for artists and adding a touch of pastel charm to your artworks!",Exaggerated Claims
get versatile with an ottoman! experience stylish seating or a comfortable footrest. perfect for adapting to your seating needs and enhancing your decor. limited stock - elevate your versatility with a touch of style!,Scarcity
get wet and wild with a water balloon kit! experience outdoor fun and splash-tastic battles. perfect for summer days and cooling off in style. limited stock - make a splash with a touch of excitement!,Scarcity
"breathe easy, little one! enjoy clear nasal passages for your baby. perfect for parents and helping your baby breathe comfortably with a touch of baby nasal aspirator care!",Exaggerated Claims
conquer the great wall of china! immerse yourself in a monumental journey through history. perfect for adventurers and walking the path of emperors. limited availability - embark on an epic trek with a touch of chinese grandeur!,Exaggerated Claims
keep your car spotless with the car vacuum cleaner! experience clean and tidy interiors with ease. perfect for on-the-go cleaning and maintaining a fresh car. limited stock - vacuum your car with convenience!,Scarcity
get versatile with an ottoman! experience comfortable seating and a cozy footrest. perfect for relaxation and creating flexible seating arrangements. limited stock - elevate your comfort and style with a touch of versatility!,Scarcity
"adorn your space, embrace artistic beauty! rare art prints for art connoisseurs. perfect for art lovers and elevating your surroundings with a touch of rare art print creativity!",Exaggerated Claims
"stay dry, conquer wet weather! rain boots for those who love functional fashion. perfect for rainy days and braving the elements with a touch of rain boot practicality!",Exaggerated Claims
"discover our ikat-print scarf, blending tradition style with its unique dyeing technique, showcasing stunning blurred geometric patterns. elevate any outfit - shop now!",Urgency
"upgrade your wardrobe with our chic pinafore dress! layer it over a blouse or sweater for a versatile, stylish look. sleeveless, apron-style front - perfect for any occasion! shop now.",Urgency
amaze with magic tricks set! experience captivating illusions and endless wonder. perfect for budding magicians and leaving audiences spellbound. limited stock - perform magic with a touch of mystery!,Scarcity
"unleash photography skills, frame life s beauty! photography masterclass tickets for photography enthusiasts. perfect for shutterbugs and mastering the art of photography with a touch of photography masterclass inspiration!",Exaggerated Claims
dine in elegance with a chandelier! experience an exquisite and dazzling dining experience. perfect for adding a touch of luxury to your meals. limited stock - dine in style with a touch of opulence!,Scarcity
"set, spike, and serve with a volleyball! experience beach volleyball and fun in the sun. perfect for beachgoers and exciting matches. limited stock - volley with a touch of beach vibes!",Scarcity
"compute, create, and dominate! enjoy reliable performance and work efficiency. perfect for professionals and boosting your productivity with a touch of desktop computer prowess!",Exaggerated Claims
boil water in a flash with the electric kettle! experience quick and safe hot water for your beverages. perfect for tea lovers and instant meals. limited stock - get hot water at the touch of a button!,Scarcity
embrace blooming beauty with floral earrings! experience floral charm and natural elegance. perfect for garden parties and expressing your style. limited stock - bloom with a touch of freshness!,Scarcity
play it trendy with tassel earrings! experience playfulness and fashionable flair. perfect for spicing up your outfit and expressing your style. limited stock - swing into style with a touch of chic!,Scarcity
elevate your formal look with classic dress shoes! experience timeless elegance and impeccable style. perfect for making a lasting impression. limited stock - step into elegance!,Scarcity
"spin and shape, clay becomes art! enjoy craftsmanship and pottery making. perfect for potters and crafting elegant ceramics with a touch of pottery finesse!",Exaggerated Claims
"elevate coding skills, build exceptional software! software developer summit tickets for developers. perfect for software engineers and mastering the art of coding with a touch of software developer summit expertise!",Exaggerated Claims
stay connected with the home wi-fi router! experience lightning-fast internet and seamless streaming. perfect for homes and remote work. limited stock - upgrade your internet experience!,Scarcity
"cook and savor, wilderness is your kitchen! enjoy versatile cooking and convenience. perfect for outdoor chefs and culinary explorations. limited stock - cook in style with a touch of outdoor gourmet!",Scarcity
"note it, stick it, and remember! enjoy colorful reminders and productivity. perfect for multitaskers and adding a pop of color to your work with a touch of sticky note flair!",Exaggerated Claims
explore visual arts with an art magazine! experience creative inspiration and artistic wonders. perfect for art lovers and immersing yourself in the world of creativity. limited stock - express your artistry with a touch of imagination!,Scarcity
"connect and conquer, no compromise! enjoy fast data and power. perfect for techies and seamless connectivity. limited stock - connect in style with a touch of usb-c speed!",Exaggerated Claims
"boil, pour, and enjoy hot beverages in a snap! get hot water on demand. perfect for tea lovers and starting your day with a touch of electric kettle efficiency!",Exaggerated Claims
"embrace the cloud, elevate your business! cloud computing expo tickets for cloud enthusiasts. perfect for businesses looking to harness cloud technology with a touch of cloud computing expo innovation!",Exaggerated Claims
"play, explore, and stay safe! enjoy peace of mind with secure boundaries. perfect for parents and creating safe spaces for your baby with a touch of baby safety gate security!",Fear Appeals
"tune in to nostalgia, groove to retro tunes! vintage radios for music aficionados. perfect for music lovers and dancing to the past with a touch of vintage radio melodies!",Exaggerated Claims
"fix it all, adjust it all! enjoy versatility and all-in-one convenience. perfect for handymen and having the right wrench for every task with a touch of wrench set completeness!",Exaggerated Claims
add a touch of boho charm with boho earrings! elevate your style with intricate designs and unique flair. perfect for expressing your individuality. limited stock - make them yours!,Scarcity
add a hint of elegance with a gold bracelet! experience classic beauty and timeless charm. perfect for special occasions and completing your look. limited stock - shine with a touch of classic allure!,Scarcity
"stroll, explore, and bond! enjoy quality time with your baby in comfort and style. perfect for parents and enhancing your outdoor adventures with a touch of baby stroller elegance!",Exaggerated Claims
"laugh the night away, enjoy comedy gold! comedy night tickets for comedy lovers. perfect for those who love a good laugh and enjoying comedic talents with a touch of comedy night humor!",Exaggerated Claims
"find your way, explore without limits! enjoy precision and confidence. perfect for explorers and never losing your path in the wilderness. limited stock - navigate in style with a touch of outdoor precision!",Scarcity
"refine your style with our elegant double-breasted blazer - boasting two parallel rows of buttons, sophistication and polish await. transform your wardrobe today! fashionupgrade sophisticatedlook",Exaggerated Claims
stay punctual with a gold watch! experience timeless elegance and functional style. perfect for daily wear and making a lasting impression. limited stock - be on time with a touch of luxury!,Scarcity
experience opulence in dubai! dive into luxury and embrace the extravagance. perfect for shoppers and living the high life in the desert oasis. limited availability - indulge in luxury with a touch of arabian elegance!,Exaggerated Claims
monitor your progress with a weight scale! experience goal-reaching and tracking your weight. perfect for fitness journeys and achieving your ideal weight. limited stock - track your goals with a touch of precision!,Scarcity
savor the richness of gourmet coffee beans! experience the aroma and flavor of freshly brewed coffee. perfect for coffee connoisseurs and starting your day with a touch of luxury. limited stock - awaken your senses with a touch of indulgence!,Scarcity
"indulge in luxury with our women s leather jacket! elevate your style with this luxurious, high-quality jacket. perfect for adding a touch of elegance to any outfit. limited stock - make it yours!",Scarcity
"experience the romance of paris! indulge in art, culture, and exquisite cuisine. perfect for lovebirds and making memories in the city of amour. limited availability - ignite your passion with a touch of french allure!",Exaggerated Claims
"play and purr, kitty! enjoy durability and endless fun. perfect for cat lovers and providing a scratching haven for your feline friend. limited stock - scratch in style with a touch of feline fancy!",Scarcity
"prune, shape, and flourish! enjoy well-groomed trees and bushes. perfect for gardeners and achieving clean and tidy pruning with a touch of garden pruner expertise!",Exaggerated Claims
cuddle up with a plush toy! experience companionship and huggable comfort. perfect for all ages and finding your cuddly friend. limited stock - snuggle up with a touch of warmth!,Scarcity
sparkle at parties with our girls party dress! experience the magic of celebration in this stunning dress. perfect for birthdays and special occasions. limited stock - get ready to shine!,Scarcity
elevate your beauty with elegant dresses! experience sophistication and charm in these stunning dresses. perfect for special occasions and making a grand entrance. limited stock - get ready to shine!,Scarcity
"secure, file, and conquer chaos! enjoy organized documents and peace of mind. perfect for offices and keeping your files in order with a touch of filing cabinet mastery!",Exaggerated Claims
thrill with a skateboard! experience exciting rides and skatepark tricks. perfect for skaters and mastering your moves. limited stock - skate with style and a touch of excitement!,Scarcity
"find it, mount it, and get it right! enjoy accurate stud detection and hassle-free mounting. perfect for diy enthusiasts and getting your wall fixtures in the perfect spot with a touch of stud finder accuracy!",Exaggerated Claims
transform your hair with hair serum! experience shiny and manageable locks. perfect for frizz-free hair and hair that turns heads. limited stock - embrace stunning hair every day!,Exaggerated Claims
play ball with our boys baseball jersey! experience the thrill of the game in these comfortable jerseys. perfect for young baseball enthusiasts. limited stock - gear up for your next game!,Scarcity
make a statement with a coffee table! experience functionality and chic design. perfect for serving style and gathering around. limited stock - center your space with a touch of sophistication!,Scarcity
relax with a jigsaw puzzle! experience calming challenges and stunning imagery. perfect for puzzle lovers and escaping into picturesque landscapes. limited stock - piece together serenity with a touch of beauty!,Scarcity
walk with style and confidence with stylish walking canes! experience the perfect blend of support and fashion. perfect for added stability and making a statement. limited stock - step out in style!,Scarcity
"beat to your own rhythm, the world as your stage! enjoy drumming versatility and musical energy. perfect for drummers and making your music come alive with a touch of drumming dynamism!",Exaggerated Claims
"juice, refresh, and nourish your body! sip on fresh and healthy beverages. perfect for health enthusiasts and embracing the goodness of fresh juices with a touch of juicer vitality!",Exaggerated Claims
learn and play with an educational toy set! experience fun and learning in one. perfect for curious minds and expanding your knowledge. limited stock - explore and discover with a touch of education!,Scarcity
elevate your accessories with stylish watches! experience the perfect blend of elegance and punctuality. perfect for staying stylish and on time. limited stock - keep time in style!,Scarcity
"enjoy beach days, relax by the sea! beach sandals for beach lovers. perfect for seaside days and soaking up the sun with a touch of beach sandal ease!",Exaggerated Claims
"keep cozy indoors, relax in warmth! slipper boots for those who love snug comfort. perfect for lounging at home and keeping your feet toasty with a touch of slipper boot coziness!",Exaggerated Claims
explore nature with hiking boots! experience rugged trails and adventure. perfect for hikers and conquering new heights. limited stock - hike with confidence and a touch of exploration!,Exaggerated Claims
elevate your accessories with stylish handbags! experience the perfect blend of functionality and style. perfect for keeping your essentials in style. limited stock - upgrade your bag game!,Scarcity
stay informed with a business magazine! experience the latest business trends and insightful analysis. perfect for entrepreneurs and staying ahead in the world of business. limited stock - excel in business with a touch of knowledge!,Scarcity
"power up, speed up! enjoy rapid charging and versatility. perfect for tech-savvy users and staying connected in a flash. limited stock - charge in style with a touch of usb speed!",Scarcity
refresh your face with face mist! experience a quick and refreshing boost. perfect for on-the-go hydration and a radiant look. limited stock - mist your way to refreshed beauty!,Scarcity
breathe easy with the advanced air purifier! experience purified and healthier indoor air. perfect for allergy sufferers and a fresh living space. limited stock - enjoy clean air in every breath!,Scarcity
"blend, create, and enjoy! mix up delicious drinks and meals in a flash. perfect for food enthusiasts and achieving culinary greatness with a touch of blender versatility!",Exaggerated Claims
"journey through time, capture moments in history! historical photographs for photography lovers. perfect for history buffs and reliving the past through the lens with a touch of historical photograph fascination!",Exaggerated Claims
relax in style with cozy lounge sets! experience the perfect blend of comfort and fashion. perfect for unwinding at home. limited stock - wrap yourself in comfort!,Scarcity
"introducing our floral-print dress delicate feminine, this beautifully crafted piece is perfect for any occasion. experience style in full bloom now. fashion floraldress",Exaggerated Claims
transform your entertainment with smart tv! experience cinematic 4k resolution and endless streaming options. perfect for movie nights and binge-watching your favorite shows. limited stock - elevate your viewing experience!,Exaggerated Claims
embrace earthy charm with a beaded bracelet! experience nature-inspired beauty and simplicity. perfect for casual days and grounding your energy. limited stock - connect with nature with a touch of authenticity!,Scarcity
elevate your style with classic plaid shirts! experience timeless comfort and fashion in these plaid wonders. perfect for a classic and cozy look. limited stock - wrap yourself in style!,Scarcity
"plan, schedule, and achieve! enjoy organized days and productivity. perfect for home offices and keeping your schedule in check with a touch of wall calendar magic!",Exaggerated Claims
shop now! limited stock free shipping. step up your style game with our chic platform heels ! boost your height confidence while experiencing ultimate comfort. walk tall turn heads.,Urgency
sculpt your imagination with a play-doh set! experience creative expression and endless sculpting. perfect for artists of all ages and shaping your wildest ideas. limited stock - mold your dreams with a touch of artistry!,Scarcity
"be enchanted, experience vocal magic! opera performance tickets for opera enthusiasts. perfect for those who appreciate the beauty of music and witnessing breathtaking vocal artistry with a touch of opera performance wonder!",Exaggerated Claims
"mark time with elegance, cherish clock craftsmanship! antique clocks for clock aficionados. perfect for clock enthusiasts and celebrating time with a touch of antique clock artistry!",Exaggerated Claims
stay hydrated with a water bottle! experience convenience and freshness throughout the day. perfect for active lifestyles and quenching your thirst,Exaggerated Claims
embark on epic adventures with an action figure! experience heroic battles and imaginative play. perfect for heroes in training and unleashing your inner champion. limited stock - be a hero with a touch of bravery!,Scarcity
"bathe, giggle, and create memories! enjoy secure and fun bath times with your baby. perfect for parents and making bath time a breeze with a touch of baby bath tub comfort!",Fear Appeals
"introducing the utility jacket military-inspired design meets ultimate functionality. oversized and durable, featuring ample pockets for all your on-the-go essentials. get yours now and take on any day with style and efficiency!",Exaggerated Claims
introducing our latest lace-up sandals - where style meets comfort! wrap your feet in chic designs and experience unbeatable support. perfect for summer strolls beachside bliss. shop now!,Exaggerated Claims
"shop now! discover elegance redefined with our timeless boatneck blouse - the perfect blend of a classic wide neckline feminine charm, crafted for your ultimate style statement!",Exaggerated Claims
"paint your world, colors come alive! enjoy endless possibilities and artistic expression. perfect for artists and turning your ideas into stunning artworks. limited stock - create in style with a touch of acrylic brilliance!",Scarcity
"introducing our fabulous fringe skirt! step out in style with eye-catching fringe detailing that adds flair and movement. perfect for any occasion, create unforgettable memories with this chic piece.",Exaggerated Claims
experience the thrill of the dubai desert safari! immerse yourself in adventure and desert wonders. perfect for thrill-seekers and riding the dunes in style. limited availability - venture into the sands with a touch of arabian allure!,Exaggerated Claims
"decorate with nostalgia, elevate your walls! vintage posters for art enthusiasts. perfect for collectors and adding a touch of iconic art to your space with a touch of vintage poster charm!",Exaggerated Claims
"heat, cook, and save time! prepare meals in no time with microwave convenience. perfect for busy households and serving up hot and delicious dishes with a touch of microwave oven speed!",Exaggerated Claims
"preserve the past, cherish numismatic beauty! antique coins for coin collectors. perfect for numismatists and unraveling the rich history of currency with a touch of antique coin heritage!",Exaggerated Claims
"work safe, work confident! enjoy head protection and peace of mind. perfect for construction projects and ensuring safety with a touch of safety helmet confidence!",Fear Appeals
hydrate your skin with moisturizing cream! experience soft and supple skin all day. perfect for dry skin and a youthful glow. limited stock - moisturize for a hydrated and beautiful you!,Scarcity
"shake, rattle, and groove to the beat! enjoy lively rhythms and musical energy. perfect for percussionists and bringing life to your music with a touch of tambourine vibrancy!",Exaggerated Claims
"slip into chic comfort, embrace effortless style! mule sandals for trendsetters. perfect for those who love easygoing fashion with a touch of mule sandal flair!",Exaggerated Claims
"screw it in, tighten it up! enjoy quick screwdriving and efficiency. perfect for homeowners and getting the job done fast with a touch of power screwdriver speed!",Exaggerated Claims
"diapers, bottles, and more on the move! enjoy organized outings with your little one. perfect for parents and keeping everything handy with a touch of diaper bag convenience!",Exaggerated Claims
"stay fit, stay healthy! a smart companion for your active lifestyle. perfect for health-conscious individuals and achieving your fitness goals with a touch of fitness tracker watch motivation!",Exaggerated Claims
save space with floating shelves! experience stylish and space-saving storage. perfect for displaying your favorites and optimizing your walls. limited stock - elevate your storage with a touch of innovation!,Scarcity
introducing gladiator sandals unleash your inner warrior with our bold crisscross design - strut in style comfort with multiple buckles ties for a perfect fit. step up your summer game now!,Exaggerated Claims
"feed, bond, and cherish moments! enjoy comfortable breastfeeding for both you and your baby. perfect for new moms and ensuring comfort during feeding with a touch of nursing pillow support!",Exaggerated Claims
"connect with it professionals, expand your network! it networking symposium tickets for networking enthusiasts. perfect for those in the it field and building connections with a touch of it networking symposium camaraderie!",Exaggerated Claims
"safeguard your tech, elevate your look! enjoy padded security and sophistication. perfect for professionals and making a statement. limited stock - protect in style with a touch of laptop elegance!",Fear Appeals
"discover the versatile bolero jacket! ideal for layering over dresses or tops, this chic, open-front cropped jacket elevates any outfit. effortlessly stylish, comfortably classy. get yours today!",Exaggerated Claims
"discover science wonders, explore curiosity! science exhibition tickets for science enthusiasts. perfect for those who love learning and unlocking the mysteries of the universe with a touch of science exhibition discovery!",Exaggerated Claims
"light up, mesmerize, and connect with the night! enjoy energy-efficient garden lighting. perfect for gardeners and creating a magical nighttime garden with a touch of garden solar lights radiance!",Exaggerated Claims
"camp in style, embrace nature s embrace! enjoy cozy nights and outdoor adventures. perfect for nature lovers and creating unforgettable memories. limited stock - camp in style with a touch of wilderness wonder!",Scarcity
begin your underwater adventure! enjoy easy setup and vibrant aquatic life. perfect for fish lovers and transforming your space into a marine wonderland. limited stock - dive into tranquility with a touch of aquatic magic!,Exaggerated Claims
drive in comfort with the car headrest pillow! experience comfortable and relaxed driving. perfect for long journeys and reducing neck fatigue. limited stock - support your neck and drive stress-free!,Scarcity
"get inspired, explore enlightening ideas! tedx talk tickets for curious minds. perfect for those who love thought-provoking discussions and gaining insights with a touch of tedx talk inspiration!",Exaggerated Claims
"immerse in culture, celebrate diversity! cultural festival tickets for culture enthusiasts. perfect for those who appreciate cultural richness and experiencing the world s diversity with a touch of cultural festival vibrancy!",Exaggerated Claims
get hands-on with essential car maintenance tools! experience diy car care and maintenance. perfect for automotive enthusiasts and maintaining your vehicle. limited stock - become your car s mechanic!,Scarcity
dive into the eclectic vibes of venice beach! immerse yourself in street art and seaside relaxation. perfect for free spirits and soaking up the californian sun. limited availability - surf into creativity with a touch of west coast flair!,Exaggerated Claims
"flute that enchants, music like a dream! enjoy enchanting melodies and musical serenity. perfect for pan flutists and creating soothing tunes with a touch of pan flute magic!",Exaggerated Claims
"conquer the outdoors, embrace adventure! hiking boots for nature enthusiasts. perfect for hikers and exploring the wilderness with a touch of hiking boot durability!",Exaggerated Claims
"snuggle and snooze, tiny bundle of joy! enjoy plushness and relaxation. perfect for small pet owners and giving your companion a dreamy haven. limited stock - nap in style with a touch of small-animal luxury!",Scarcity
"unleash your inner elegance with our kimono-style robe! drift into tranquility with its loose, flowing design wide sleeves. embrace the marriage of tradition and modern sophistication. shop now!",Urgency
upgrade your driving experience with the steering wheel cover! experience added comfort and style while driving. perfect for a personalized touch and a better grip. limited stock - enhance your driving comfort!,Scarcity
"repel, protect, and thrive! enjoy pest-free and healthy plants. perfect for gardeners and safeguarding your garden with a touch of garden insect repellent security!",Fear Appeals
carry class with a leather handbag! experience style and versatility. perfect for daily use and completing your look. limited stock - accessorize with a touch of luxury!,Scarcity
pamper your nails with cuticle oil! experience healthy and well-groomed nails. perfect for nail care and a polished look. limited stock - nourish your cuticles for stunning nails!,Scarcity
"cook, savor, and save time in the kitchen! prepare mouthwatering meals in a flash. perfect for busy households and enjoying homemade goodness with a touch of electric pressure cooker convenience!",Exaggerated Claims
"invest in career growth, reach new heights! career development seminar tickets for career enthusiasts. perfect for those on a path to career success and gaining insights into professional growth with a touch of career development seminar empowerment!",Exaggerated Claims
strengthen your core with a fitness ball! experience balance and stability during your workouts. perfect for fitness enthusiasts and improving your posture. limited stock - balance your fitness with a touch of stability!,Scarcity
dive into real-life mysteries with a true crime novel! experience gripping investigations and shocking truths. perfect for true crime enthusiasts and unraveling the darkest secrets. limited stock - uncover the truth with a touch of suspense!,Scarcity
"indulge in luxury with our velvet jacket! elevate your style with this luxurious, warm jacket that adds an elegant touch to any outfit. limited stock - make it yours!",Scarcity
"immerse in diverse cultures, celebrate unity! cultural dance festival tickets for culture enthusiasts. perfect for those who appreciate cultural richness and experiencing the world s diversity with a touch of cultural dance festival vibrancy!",Exaggerated Claims
"stencil with ease, patterns take shape! enjoy versatility and detailed crafting. perfect for crafters and adding a touch of stenciling elegance to your creations!",Exaggerated Claims
stay warm in your car with the car seat heater! experience cozy and warm car rides in cold weather. perfect for winter commutes and comfortable driving. limited stock - enjoy warm car seats in chilly weather!,Scarcity
"gain financial wisdom, secure your future! financial literacy seminar tickets for financial enthusiasts. perfect for those looking to improve financial literacy with a touch of financial literacy seminar empowerment!",Fear Appeals
"snap like a pro, no shaky hands! enjoy stable shots and creative angles. perfect for photography enthusiasts and elevating your smartphone photography game. limited stock - capture in style with a touch of tripod finesse!",Scarcity
unleash your inner rebel with expertly frayed ripped designs. shop now! discover edgy style with our distressed jeans collection! elevate your casual look today!,Urgency
"feel the rhythm, dance the night away! music concert tickets for music lovers. perfect for those who crave live performances and making memories on the dance floor with a touch of music concert magic!",Exaggerated Claims
unleash your creativity with dslr camera! capture breathtaking moments with high-quality photos and videos. perfect for photographers and videographers. limited stock - frame your world in style!,Scarcity
"drive, monitor, and stay connected! enjoy peace of mind during car journeys. perfect for parents and keeping your baby in sight with a touch of baby car mirror security!",Exaggerated Claims
find serenity in kyoto! dive into ancient traditions and natural wonders. perfect for culture enthusiasts and embracing the essence of japan. limited availability - embark on a journey with a touch of elegance!,Exaggerated Claims
"discover the past, uncover archaeological mysteries! rare artifacts for history enthusiasts. perfect for archaeology lovers and exploring ancient civilizations with a touch of rare artifact fascination!",Exaggerated Claims
"ideal for casual outings, these three-quarter length pants end mid-calf, ensuring comfort and chic all season long. shop now and stay on-trend! upgrade your summer wardrobe with our stylish capri pants!",Urgency
"explore stem fields, embrace innovation! stem education expo tickets for stem enthusiasts. perfect for those passionate about science and technology with a touch of stem education expo enlightenment!",Exaggerated Claims
"hike like a pro, conquer every trail! enjoy comfort and ample storage. perfect for adventurers and taking on the great outdoors. limited stock - hike in style with a touch of backpacking expertise!",Exaggerated Claims
dive into the energy of nyc! immerse yourself in endless opportunities and vibrant neighborhoods. perfect for urban adventurers and discovering the heartbeat of america. limited availability - explore the city that never sleeps with a touch of excitement!,Exaggerated Claims
explore sounds with a musical instrument set! experience musical adventures and diverse melodies. perfect for budding musicians and discovering the joy of music. limited stock - play melodies with a touch of harmony!,Scarcity
add comfort and style with a throw pillow set! experience cozy accents and a touch of luxury. perfect for lounging in comfort and enhancing your sofa. limited stock - accessorize your sofa with a touch of coziness!,Scarcity
explore the universe with a science magazine! experience scientific wonders and mind-boggling discoveries. perfect for curious minds and staying updated on the latest breakthroughs. limited stock - discover the cosmos with a touch of curiosity!,Scarcity
"introducing the gingham dress timeless chic! from picnics to parties, it s your go-to look. shop now for unbeatable style! step into summer with this must-have, two-toned checkered dress.",Urgency
elevate your style with classic plaid scarves! experience timeless charm and fashion in these plaid wonders. perfect for adding a classic touch to any outfit. limited stock - wrap yourself in style!,Scarcity
"embrace urban chic, explore the city in style! chelsea boots for city dwellers. perfect for those who appreciate metropolitan fashion with a touch of chelsea boot versatility!",Exaggerated Claims
fuel your day with wholesome energy bars! experience the goodness and energy of wholesome snacks. perfect for active individuals and staying fueled throughout the day. limited stock - snack smart with a touch of vitality!,Scarcity
gear up for success with athletic leggings! experience style and performance for your active lifestyle. perfect for achieving your fitness goals in style. limited stock - elevate your workouts!,Scarcity
discover bold urban style with our classic camouflage pants elevate your wardrobe stand out on every adventure low stock alert shop now before they re gone! camouflagepants ownyourstyle,Urgency
capture natural beauty with a nature photography book! experience breathtaking photography and the wonders of nature. perfect for nature lovers and immersing yourself in the great outdoors. limited stock - frame your world with a touch of beauty!,Scarcity
travel in convenience with the car seat organizer! experience storage and easy access to travel essentials. perfect for road trips and organized journeys. limited stock - keep your travel items within reach!,Scarcity
escape into your world with noise-canceling headphones! experience tranquility and focus with superior sound quality. perfect for blocking out distractions and enjoying your music. limited stock - immerse yourself in sound!,Scarcity
spoil your pet with a spa day! enjoy professional-quality grooming at home. perfect for pet owners and keeping your companion fresh and fabulous. limited stock - primp and pamper with a touch of pet-style luxury!,Scarcity
strengthen your core with a fitness ball! experience balance workouts and improved stability. perfect for fitness enthusiasts and enhancing your core strength. limited stock - strengthen your core with a touch of balance!,Scarcity
elevate your style with classic pencil skirts! experience timeless charm and fashion in these classic skirts. perfect for adding a touch of elegance to any outfit. limited stock - wrap yourself in style!,Scarcity
explore new horizons with a travel guidebook! experience cultural adventures and unforgettable journeys. perfect for travelers and planning your next escape. limited stock - travel the world with a touch of exploration!,Scarcity
link up and dive into hd magic! enjoy crisp visuals and sound. perfect for home theater enthusiasts and enhancing your entertainment. limited stock - connect in style with a touch of hdmi excellence!,Scarcity
"rediscover the classics, spin the magic! vintage vinyl records for the music enthusiast. perfect for audiophiles and savoring the timeless melodies with a touch of vintage vinyl record nostalgia!",Exaggerated Claims
"savor exquisite flavors, indulge in culinary delights! wine and cheese tasting tickets for foodies. perfect for culinary enthusiasts and exploring a world of taste with a touch of wine and cheese tasting elegance!",Exaggerated Claims
illuminate with wall sconces! experience warm and ambient lighting. perfect for creating a cozy atmosphere and enhancing your decor. limited stock - light up your space with a touch of elegance!,Scarcity
elevate your style with nail polish! experience vibrant and polished nails. perfect for any occasion and fashionable fingertips. limited stock - nail your look with stunning colors!,Scarcity
bring your ideas to life with the 3d printer! experience the world of 3d printing and innovation. perfect for creators and inventors. limited stock - turn your imagination into reality!,Scarcity
"get lost in the rhythm, feel the dance! dance performance tickets for dance enthusiasts. perfect for those who love dance as a form of expression and witnessing captivating performances with a touch of dance performance magic!",Exaggerated Claims
find your zen with a yoga mat! experience comfort and tranquility. perfect for yoga sessions and inner peace. limited stock - embrace your inner yogi with a touch of serenity!,Scarcity
radiate with cc cushion compact! experience on-the-go coverage and radiance. perfect for touch-ups and a flawless complexion. limited stock - compact your way to glowing beauty!,Scarcity
add warmth and character with an area rug! experience coziness and style. perfect for defining spaces and enhancing your decor. limited stock - elevate your space with a touch of comfort and artistry!,Scarcity
"mix, bake, and delight your taste buds! create delectable treats with ease. perfect for baking enthusiasts and achieving bakery-quality results with a touch of stand mixer magic!",Exaggerated Claims
tag your pet with love! enjoy customization and security. perfect for pet owners and providing peace of mind wherever your companion goes. limited stock - identify in style with a touch of pet protection!,Fear Appeals
get on the edge with a thriller novel! experience suspenseful storytelling and heart-pounding plots. perfect for thrill-seekers and uncovering the truth behind thrilling mysteries. limited stock - unravel the mystery with a touch of excitement!,Scarcity
stay warm and stylish with men s hoodies! experience the cozy comfort and trendy design perfect for chilly days. elevate your winter wardrobe. limited stock - get one today!,Scarcity
create endless beauty looks with makeup palette! experience versatility and creativity. perfect for makeup artists and makeup enthusiasts. limited stock - paint your canvas with endless beauty!,Scarcity
"soil, nurture, and flourish! enjoy fertile soil for thriving plants. perfect for gardeners and providing the best foundation for your plants with a touch of garden soil care!",Exaggerated Claims
dance to the rhythms of rio! immerse yourself in lively festivals and breathtaking vistas. perfect for partygoers and experiencing the vibrant spirit of brazil. limited availability - samba your way to happiness with a touch of brazilian flair!,Exaggerated Claims
illuminate with a table lamp! experience ambient lighting and elegance. perfect for setting the mood and adding sophistication. limited stock - light up your space with a touch of brilliance!,Scarcity
"add glamour, step into chic evenings! high heel pumps for fashionistas. perfect for those who love to dazzle with a touch of high heel pump elegance!",Exaggerated Claims
organize and decorate with a bookshelf! experience storage and style in one. perfect for showcasing your favorite books and treasures. limited stock - display your personality with a touch of sophistication!,Scarcity
"invest in personal growth, transform your life! personal development seminar tickets for self-improvement enthusiasts. perfect for those committed to personal development with a touch of personal development seminar empowerment!",Exaggerated Claims
"shop now! discover timeless elegance with our chic slip dress. exude confidence and style today. featuring delicate thin straps, a graceful v-neck, and a design inspired by lingerie.",Urgency
"transform and thrive, scaly adventurer! enjoy lifelike scenery and enrichment. perfect for reptile enthusiasts and creating a captivating world for your scaled buddy. limited stock - explore in style with a touch of reptilian wonder!",Exaggerated Claims
"lounge, unwind, and create memories! enjoy leisurely moments in your garden. perfect for gardeners and adding a touch of relaxation to your outdoor space with a garden hammock!",Exaggerated Claims
"play with emotion, violin s soulful serenade! enjoy expressive melodies and musical elegance. perfect for violinists and painting musical landscapes with a touch of violin serenity!",Exaggerated Claims
collect cuddles with a soft toy set! experience adorable companions and huggable comfort. perfect for building your soft toy family and creating heartwarming memories. limited stock - cuddle up with a touch of cuteness!,Scarcity
upgrade your wardrobe with a touch of luxury! our faux fur vest is the perfect sleeveless addition for style warmth. make a statement in any outfit - get yours now! staystylishandwarm,Exaggerated Claims
dive into the excitement of sydney! explore iconic landmarks and vibrant culture. perfect for adventurers and making unforgettable memories down under. limited availability - uncover the land of oz with a touch of aussie charm!,Exaggerated Claims
reel in the catch with a fishing rod! experience fishing adventures and big catches. perfect for anglers and landing your prized fish. limited stock - fish with skill and a touch of excitement!,Scarcity
venture into imaginative worlds with a science fiction novel! experience futuristic tales and mind-bending adventures. perfect for sci-fi enthusiasts and exploring the unknown. limited stock - journey to the stars with a touch of imagination!,Scarcity
"strum, sing, and spread joy! enjoy cheerful tunes and musical simplicity. perfect for ukulele enthusiasts and bringing smiles with your music with a touch of ukulele happiness!",Exaggerated Claims
"showcase elegance, embrace femininity! a touch of rose gold perfection. perfect for stylish women and expressing your femininity with a touch of rose gold women s watch charm!",Exaggerated Claims
"be part of the magic, witness theater brilliance! theater premiere tickets for theater enthusiasts. perfect for those who appreciate the art of storytelling and experiencing theatrical wonders with a touch of theater premiere excitement!",FOMO
"woodwork your imagination, create with wood! enjoy craftsmanship and construction. perfect for woodworkers and crafting beautiful wooden creations with a touch of woodworking artistry!",Exaggerated Claims
"stay connected, stay smart at any age! designed for seniors with love. perfect for seniors and embracing modern technology with a touch of smartwatch for seniors simplicity!",Exaggerated Claims
introducing our chic halter-neck top! perfect for a sleek day-to-night look. high neckline meets elegant tie-back design. limited stock - grab yours now at website ! free shipping on orders $50 !,Scarcity
"sculpt your imagination, miniatures come alive! enjoy malleability and artistic crafting. perfect for sculptors and bringing tiny worlds to life with a touch of clay magic!",Exaggerated Claims
"soothe, protect, and keep it soft! enjoy happy and rash-free baby skin. perfect for parents and ensuring your baby s comfort with a touch of baby diaper rash cream care!",Fear Appeals
wash your car with care using the car wash mitt! experience gentle and effective car cleaning. perfect for car enthusiasts and maintaining a spotless exterior. limited stock - pamper your car with a gentle touch!,Scarcity
step up your style with women s sneakers! experience the perfect blend of fashion and comfort. perfect for casual outings and making a statement. limited stock - step into style!,Scarcity
"organize it all, find it all! enjoy efficient document storage and access. perfect for professionals and keeping your files in order with a touch of file organizer mastery!",Exaggerated Claims
"stay safe, adventure with peace of mind! enjoy preparedness and security. perfect for adventurers and being ready for the unexpected. limited stock - adventure in style with a touch of outdoor safety!",Fear Appeals
"fry, indulge, and stay healthy! enjoy crispy goodness with less oil. perfect for health-conscious foodies and guilt-free indulgence with a touch of air fryer innovation!",Exaggerated Claims
"brew, savor, and start your day right! enjoy the perfect cup of coffee with ease. perfect for coffee lovers and bringing the aroma of freshly brewed coffee to your mornings with a touch of coffee maker perfection!",Exaggerated Claims
rock and unleash your guitar hero! enjoy electrifying solos and musical versatility. perfect for guitarists and electrifying your music with a touch of electric guitar power!,Exaggerated Claims
"create with beeswax magic, light and scent! enjoy natural beauty and handmade candles. perfect for candle makers and adding a touch of warmth to your space with handmade candles!",Exaggerated Claims
"chill, refresh, and savor every sip! never run out of ice cubes again. perfect for entertainers and adding a touch of convenience to your drinks with an ice maker s magic!",Exaggerated Claims
achieve your fitness goals with fitness tracker! track your health and stay active with this smart device. perfect for staying fit and motivated. limited stock - take charge of your health!,Scarcity
stay fit with a jump rope! experience cardio workouts and fitness fun. perfect for skipping to health and achieving your fitness goals. limited stock - skip your way to fitness with a touch of joy!,Scarcity
blend nutrition with a blender! experience delicious smoothies and shakes. perfect for health-conscious individuals and fueling your day. limited stock - blend your way to health with a touch of flavor!,Scarcity
simplify your life with home assistant! control your home with ease using voice commands and automation. perfect for a connected and efficient home. limited stock - make your home smarter!,Scarcity
"expand your horizons, embrace scientific knowledge! science lecture tickets for curious minds. perfect for science enthusiasts and exploring the mysteries of the universe with a touch of science lecture fascination!",Exaggerated Claims
embark on futuristic adventures with a sci-fi graphic novel! experience stunning illustrations and mind-bending tales. perfect for graphic novel enthusiasts and exploring the unknown. limited stock - journey to the stars with a touch of imagination!,Scarcity
organize your cuddly friends with a stuffed animal zoo! experience cuddly companionship and tidy spaces. perfect for keeping your stuffed animals together and creating a zoo of your own. limited stock - keep it organized with a touch of fun!,Scarcity
step into convenience and comfort with easy-on velcro shoes! experience effortless style and functionality. perfect for hassle-free footwear. limited stock - step comfortably through your day!,Exaggerated Claims
soothe your senses with bath salts! experience a stress-relieving bath. perfect for relaxation and unwinding after a long day. limited stock - soak away stress and embrace tranquility!,Scarcity
stay connected and healthy with smartwatch! experience the convenience of notifications and health tracking. perfect for an active and connected lifestyle. limited stock - wear your tech in style!,Scarcity
"plan, schedule, and achieve! enjoy organized days and productivity. perfect for time management and keeping your schedule in check with a touch of desk calendar magic!",Exaggerated Claims
"paint on glass, see colors come alive! enjoy transparency and vibrant hues. perfect for glass artists and creating stunning glass artworks with a touch of glass painting brilliance!",Exaggerated Claims
stay warm and stylish with our boys hoodie! experience the cozy comfort and trendy design perfect for chilly days. elevate your winter wardrobe. limited stock - get one today!,Scarcity
play outdoors with an outdoor playset! experience active adventures and backyard fun. perfect for kids of all ages and enjoying the great outdoors. limited stock - play in the sunshine with a touch of excitement!,Scarcity
unwind in the maldives! dive into turquoise waters and lounge in luxury. perfect for honeymooners and experiencing the ultimate beach getaway. limited availability - escape to paradise with a touch of tropical bliss!,Exaggerated Claims
"dive into technology, explore innovation! tech conference tickets for tech enthusiasts. perfect for those who love staying ahead of the curve and being inspired by the latest tech trends with a touch of tech conference brilliance!",Exaggerated Claims
"master digital marketing, thrive online! digital marketing course tickets for marketing enthusiasts. perfect for those aiming to excel in the digital marketing realm with a touch of digital marketing course expertise!",Exaggerated Claims
camouflagepants ownyourstyle discover bold urban style with our classic camouflage pants elevate your wardrobe stand out on every adventure low stock alert shop now before they re gone!,Urgency
modernize your style with a silver ring! experience sophistication and contemporary beauty. perfect for everyday elegance and making a statement. limited stock - shine with a touch of modernity!,Scarcity
"measure it, plan it, and succeed! enjoy reliable measurements and planning precision. perfect for diy projects and getting it right from the start with a touch of tape measure accuracy!",Exaggerated Claims
add a touch of color with a gemstone ring! experience elegance and vibrant beauty. perfect for expressing your style and radiating positivity. limited stock - shine with a touch of color!,Scarcity
elevate your style with women s maxi dresses! experience elegance and sophistication with these stunning dresses. perfect for special occasions. limited stock - make a grand entrance!,Scarcity
"discover our sleek quilted vest! sleeveless, insulated perfect for layering in cool weather. elevate your style game while staying cozy. get yours now embrace the chill!",Exaggerated Claims
enjoy the comfort and style of men s casual shorts! perfect for relaxed days and outdoor adventures. limited stock - get ready for comfort and ease!,Scarcity
store and transport your bikes with a bike rack! experience convenience and bike organization. perfect for cyclists and taking your bikes on the go. limited stock - ride with ease and a touch of practicality!,Scarcity
let the robot vacuum do the cleaning for you! experience hands-free cleaning and a spotless home. perfect for busy households and tech enthusiasts. limited stock - clean your home with the touch of a button!,Scarcity
embrace a healthier lifestyle with a health and wellness magazine! experience wellness tips and inspiring stories. perfect for those on a journey to well-being and achieving a balanced life. limited stock - thrive with a touch of well-being!,Scarcity
walk in style with your furry friend! enjoy ergonomic design and durability. perfect for dog owners and exploring the world together. limited stock - strut your stuff with a touch of canine elegance!,Scarcity
adorned with a lavish raised woven design for an intricate lavish style. shop now elevate your wardrobe instantly! discover elegance in our luxurious jacquard skirt!,Urgency
active and stylish boys love our cargo shorts! experience the comfort and versatility of these shorts designed for adventure. perfect for an active lifestyle. limited stock - grab a pair now!,Scarcity
"change, smile, and keep it clean! enjoy convenient and clean diaper changes. perfect for parents and making diaper duty a breeze with a touch of baby changing table efficiency!",Exaggerated Claims
"grind, flavor, and elevate your culinary creations! enhance your dishes with freshly ground spices. perfect for spice lovers and adding a touch of spice grinder freshness to your recipes!",Exaggerated Claims
"roll, paint, and transform! enjoy even paint application and effortless painting. perfect for homeowners and giving your space a fresh look with a touch of paint roller finesse!",Exaggerated Claims
discover edgy style with our distressed jeans collection! unleash your inner rebel with expertly frayed ripped designs. elevate your casual look today! shop now!,Urgency
protect your eyes in style with stylish sunglasses! experience the perfect blend of eye protection and fashion. perfect for sunny days and looking fabulous. limited stock - shade your style!,Fear Appeals
"accentuate your allure with this asymmetrical marvel, showcasing both elegance and sophistication. discover the chic one-shoulder top that elevates your style effortlessly. shop now and turn heads!",Urgency
"measure it all, measure it right! enjoy versatile measuring and accuracy. perfect for diy enthusiasts and ensuring precise measurements with a touch of measuring tape finesse!",Exaggerated Claims
free shipping on orders $50 ! perfect for a sleek day-to-night look. limited stock - grab yours now at website ! introducing our chic halter-neck top! high neckline meets elegant tie-back design.,Scarcity
immerse yourself in luxury with bath bombs! experience a fizzy and aromatic bath. perfect for relaxation and self-indulgence. limited stock - create a spa-like atmosphere in your own bath!,Scarcity
"stay cool and comfy, work with ease! enjoy cooling technology and support. perfect for professionals and optimizing your laptop experience. limited stock - cool in style with a touch of laptop luxury!",Scarcity
reveal your natural beauty with facial cleanser! experience a fresh and radiant complexion. perfect for daily cleansing and healthy skin. limited stock - cleanse your way to glowing beauty!,Scarcity
enjoy a fresh and inviting car with the car air freshener! experience delightful scents and a pleasant ride. perfect for eliminating odors and enhancing your car s atmosphere. limited stock - refresh your car s scent!,Scarcity
"connect with history, preserve authenticity! historical documents for historians. perfect for history enthusiasts and tracing the footsteps of time with a touch of historical document authenticity!",Exaggerated Claims
"lace up your sneakers, run for a cause! charity run tickets for runners with a big heart. perfect for those who believe in making a positive impact through physical activity with a touch of charity run altruism!",Exaggerated Claims
create a reptile paradise! enjoy a controlled environment and accessibility. perfect for reptile enthusiasts and ensuring the comfort of your scaled buddy. limited stock - bask in warmth with a touch of reptilian luxury!,Scarcity
stay cool in style with the electric fan! experience comfort and airflow in any season. perfect for hot days and a refreshing atmosphere. limited stock - keep your cool with elegance!,Scarcity
"communicate in style, embrace vintage tech! retro telephones for tech enthusiasts. perfect for those who love vintage technology and adding a touch of retro telephone charm to your communication with a touch of nostalgia!",Exaggerated Claims
serve with power using a tennis racket! experience precision and powerful shots. perfect for a game of tennis and mastering your serves. limited stock - ace your game with a touch of finesse!,Exaggerated Claims
elevate your formal look with women s dress shoes! experience timeless sophistication and impeccable style. perfect for making a lasting impression. limited stock - step into elegance!,Scarcity
enchant bedtime with a children s picture book! experience colorful art and heartwarming tales. perfect for young readers and creating magical moments. limited stock - dream with a touch of imagination!,Scarcity
shine bright with car polish! experience a shiny and showroom-worthy car finish. perfect for car enthusiasts and maintaining a pristine exterior. limited stock - make your car sparkle!,Scarcity
shade yourself in style with our summer hat! enjoy sunny days with this stylish hat featuring upf protection. elevate your sun protection game. limited stock - get yours now!,Fear Appeals
find balance with yoga blocks! experience support and yoga mastery. perfect for yogis and perfecting your poses. limited stock - strike a pose with a touch of stability!,Scarcity
introducing the varsity jacket - sporty stylish! experience ultimate comfort and a timeless look with our contrasting sleeves ribbed detailing. make every day a statement. step up your game today!,Exaggerated Claims
"brush strokes that flow, art comes to life! enjoy precision and creativity. perfect for artists and adding finesse to your artworks with a touch of brush elegance!",Exaggerated Claims
"explore robotics, innovate with technology! robotics workshop tickets for tech enthusiasts. perfect for those fascinated by robotics and diving into hands-on robot building with a touch of robotics workshop creativity!",Exaggerated Claims
discover chic comfort with our stylish culottes - combining the elegance of skirts the ease of shorts. shop now redefine your wardrobe! wide-legged cropped for a fashion-forward look.,Urgency
"kneel, garden, and cherish moments! enjoy comfortable gardening and knee support. perfect for gardeners and taking care of your knees with a touch of garden kneeler comfort!",Exaggerated Claims
"nourish your body and mind, embrace well-being! health and wellness retreat tickets for health enthusiasts. perfect for those seeking balance and well-being with a touch of health and wellness retreat rejuvenation!",Exaggerated Claims
welcome guests with a console table! experience functional elegance in your entryway. perfect for making a great first impression and keeping essentials within reach. limited stock - create an inviting entryway!,Scarcity
"explore new languages, connect globally! language learning workshop tickets for language enthusiasts. perfect for language lovers and embracing the beauty of multilingualism with a touch of language learning workshop discovery!",Exaggerated Claims
"hike far, explore without limits! enjoy extended trips and ergonomic design. perfect for trekkers and embarking on epic journeys. limited stock - trek in style with a touch of backpacking expertise!",Scarcity
"discover a flattering, comfortable fit that creates an elegant, elongated silhouette. elevate your style today! introducing our wide-leg trousers effortlessly chic and endlessly versatile.",Exaggerated Claims
elevate your formal attire with men s dress shirts! experience timeless sophistication and impeccable style. perfect for making a lasting impression. limited stock - choose your style now!,Scarcity
"cut it, wire it, and get it done! enjoy accurate wire cutting and efficiency. perfect for electrical work and achieving clean wire cuts with a touch of wire cutter precision!",Exaggerated Claims
spar with boxing gloves! experience boxing action and skill development. perfect for boxers and mastering your punches. limited stock - spar with a touch of precision!,Scarcity
"indulge in luxury with our men s leather jacket! elevate your style with this luxurious, high-quality jacket. perfect for adding a touch of elegance to any outfit. limited stock - make it yours!",Scarcity
"cut it straight, cut it perfect! enjoy precision cutting and paper finesse. perfect for crafting enthusiasts and achieving clean edges with a touch of paper cutter accuracy!",Exaggerated Claims
"drive, explore, and make memories! enjoy worry-free travel with your baby. perfect for parents and ensuring your little one s safety with a touch of baby car seat protection!",Fear Appeals
step up your style with stylish sneakers! experience the perfect blend of fashion and comfort. perfect for casual outings and making a statement. limited stock - step into style!,Scarcity
stay warm and stylish with women s hoodies! experience the cozy comfort and trendy design perfect for chilly days. elevate your winter wardrobe. limited stock - get one today!,Scarcity
"strengthen cloud security, protect your data! cloud security workshop tickets for cloud professionals. perfect for those working with cloud technology and enhancing security with a touch of cloud security workshop expertise!",Fear Appeals
"play, learn, and grow together! enjoy developmental playtime with your baby. perfect for parents and enhancing your baby s skills with a touch of baby play gym fun!",Exaggerated Claims
"listen, relax, and connect with nature! enjoy tranquil garden melodies. perfect for gardeners and adding harmony to your garden with a touch of garden wind chimes magic!",Exaggerated Claims
protect from the sun in style with our boys baseball cap! get ready for outdoor fun with this trendy cap designed for young adventurers. limited stock - grab one for your next adventure!,Fear Appeals
"discover high-waist jeans, perfect for flattering your figure! embrace your curves and enjoy longer-looking legs with these stylish full-length wardrobe essentials. shop now for a confident stride.",Urgency
"explore history, chart your journey! vintage maps for map enthusiasts. perfect for map lovers and discovering the world s evolution with a touch of vintage map exploration!",Exaggerated Claims
"cut it, create it, and stand out! enjoy clean cuts and crafting perfection. perfect for diy enthusiasts and adding a touch of precision to your projects with scissors finesse!",Exaggerated Claims
"go green, power your watch with the sun! a watch that cares for the environment. perfect for eco-warriors and supporting sustainability with a touch of solar-powered watch eco-consciousness!",Exaggerated Claims
"hammer it, nail it, and impress! enjoy controlled hammering and precision. perfect for builders and achieving the perfect strike with a touch of hammer expertise!",Exaggerated Claims
"drop and charge, no cords required! enjoy cable-free convenience. perfect for minimalists and clutter-free living. limited stock - charge in style with a touch of wireless simplicity!",Scarcity
"steam, nourish, and embrace healthy eating! cook with the power of steam. perfect for health-conscious cooks and retaining the goodness of your dishes with a touch of food steamer vitality!",Exaggerated Claims
"delve into literary treasures, read history! antique books for bookworms. perfect for bibliophiles and connecting with the past through rare editions with a touch of antique book fascination!",Exaggerated Claims
"hone your coding skills, build the future! software development bootcamp tickets for coders. perfect for aspiring developers and diving into the world of coding with a touch of software development bootcamp empowerment!",Exaggerated Claims
refresh your day with organic juice blends! experience the pureness and flavor of organic juices. perfect for health-conscious individuals and quenching your thirst naturally. limited stock - sip your way to vitality with a touch of freshness!,Scarcity
"pacify, cuddle, and cherish moments! enjoy comfort for your little one. perfect for parents and keeping your baby content with a touch of baby pacifier tenderness!",Exaggerated Claims
introducing our geometric-print maxi skirt a unique fusion of modern art style! shop now flaunt your artistic side! be the trendsetter with our floor-length skirt featuring bold angular patterns.,Urgency
"upgrade your wardrobe with our stylish longline cardigan! don t let the cold cramp your style - shop now! knee-length, versatile perfect for layering, it brings extra warmth to any outfit.",Urgency
"teethe, smile, and enjoy playtime! enjoy soothing and fun teething relief. perfect for parents and helping your baby through teething with a touch of baby teething toy comfort!",Exaggerated Claims
"froth, indulge, and elevate your coffee game! create coffeehouse magic at home. perfect for coffee lovers and enjoying velvety coffee delights with a touch of milk frother expertise!",Exaggerated Claims
"dress, smile, and capture moments! enjoy adorable outfits for your little one. perfect for parents and keeping your baby comfy and cute with a touch of baby onesie charm!",Exaggerated Claims
"pin, post, and remember! enjoy bulletin board convenience and organization. perfect for home offices and keeping your notes handy with a touch of corkboard practicality!",Exaggerated Claims
introducing the chenille sweater experience ultimate warmth comfort in our deluxe plush knitwear. elegance meets coziness. perfect for any occasion. be stylish. stay snug. shop now!,Exaggerated Claims
elevate your salads with gourmet salad dressing! experience the flair and flavor of premium dressings. perfect for salad enthusiasts and creating culinary masterpieces. limited stock - dress with style with a touch of gourmet!,Exaggerated Claims
build adventures with a lego set! experience creative construction and endless fun. perfect for builders of all ages and crafting amazing structures. limited stock - create your world with a touch of imagination!,Exaggerated Claims
"design and adorn, jewelry that shines! enjoy craftsmanship and jewelry making. perfect for jewelry designers and adding a touch of elegance to your attire with custom jewelry!",Exaggerated Claims
"dive into coding, unlock your potential! coding bootcamp tickets for aspiring coders. perfect for those eager to embark on a coding journey and master programming with a touch of coding bootcamp empowerment!",Exaggerated Claims
step up your style with men s sneakers! experience the perfect blend of fashion and comfort. perfect for casual outings and making a statement. limited stock - step into style!,Scarcity
achieve a natural look with cc cream! experience an even complexion with spf protection. perfect for everyday beauty and sun defense. limited stock - cc your way to a flawless complexion!,Fear Appeals
spice up your culinary adventures with exotic spice collection! experience global flavors and culinary exploration. perfect for adventurous cooks and taking your taste buds on a journey. limited stock - cook with diversity with a touch of spice!,Scarcity
"clip it, organize it, and brighten up! enjoy colorful document organization and a pop of color. perfect for students and professionals and adding a touch of paper clip creativity to your documents!",Exaggerated Claims
stay warm and stylish with our girls winter coat! experience winter in fashion with this trendy coat. perfect for chilly adventures. limited stock - bundle up in style!,Scarcity
"be captivated, enter different worlds! theater show tickets for theater enthusiasts. perfect for those who appreciate the art of storytelling and experiencing theatrical magic with a touch of theater show wonder!",Exaggerated Claims
elevate your formal look with men s dress shoes! experience timeless sophistication and impeccable style. perfect for making a lasting impression. limited stock - step into elegance!,Scarcity
"perfect for any occasion, upgrade your shoe game today. discover the perfect pair - don t wait! step into elegance with our stunning t-strap sandals! flat or heeled, experience comfort style.",Exaggerated Claims
"calculate, solve, and excel! enjoy mathematical precision and efficiency. perfect for students and professionals and crunching numbers with a touch of calculator genius!",Exaggerated Claims
"tool up, tackle with ease! enjoy versatility and readiness. perfect for adventurers and facing unexpected situations outdoors. limited stock - tackle in style with a touch of outdoor preparedness!",Scarcity
build your world with a building blocks set! experience creative construction and endless fun. perfect for sparking imagination and crafting amazing structures. limited stock - build your dreams with a touch of creativity!,Exaggerated Claims
"discover elegance in every step with our maxi dress . upgrade your wardrobe now! effortlessly stylish for casual or formal occasions, this floor-length stunner is perfect for turning heads wherever you go!",Exaggerated Claims
revitalize your skin with exfoliating scrub! experience a glowing and fresh complexion. perfect for gentle exfoliation and a radiant glow. limited stock - reveal your skin s natural radiance!,Scarcity
"elevate your wrist game, match your mood! enjoy style and comfort. perfect for smartwatch enthusiasts and making a statement. limited stock - customize in style with a touch of smartwatch flair!",Scarcity
"discover timeless elegance with our classic wingtip shoes. step into luxury with a pointed, decorative toecap design, perfect for upgrading your formal attire. get yours today!",Exaggerated Claims
"decorate with character, express your style! collectible figurines for collectors. perfect for art appreciators and adding a touch of artistic expression to your space with a touch of collectible figurine charm!",Exaggerated Claims
"delve into ai and ml, shape the future! ai and machine learning summit tickets for ai enthusiasts. perfect for those passionate about ai and ml s transformative potential with a touch of summit enlightenment!",Exaggerated Claims
"watch, work, and excel! enjoy accurate timekeeping and elegance. perfect for professionals and adding a touch of desk clock sophistication to your workspace!",Exaggerated Claims
unwind in the beauty of fiji! dive into turquoise lagoons and island warmth. perfect for beach lovers and experiencing fijian hospitality. limited availability - relax in paradise with a touch of tropical magic!,Exaggerated Claims
"mouse without limits, explore at will! enjoy wireless control and flexibility. perfect for computer users and enhancing your workflow. limited stock - click in style with a touch of mouse freedom!",Scarcity
make a statement with women s graphic tees! express yourself with cool graphics and unique designs. perfect for women who love to stand out. limited stock - choose your favorite design now!,Scarcity
"build it all, shape it all! enjoy masonry precision and control. perfect for masonry projects and adding the perfect finishing touches with a touch of trowel set expertise!",Exaggerated Claims
"own a piece of history, celebrate the legends! autographed sports memorabilia for die-hard fans. perfect for sports enthusiasts and honoring your sporting heroes with a touch of autographed sports memorabilia pride!",Exaggerated Claims
"swing and sing, feathered friend! enjoy durability and joyous chirping. perfect for bird enthusiasts and adding excitement to your avian companion s life. limited stock - swing in style with a touch of birdie bliss!",Scarcity
"filter for tranquility, swim with clarity! enjoy clean water and healthy fish. perfect for fish tank enthusiasts and ensuring your underwater world sparkles. limited stock - filter in style with a touch of aquatic magic!",Scarcity
elevate your cat s world! enjoy endless fun and relaxation. perfect for cat owners and creating a feline paradise. limited stock - reach new heights with a touch of kitty luxury!,Scarcity
embrace the serenity of bali! dive into spirituality and natural wonders. perfect for wellness seekers and finding balance in the island of the gods. limited availability - discover inner peace with a touch of balinese magic!,Exaggerated Claims
"master culinary arts, savor delicious delights! cooking class tickets for foodies. perfect for aspiring chefs and mastering the art of cooking with a touch of cooking class gastronomy!",Exaggerated Claims
carry luxury with a velvet clutch! experience sophistication and style. perfect for special occasions and completing your look. limited stock - accessorize with a touch of opulence!,Scarcity
keep your home spotless with the powerful vacuum cleaner! experience clean and dust-free floors with ease. perfect for a healthy living environment. limited stock - say goodbye to dust and dirt!,Exaggerated Claims
protect your car with the car cover! experience safeguarding from the elements and dust. perfect for outdoor parking and preserving your car s appearance. limited stock - shield your car with care!,Fear Appeals
create cheese platters with gourmet cheeseboard! experience the elegance and variety of gourmet cheeses. perfect for entertaining guests and adding a touch of sophistication to your gatherings. limited stock - entertain with class with a touch of cheese!,Scarcity
elevate your tech game with the latest smartphone! experience cutting-edge technology and capture memories in style. perfect for staying connected and capturing life s moments. limited stock - upgrade your device now!,Scarcity
turn heads with unique hemlines designs that create visual intrigue - shop now redefine your fashion game! discover the perfect blend of style comfort with our asymmetrical dresses!,Urgency
"introducing the gingham dress timeless chic! step into summer with this must-have, two-toned checkered dress. from picnics to parties, it s your go-to look. shop now for unbeatable style!",Urgency
capture moments with a photography magazine! experience visual storytelling and breathtaking photography. perfect for photography enthusiasts and mastering the art of the lens. limited stock - frame your world with a touch of creativity!,Scarcity
embark on a historical journey in petra! dive into rose-red wonders and archaeological mysteries. perfect for explorers and stepping into the past. limited availability - discover the lost city with a touch of jordanian allure!,Exaggerated Claims
"discover elegance in every step with our maxi dress . effortlessly stylish for casual or formal occasions, this floor-length stunner is perfect for turning heads wherever you go! upgrade your wardrobe now!",Exaggerated Claims
beach days are better with our beach tote bag! carry your essentials in style with this chic and spacious tote. perfect for seaside adventures. limited stock - grab yours now!,Scarcity
discover the perfect pair of denim jeans! experience classic style and unmatched comfort with these must-have jeans. elevate your wardrobe - grab yours now!,Exaggerated Claims
"seal, save, and reduce food waste! keep your food fresh longer. perfect for eco-conscious kitchens and reducing food waste with a touch of food vacuum sealer sustainability!",Exaggerated Claims
make every day a statement. step up your game today! introducing the varsity jacket - sporty stylish! experience ultimate comfort and a timeless look with our contrasting sleeves ribbed detailing.,Exaggerated Claims
"made from high-quality fabric, its grid-like pattern ensures effortless style for both. discover timeless sophistication with our windowpane-check shirt. get yours now and redefine your wardrobe!",Exaggerated Claims
"compose melodies, let your music shine! music composition workshop tickets for music enthusiasts. perfect for aspiring composers and exploring the world of music creation with a touch of music composition workshop artistry!",Exaggerated Claims
"drill it, fix it, and conquer tasks! enjoy cord-free versatility and efficient drilling. perfect for diy enthusiasts and tackling projects with a touch of cordless drill power!",Exaggerated Claims
"discover our sleek quilted vest! get yours now embrace the chill! sleeveless, insulated perfect for layering in cool weather. elevate your style game while staying cozy.",Exaggerated Claims
experience the enchantment of prague! get lost in history and fairy-tale architecture. perfect for romantics and strolling through the heart of europe. limited availability - wander in wonder with a touch of czech magic!,Exaggerated Claims
"screw it all, fix it all! enjoy versatility and all-in-one convenience. perfect for handymen and having the right screw for every job with a touch of screw assortment set completeness!",Exaggerated Claims
soar to new heights with an outdoor swing set! experience outdoor fun and high-flying adventures. perfect for kids of all ages and enjoying the thrill of swinging. limited stock - swing into fun with a touch of excitement!,Scarcity
cultivate your garden with a gardening guide! experience green thumbs and vibrant landscapes. perfect for gardeners and nurturing your outdoor oasis. limited stock - grow your paradise with a touch of nature!,Scarcity
"fold with care, paper becomes art! enjoy vibrant colors and precise folds. perfect for origami enthusiasts and turning plain paper into intricate works of origami art with a touch of folding elegance!",Exaggerated Claims
"capture memories in style, rediscover vintage photography! retro cameras for photography lovers. perfect for shutterbugs and embarking on a vintage photography adventure with a touch of retro camera nostalgia!",Exaggerated Claims
stay in the game with a sports magazine! experience the latest sports news and thrilling highlights. perfect for sports enthusiasts and following your favorite teams. limited stock - play to win with a touch of excitement!,Scarcity
"sound the brass, let music resound! enjoy bold melodies and musical grandeur. perfect for trumpeters and adding brilliance to your music with a touch of trumpet exuberance!",Exaggerated Claims
"marvel at the mechanics, celebrate watchmaking! a timepiece that reveals its heart. perfect for watch enthusiasts and diving into the world of horology with a touch of automatic skeleton watch artistry!",Exaggerated Claims
"ascend and conquer, safety first! enjoy security and confidence. perfect for climbers and reaching new heights. limited stock - climb in style with a touch of harness reliability!",Exaggerated Claims
"with its adjustable front closure and figure-flattering waist tie, you ll feel confident and chic all day long. discover our stylish wrap dress - the perfect blend of fashion and function! get yours today!",Exaggerated Claims
stay stylish with a fashion magazine! experience the latest trends and fashion inspiration. perfect for fashionistas and keeping your style on point. limited stock - strut your stuff with a touch of glamour!,Scarcity
"discover our stylish wrap dress - the perfect blend of fashion and function! with its adjustable front closure and figure-flattering waist tie, you ll feel confident and chic all day long. get yours today!",Exaggerated Claims
"stay dry and dapper, rain or shine! enjoy waterproof fashion and comfort. perfect for dog owners and keeping your canine companion dry and dashing. limited stock - strut in the rain with a touch of canine chic!",Scarcity
express your style with wall art! experience wall enhancement and self-expression. perfect for personalizing your space and making it uniquely yours. limited stock - adorn your walls with a touch of inspiration!,Scarcity
"tackle terrain, stay dry and sturdy! waterproof hiking shoes for outdoor adventurers. perfect for hikers and taking on outdoor challenges with a touch of waterproof hiking shoe reliability!",Exaggerated Claims
"hike clean and dry, tackle every trail! enjoy protection and adventure readiness. perfect for hikers and keeping your legs comfortable outdoors. limited stock - hike in style with a touch of outdoor leg protection!",Fear Appeals
learn from inspiring lives with a biography! experience incredible achievements and remarkable journeys. perfect for those seeking inspiration and discovering extraordinary stories. limited stock - be inspired with a touch of greatness!,Exaggerated Claims
spice up your meals with exotic spice rubs! experience international flavors and culinary exploration. perfect for home chefs and taking your taste buds on a global journey. limited stock - cook with diversity with a touch of spice!,Scarcity
explore futuristic worlds with a sci-fi anthology! experience a collection of concepts and mind-bending tales. perfect for sci-fi fans and venturing into uncharted territories. limited stock - journey into the future with a touch of innovation!,Scarcity
keep your essentials organized with a leather wallet! experience functionality and style. perfect for daily use and simplifying your life. limited stock - carry it all with a touch of sophistication!,Scarcity
"introducing our bodycon dress! flaunt your curves and make a bold statement in this ultra-sleek, figure-hugging masterpiece. get ready to own the night! shop now turn heads. sleeksensation",Urgency
sip and savor with an exquisite wine selection! experience the finesse and aroma of fine wines. perfect for wine aficionados and raising your glass to special moments. limited stock - toast to elegance with a touch of refinement!,Scarcity
grip your racket with tennis grips! experience a comfortable and firm hold. perfect for tennis players and improving your strokes. limited stock - ace your game with a touch of grip!,Scarcity
"stay cozy stylish this season with our cowl-neck sweaters! embrace elegance in a draped, fold-over neckline that keeps you warm snug. get yours now! limited stock.",Scarcity
drive safely with the car phone holder! experience hands-free phone use and secure mounting. perfect for multitasking and staying connected on the road. limited stock - keep your phone within reach!,Fear Appeals
"showcase with style, art on display! enjoy elegance and artistic presentation. perfect for artists and sharing your masterpieces with the world with a touch of easel sophistication!",Exaggerated Claims
"hop into comfort, little one! enjoy spacious living and secure shelter. perfect for rabbit lovers and providing a safe haven for your fluffy friend. limited stock - hop in style with a touch of bunny luxury!",Fear Appeals
pamper yourself with face mask! experience spa-like revitalization at home. perfect for self-care and glowing skin. limited stock - treat yourself to a rejuvenating beauty ritual!,Scarcity
"snuggle and snooze, little explorer! enjoy softness and warmth. perfect for hamster owners and providing a cozy haven for your tiny buddy. limited stock - nap in style with a touch of hamster comfort!",Scarcity
delight in the crunch of gourmet popcorn! experience the gourmet flavors and snack-time joy. perfect for movie nights and indulging your cravings. limited stock - snack with delight with a touch of gourmet!,Scarcity
"discover the ultimate edgy-chic look with our leather biker jacket! fitted cropped, it boasts rockin zippers and studs. unleash your inner rebel today. elevate your wardrobe ride with style!",Exaggerated Claims
"embrace simplicity, define your style! a watch for every occasion. perfect for minimalists and expressing your unique identity with a touch of minimalist design watch versatility!",Exaggerated Claims
"showcase sophistication, step into elegance! oxfords for formal occasions. perfect for those who appreciate timeless style with a touch of oxford shoe refinement!",Exaggerated Claims
"serenade with the wind, music in the air! enjoy serene melodies and musical enchantment. perfect for flutists and creating ethereal tunes with a touch of flute magic!",Exaggerated Claims
fuel your workouts with protein powder! experience muscle recovery and strength gains. perfect for fitness enthusiasts and achieving your fitness goals. limited stock - power up with a touch of strength!,Scarcity
build your own robots with a robot building kit! experience robotics and endless creativity. perfect for tech enthusiasts and exploring the world of robotics. limited stock - build your bots with a touch of innovation!,Scarcity
dive into the vibrant tapestry of istanbul! immerse yourself in rich heritage and bustling markets. perfect for explorers and embracing the fusion of cultures. limited availability - cross continents with a touch of turkish allure!,Exaggerated Claims
elevate your dishes with gourmet cooking sauces! experience the richness and flavor of gourmet sauces. perfect for home chefs and adding a gourmet touch to your recipes. limited stock - cook with flair with a touch of sophistication!,Scarcity
give your bird room to spread its wings! enjoy sturdy construction and ample space. perfect for bird enthusiasts and creating a cozy haven for your avian friend. limited stock - let your bird soar with a touch of aviary luxury!,Scarcity
embark on an adventure to machu picchu! explore ancient mysteries and breathtaking landscapes. perfect for history buffs and conquering the inca trail. limited availability - discover the past with a touch of adventure!,Exaggerated Claims
cook with convenience using the microwave oven! experience fast and tasty meals with ease. perfect for busy individuals and families on the go. limited stock - heat up your meals in style!,Scarcity
"get closer to fame, own a piece of stardom! celebrity autographs for devoted fans. perfect for celebrity enthusiasts and treasuring your favorite stars signatures with a touch of celebrity autograph fandom!",Exaggerated Claims
"rediscover joys, relive your childhood! vintage toys for toy collectors. perfect for collectors and reviving the magic of playtime with a touch of vintage toy nostalgia!",Exaggerated Claims
display fresh flowers with a vase set! experience artistic charm and a touch of nature. perfect for bringing life to your space and creating a soothing ambiance. limited stock - bloom with a touch of elegance!,Scarcity
"play the handpan, sounds like a dream! enjoy melodic tunes and musical tranquility. perfect for handpan players and adding a touch of serenity to your music with the captivating handpan!",Exaggerated Claims
brew coffee like a pro with the espresso machine! experience barista-quality coffee in the comfort of your home. perfect for coffee connoisseurs and coffee shop vibes. limited stock - sip your way to coffee perfection!,Scarcity
"discover timeless elegance with our chic slip dress. featuring delicate thin straps, a graceful v-neck, and a design inspired by lingerie. exude confidence and style today. shop now!",Urgency
"grow, display, and elevate! enjoy beautiful and practical plant pots for your green friends. perfect for plant enthusiasts and adding charm to your space with a touch of plant pot elegance!",Exaggerated Claims
collect memories with a charm bracelet! experience personal style and sentimental beauty. perfect for adding unique charms and expressing yourself. limited stock - cherish moments with a touch of individuality!,Scarcity
"sand it, refine it, and stand out! enjoy even sanding and craftsmanship. perfect for diy projects and achieving smooth surfaces with a touch of sander finesse!",Exaggerated Claims
"collect history, cherish numismatic treasures! antique coins for coin collectors. perfect for numismatists and discovering the past through rare coins with a touch of antique coin fascination!",Exaggerated Claims
"shape business acumen, lead to prosperity! business strategy workshop tickets for entrepreneurs. perfect for business leaders and mastering the art of business strategy with a touch of business strategy workshop brilliance!",Exaggerated Claims
"sleep under the stars, dream in comfort! enjoy warmth and relaxation. perfect for campers and embracing the night sky. limited stock - sleep in style with a touch of outdoor serenity!",Scarcity
enjoy breakfast perfection with the toaster! experience evenly toasted bread and quick morning meals. perfect for a tasty start to your day. limited stock - elevate your breakfast game!,Scarcity
organize your car trunk with the car trunk organizer! experience storage and convenience on the go. perfect for groceries and keeping your trunk tidy. limited stock - keep your trunk organized with ease!,Scarcity
create healthy snacks with the food dehydrator! experience homemade dried fruits and treats. perfect for health-conscious individuals and tasty snacks. limited stock - snack on health and flavor!,Scarcity
"escape, gather, and make memories! enjoy a picturesque garden setting. perfect for gardeners and transforming your outdoor space with a touch of garden pergola elegance!",Exaggerated Claims
"strum the sitar, india s musical legacy! enjoy classical melodies and musical tradition. perfect for sitar players and immersing yourself in the beauty of indian music with a touch of sitar elegance!",Exaggerated Claims
remove makeup gently with makeup remover! experience clean and refreshed skin. perfect for daily makeup removal and a fresh face. limited stock - cleanse your face and let your beauty shine!,Scarcity
cozy up with a bedding set! experience comfort and coordinated style. perfect for a complete bedroom makeover and sweet dreams. limited stock - transform your bedroom with a touch of coziness!,Exaggerated Claims
blend with ease using the countertop blender! experience smoothies and culinary delights with convenience. perfect for health enthusiasts and culinary artists. limited stock - blend your way to perfection!,Scarcity
"craft away, colors at your fingertips! enjoy versatility and endless crafting possibilities. perfect for crafters and transforming plain paper into beautiful creations. limited stock - craft in style with a touch of artistic flair!",Exaggerated Claims
"introducing cigarette pants! slim, ankle-length stylish. elevate business or casual attire with a sleek silhouette. shop now for a versatile wardrobe essential. cigarettepantsfashionupgrade",Urgency
keep an eye on your property with wireless security camera! experience peace of mind and remote surveillance. perfect for home security. limited stock - protect your home from anywhere!,Fear Appeals
"explore the depths, conquer the waves! a reliable companion for divers. perfect for water enthusiasts and embarking on underwater journeys with a touch of diving watch resilience!",Exaggerated Claims
agf amazing grace fellowship 1061 eastland drive north twin falls idaho service times sundays at 8 30 and 10 30 am go to agf.org for more information.,Exaggerated Claims
no zolucky - up to - 50% shop now,Urgency
academy sports outdoors presents hang with terrell owens and friends! cowboys at chiefs sun 11 21 4 25pm est free tix,Authority Manipulation
"farmers insurance jeremy belcourt construction costs ensure you re prepared. are rising, is your review your coverage home covered adequately? 406-543-6177",Fear Appeals
be a weather insider and get details on trending forecasts events. listen now accuweather available on smart speakers and podcast platforms.,FOMO
kids want candy. the tobacco industry wants customers. learn the tobacco industry s latest tricks and how to fight back. learn more hhsa spored by the county of san diego health live well and human services agency,Social Proof
your hometown healers doctor owned operated the women s clinic of northern colorado schedule an appointment today!,Authority Manipulation
"meridian build locally impact globally november 17-18, 2021 stellar register now",Urgency
g grammarly get grammarly it s free be best english writer you can be! the best,Exaggerated Claims
"sw middleten valle ma thank you for voting mvb as one of the tri-states best! middletown valley bank. a community heritage financial, inc. company member fdic 1.844.533.9211",Exaggerated Claims
"leaf guard get it. and forget it. learn more at leafguard , we are dedicated to ensuring your home is protected year round, which is why we offer a no-clog guarantee. if your leafguard gutter ever clogs, we will come out to clean at no cost to you.",Fear Appeals
"our best offers of the season! now through december 10, 2021 300 mbps internet $36. 9 miapelka nced spands ray geta $100 visa gift card rcn internet-tv-pane",Exaggerated Claims
fender player plus nashville telecaster in aged candy apple red proce 33333 shop now,Urgency
d.i.y. plumbing not working out? we clean your line for $149 license m6397 s h o maestro plumbing a fayette heating air company the official plumbing company of uk athletics k,Authority Manipulation
certified by connect health colorado it s for everyone! 1. enroll now get health insurance have questions? we can help. bouldercountyhealthcoverage.org boulder county housing human oder county services,Fear Appeals
i top notch computers repairs. commercial technology services expert computer repairs network services data disaster recovery services business medical it consulting residential computer help cybersecurity solutions local to nova contact us,Authority Manipulation
top notch computers repairs. commercial technology services contact us expert computer repairs network services data disaster recovery services business medical it consulting residential computer help cybersecurity solutions local to nova,Authority Manipulation
me. lasting weight loss download on the app store get it on google play,Urgency
j.me black friday sale up to 70% off shop now,Urgency
hollywood body jewelry ti-6al4v-eli astm f-136 grade 23 implant grade titanium body jewelry at the most competitive prices shop now,Urgency
go beyond the bet with exclusive unrivaled experiences maximbet play with me,FOMO
grow stronger together join now seedsman,FOMO
seedsman grow stronger together join now,FOMO
dadeautodesk car sale november 8th - 19th trades accepted - free home delivery rates as low as 0.99% up-to 36 months get pre-approved online! dcfcu.org carsale 305-471-5080 dade county federal,Authority Manipulation
marvel insider 2020 marvel rewards could be yours! watch read for points rewards. join now terms conditions apply.,FOMO
innovative materials healthier living brentwood home shop now climate neutral certified,Urgency
local experts connecting customers to your business. community new digital 65,Social Proof
"when art meets science, the creative possibilities are endless learn more kitchenaid",Authority Manipulation
buy for your characters tier 3 set! buy now reinwinboost.com,Authority Manipulation
ultimate ride restrictions apply. see website for full promotion details special offers available on ktm 200 duke motorcycles kim,Exaggerated Claims
play the world s best courses more than 100 interactive experiences golf all year round full swing offically ucensed golf watch the video official alator,Exaggerated Claims
built by new york ny 7 75 get tickets at knicks.com presented by chase o,Urgency
narcity campaign manager start local advertising here. book now breakdown,Urgency
aws nascar official partner every race. every moment. powered by aws. see how,Authority Manipulation
want to help bring the news gray to your community? we re hiring. browse current job openings we are a covid safe workplace.,Social Proof
"family dinner, delivered. try delivery or curbside pickup. shop now. p instacart prices vary from in-store. fees, tips taxes may apply. subject to terms availability.",Urgency
di shop before after collection! replen replen replen free picture - perfect kit with purchase $75 from b a collection shop now replenix! replen backen,Urgency
ar15discounts.com on sale now! outstanding deals crazy fast shipping shop now! a aero precision besser so,Urgency
scribble hub read thousands of novels for free! a,Social Proof
thank you for your service! ask us about our special discounts for vets! assisted living secure memory care respite care the willows at meadow branch click to schedule a visit,Fear Appeals
"est. 1997 next adventure o next adventure is proud to be oregon s alternative outdoor store! we re your one-stop-shop for camping gear more! we have rentals tuning used gear, too! shop our four locations or next adventure.net",Exaggerated Claims
"powerful speeds up to 1 gig xtream internet starting at $19. mo for 1 year free installation when you order online. get started new customers xtream plus taxes, fees, modem rental and activation. mediacom",Exaggerated Claims
"xtream mediacom powerful xtream internet starting at speeds up to 1 gig mo for 1 year free installation when you order online. new customers only. plus taxes, fees, modem rental and activation. get started xykam",Exaggerated Claims
ddmv7 new cobalt fde finish c defense shop now 3 months interest free financing not all offers are 3 months interest free. subject to credit approvall.,Urgency
b rskin tactical hoodie wildy comfortable. all-season protection. get 60% off,Fear Appeals
pro football challenge 2021 sign up today for a chance to win a 55 tv! click to enter sponsored by m ozark trading,Authority Manipulation
pro football challenge 2021 sign up today for a chance to win a 55 tv! click to enter sponsored by ozark trading,Authority Manipulation
"get inside the game redeem points for exclusive vip experiences, tickets, giftcards and more! anagem 3200 12 39 58 visa apply now",FOMO
digital trends best fitness trackers read more,Exaggerated Claims
mast celebrating 70 years of dedication to caring for our community. 70 caring for clallam county since 1951 olympic medical center olympicmedical.org 70years,Social Proof
"virtual helen dean king award ceremony immune responses to sars-cov-2 november 18, 2021 5-6 pm edt click to register akiko iwasaki, ph.d. the wistar institute. women science program wistar.org",Authority Manipulation
"akiko iwasaki, ph.d. the wistar institute women science program virtual helen dean king award ceremony immune responses to sars-cov-2 november 18, 2021 5-6 pm edt click to register",Authority Manipulation
exclusively on fubo stream live without cable c road to qatar fubo argentina vs. brazil nov. 16 6 30pm et learn more,FOMO
get the app every room. every game. pokeratlas upcoming tournaments s camas fantallyed recent tabletalk doyle bama find the best games in town... wherever you go. get it on google play download on the app store pokeratlas,Exaggerated Claims
the perfect gift for the holiday season commemorative u.s. mint coins t prez ber national law enforcement memorial and museum respect. honor. remember. polecane buy now,Exaggerated Claims
tender loving empire uplifting gifts from 700 local independent makers! shop small. create change. live wholehearted. shop now,Urgency
ted s real moments deserve a real camera shop now,Urgency
"what s in the building? to follow our transformation click here lamons,",Exaggerated Claims
shop with the string experts strings by mail strings elixir strings coating technology extends tone life longer than any other brand s - coated or uncoated - strings. elixir strings player survey goo gooooooo,Authority Manipulation
guitar $100 off center epiphone es-335 shop now,Urgency
cara-carmo erraricrito great wines for gifting gathering. shop now ferrari-carano,Urgency
free download get it on google play pokeratlas w download on the app store pokeratlas find the best game in town... wherever you go,Exaggerated Claims
pga old st full swing play more golf exclusive simulator of golf watch the video,FOMO
clarity from complexity insurance reinsurance capital partners aspen see how we work,Fear Appeals
c tabletalk ask. share. discuss. join the action 9 pokeratlas,FOMO
sponsored content how zoom has transformed to become a comprehensive communications platform for businesses read now presented by zoom,Exaggerated Claims
sinne zolucky - up to - 50% shop now,Urgency
new! oracare the secret your smile. 12h dental protection mam wracare oracare total agspira t,Fear Appeals
quinyx the most complete powerful workforce management platform on the market. click to download gartner guide for wfm applications 2021 gartner. market guide for workforce manager applications,Exaggerated Claims
just $5 to sign up register today! tc trimdown e ribuabike fotky fora healthier community now virtual! get your teams of 2 4,Social Proof
just $5 to register sign up today! now virtual! get your teams of 2 4 maceless wo bild tc trimdown reord eagle ky for a healthier community,Social Proof
would rather say i did it than i didn t try now virtual! get your teams of 2 4 click here to register now! just $5 to register record eagle tc trimdown jerseas for a healthier community,Urgency
lilienthal berlin the huxley leather edition lential berlin shop now,Urgency
disney encanto disney familia lo es todo boxlunch shop now,Urgency
color define your curls as i am. with as i am curl color shop now,Urgency
guaranteed lowest price usa visitors medical insurance insubuy,Fear Appeals
"the basics of intelex conducting an incident investigation register now free webinar thursday, nov. 18, 1 pm et safeopedia",Urgency
"intece the basics of conducting an incident investigation free webinar register now thursday, november 18 1 pm et safeopedia",Urgency
"changing lives through better hearing eldorado audiology hearing center kelly heyman, au.d. faaa, doctor of audiology we ll beat any price in town, guaranteed! call 505-466-7526 for an appointment 5 caliente rd. 5 santa fe, nm 87508",Authority Manipulation
preach your best christmas sermon 0 holz night ugly christmas sweater god with us best christmas ever u more available at sermon central,Exaggerated Claims
choose your christmas sermon series 0 holy might ugly christmas sweater god with us best christmas ever more available at sermon central,Exaggerated Claims
dolan law free consultation click for details dolanlawfirm.com,Authority Manipulation
be the change ljmine san francisco oro en pay fierro r ofter polee join our team text joinsfpd to 415 704-3688 sfpdcareers.com,FOMO
we believe the only thing you should search for glow is your next adventure. rhino shop now,Urgency
8 save $29 chiran tonkor free limited ramen shipping time only take-home ramen kit 5-kit bundle shop now images are for reference only.,Urgency
"kinesiology, m.s. six concentrations of study. optimal mix of scientific knowledge and hands-on application. ecu",Social Proof
chewy flash deals snag today s deal on the perfect gift. ollie howy.com wher lovers shop shop now,Urgency
eisa best award product 2021-2022 floorstanding loudspeakers monitor audio silver 500 7g s12,Exaggerated Claims
spirit of change insider deal! the summer issue! vegnews the 20 vegnews best 2020 veggie awards ca apm vegan subscriptions to vegnews just $18 the world s 1 plant-based magazine,Exaggerated Claims
hawaii experience hawaii book now save!,Urgency
enjoy our black friday cyber sale save up to 40% book now cq club quarters hotels,Urgency
swimoutlet free shipping on $49 shop now,Urgency
tek hdmi 2.1 hdmi latra certified cable re do grok now available in 1.8 metres arc var hdr dynamic hor 8k 4k 60hz 120hz exclusive to jbhi-fi,FOMO
"tcl20r5g tcl brings 5g to even more customers..... stephen fenech, techguide.com.au l",Social Proof
"mit technology review emtech digital join us march 29-30, 2022 register now",Urgency
zolucky soft.clouds free shipping shop now,Urgency
"membership campaign 100% local, 100% essential join now every dollar matched the city",FOMO
pick of the litter find your perfect match,Exaggerated Claims
"clover ii 2-storey link homes 22 x 70 2,586 sq.ft. 641",Scarcity
lo gamuda land take your lens best shot photography contest,Exaggerated Claims
booster 360 ultimate home booster! gamuda land,Exaggerated Claims
"suburban medical group affiliated with suburban community hospital welcome mohamad taha, m.d. interventional cardiologist call 610 290-4270 learn more suburban medical group cardiology department",Social Proof
"suburban medical group affiliated with suburban community hospital welcome mohamad taha, m.d. interventional cardiologist suburban medical group cardiology department call 610 290-4270 learn more",Social Proof
trial a breakthrough learning programme for your child ... and pay nothing for 14 days! theschoolun.com,Authority Manipulation
i love wasting time on lackluster leads. said no one ever. learn more demandscience intelligence,Authority Manipulation
hogan ultimate guide to personality tests learn more,Exaggerated Claims
lamps plus let yourself shine. shop now,Urgency
"ess world ser 11 american express experiences b can you hear that? live music is calling. american express cardmembers, get tickets now! can e a learn more",Urgency
044 $1 justfashion now up to 45% off shop now,Urgency
"the inn between of longmont, inc. housing support stability give the gift of home colorado gives day tuesday, december 7th home safety comfort dignity respite health love schedule a donation today! cogives.org theinnbetween",Fear Appeals
justfashion now so when is this old enough to know better supposed to kick in that s what100 i grill i drink and know things up to 50% off shop now,Urgency
pendulum emerging research links gut microbiome alterations with metabolic syndrome learn more clucose control purd,Authority Manipulation
pendulum advertorial emerging research links gut microbiome alterations with metabolic syndrome learn more,Authority Manipulation
lilicl th black friday sale up 70% off after god made me he said ta da shop now,Urgency
"your connection to the world don t fight the drive to pittsburgh, fly united out of your hometown airport. book today at flyjst.com johnstown airport ni united flights operated by skywest airlines f",Social Proof
"your connection to the world don t fight the drive to pittsburgh, fly united out of your hometown airport. book today at flyjst.com johnstown airport united flights operated by skywest airlines f",Social Proof
we are thankful you for arrow financial corporation our family of companies glens falls national bank and trust company saratoga bank trust company national upstate agency insurance learn more,Fear Appeals
comienza tu mes gratis de club premium!,Exaggerated Claims
thermo cool thermal solutions expert learn more now where 50- -06 exer,Authority Manipulation
bose the world s most effective noise cancelling. bose quietcomfort earbuds shop now,Urgency
november deal club level standard rooms from book now! suites 119 $ from ramada plaza resort suites international drive - orlando,Urgency
dan s comp your source for all things bmx shop now,Urgency
mongoose legion l500 pat ca sey shop now,Urgency
"unique. local. book. valley memories when disaster strikes in the upper valley very news valley memories woolworth s get this hardcover book while supplies last! click here to buy presented by vzn valley news building supply, inc.",Scarcity
"world befort invested 10 244,00 10 55.00 sign up for the invested newsletter delivered daily by u.s. news editors invested provides investors with advice, rankings and stock market news. sign up",Social Proof
living weines wednesday tune in wed. - 3pm sponsored by gi for kids,Authority Manipulation
wellnes wednesday ratingsut tune in wed.-3pm sponsored by si the kids,Authority Manipulation
waves adopt an angel this holiday news sponsored by angel tree campbellsville doing the most good louisville education center,Authority Manipulation
"our count down make your best deal on any retail ordered $1 to 4,000 is on! new or preowned snow tires lamolile valle car, light truck or suv and we ll include 4 brand new snow tires installed for just $1! get this deal today!",Exaggerated Claims
register for spring at dacc $600 off full-time tuition danville area community college,Social Proof
find your future at dacc! register for spring! save $600 off full-time tuition! danville area community college w dalc,Social Proof
"free removal old furniture haul off linderman s furniture free delivery free mattress disposal 80 north three notch road ringgold, ga lindermansfurniture.com",Authority Manipulation
thankful for them? remind them to buckle up. tennessee highway safety office,Fear Appeals
lead sustainable change 100% online m.s. sustainable management university of wisconsin grow here green bay,Social Proof
tom s south corning collision where they meet their customers by accident call 607 962 3050,Social Proof
let s talk weather with joe veres and weny news sponsored by cm attention educators! want to learn more? click here for details! cameron manufacturing design,Authority Manipulation
930. wfmd get our official mobile app!,Authority Manipulation
be part of 000 00000 00000 0000 lanca c community rodgers high associates foundation years! the extra ordinary ive november 19 extragive.org 00,FOMO
annual cup big turkey y trot ironwood golf course 2021 click for details saturday nov. 20 shotgun start 10a.m.,Exaggerated Claims
indy home for th style holidays $300 sponsored by shopping spree or bailey wood mortgage lender mortgage or rent paid in 2022 enter to win,Authority Manipulation
stale style home for the holidays $300 spree or shopping mortgage or rent paid in 2022 sponsored by enter to win bailey wood mortgage lender,Authority Manipulation
hinds county sheriff runoff debate part 1 - 6 30pm on wjtv part 2 - 7 00pm on wjtv.com thursday november 18 moderated by byron brown marshand crisler tyree jones d2 news,Social Proof
leo castaly website e-mail info castalymachine.com woodworking cnc equipment perfect line of quality woodworking machines with a small investment! we have solutions to fulfill all your needs!,Exaggerated Claims
st. kitts follow your heart awake your sense of wander let s go,Scarcity
"midwest omplete onstructionuc happy thanksgiving this year and every year we are very thankful for our customers, suppliers, and employees.",Social Proof
chattanooga dental care sition and central entry say goodbye to dental anxiety with your sedation dentistry experts schedule today,Authority Manipulation
truist hh z lights nov-dec we have tons of lights select tickets at memphiszoo.org,Urgency
matheny join us in remembering everyone deployed. pick up your wear red bracelet today.,FOMO
for when a little water damage feels like a monsoon. alfa insurance alea based find an agent,Fear Appeals
timeless gifts shop now the azerac house,Urgency
christwood retirement community on the northshore enjoy what matters to you lebrating $25 years chrood,Social Proof
"operation unite providing southern and eastern kentucky with youth drug prevention education initiatives, treatment vouchers helpline learn more 866-678-6483 operation unite.org",Fear Appeals
small but mighty. the world s smallest hsm secures modern infrastructures download the white paper yubico,Fear Appeals
localsolutions powered by cox media group strategic. trusted. solutions. learn more,Social Proof
"240,000 are feeling better after a night out! the plug shop now",Urgency
five holiday in dubai pay 3 stay 4 extend the fun- pay 6 stay 8 book now,Urgency
festive season sale up to 80% off wth chicme shop now,Urgency
find the best hotel for your next adventure us.news search now,Exaggerated Claims
perfect gifts for the holidays nhlshop.com a fanatics experience shop now,Urgency
wusfs food podcast the zest podcast sponsored by seitenbacher season 4 now streaming,Authority Manipulation
donate today help st. vincent de paul feed our community this thanksgiving turkey tuesday the society of st. vincent de paul feer clothehouse new redbird,Social Proof
it s a great time to sell find an agent today rein .com,Authority Manipulation
final fantasy.vii the first soldier pre-register now square enix powered by ateam,Urgency
md mclarty daniel a family of dealerships jeep gmc ck best selection in northwest arkansas 8,Exaggerated Claims
md mclarty daniel a family of dealerships dodge jeep ram fire gmc buick crois vorm ford best selection in northwest arkansas,Exaggerated Claims
malco give the gift of entertainment the perfect gifts for making memories! malco theatre malco free gourmet popcornorm movie click to purchase urmet vie,Exaggerated Claims
carrier timberline turn to the experts heating air conditioning don t get caught in the cold this holiday season. schedule a tune-up and duct cleaning ina ro contact us timberlinehvac.com timberline 530-221-2222,Authority Manipulation
sohnrey pamed foods local holiday gift baskets from sohnrey farms! on sale now! shop now,Urgency
"00 conversations, made better level up your site s comments section insticator chad chairs the absolute best christmas at our doorsteps des chilla promoter learn more",Exaggerated Claims
want to help bring the news to your community? we re gray hiring. browse current job openings we are a covid safe workplace.,Social Proof
roselinlin 211 up to 80% off shop now,Urgency
ease foot pain with every step get 70% off en.gethypersoft.com,Authority Manipulation
wini place showd hold all tickets! multi parimutuel always a best bet old smokeng click to shop m,Exaggerated Claims
work places 2022 anmetre attract perfect-fit talent. be a top workplace. nominate your company deadline nov 19 to ae,Exaggerated Claims
fabuloso concentrated fabric softener 2 volte marble fabuloso concentrad 4.0 11,Social Proof
the lordrings nlpmu. nie j 988 second what 2029 9989 shop now boxlunch,Urgency
llamaiiiiaaadd los angeles institute of architecture and design architecture transfer program architecture graduate m.arch prep interior design transfer program,Authority Manipulation
post stuff for sale on sellwild empire strikes back var hars millions of daily visitors see it!,Social Proof
kidde make home safety a holiday tradition. shop kidde alle x on,Fear Appeals
a m 1135 ale for find the safest and most efficient certified solutions for your aircraft we ll help you find all the upgrades and solutions your aircraft needs. learn more bendix king,Authority Manipulation
official smoothie of the baltimore ravens mn ravens inte tropical cafe order now,Authority Manipulation
cryoport your trusted breeding stock shipping solution learn more,Social Proof
cryoport your trusted breeding stock shipping solution,Social Proof
"fuji arts japanese woodblock prints over 2,500 prints - refreshed daily excellent worldwide service shop now",Urgency
"integrated radiator shroud fan all-in-one system 4 slim-fit radiators direct fit, universal ls conversion. proform shop now",Urgency
"q compliancequest quality safety complianc stuck with your legacy eqms? meet the modern, flexible salesforce-powered solution learn more",Fear Appeals
real doctors. real answers. every wednesday at noon click for latest stories b boise state public radio,Authority Manipulation
official team gear takers 23 fanatics shop now,Urgency
signature style from timberland famous footwear shop now,Urgency
"dementia education webinar why can t we all get along? wednesday, november 17, 2021 3p.m. to 4 p.m. rsvp 860-678-7500 or avonardencourts promedica.org arden courts promedica memory care arden-courts.org 2",Exaggerated Claims
next-gen online drone education a.d aquiline drones flight to the future.com,Authority Manipulation
the phly difference hear what our agents are saying about their experience with the phly difference. www philadelphia insurance companies a member of the tokio marine group,Fear Appeals
coupon codes available join now it s free! capital one shopping the coupon-finding browser extension,FOMO
envato elements unlimited stock video footage people food nature lifestyle start now business and more,Scarcity
"b window simply the best for less c the very best replacement windows, doors, home siding in birmingham! request free estimate",Exaggerated Claims
"indow orld the very best replacement windows, doors, home siding in birmingham! request free estimate",Exaggerated Claims
original the challenge all stars new season now streaming exclusively on try it free,FOMO
ps pompeii surgical top bariatric surgeon dr quinones pioneer of bariatric surgery performed 10.000 surgeries weight loss surgery from $4500 get approved today,Authority Manipulation
hulk amazing fantasy fantastic four sla sla st sell comics for 1% commissions! sla slab stab,Exaggerated Claims
hhh 1916 ruston co..inc. paving put your trust in ruston commercial industial paving experts for over 75 years read more,Authority Manipulation
"rintalis don t miss this holiday sale ...books, tallits, jewelry, and more! shop now curt landry ministries",Urgency
god s grace is thorn sufficient the flesh r.t. kendall click here,Exaggerated Claims
"hungry? thirsty? it s time for more god of god foreword by ricky skaggs r.t. kendall more of see the benefactor, not just the bot click here",Exaggerated Claims
"hydrate and care for your sensitive skin gv qv qv face 3 qv face day cream y cream me 740 shop now always read the label, use only as directed. douglas pharmaceuticals ltd, auckland",Urgency
"r.t. kendall in pursuit of his wisdom how to get god s opinion on ant matter in all you do, seek wisdom click here",Exaggerated Claims
race-series high-compression starters 22 proform nation t e shop now,Urgency
be there for the biggest season ever the official marketplace of the bears ticketmaster buy tickets,Authority Manipulation
be there for the biggest season ever the official marketplace of the bears t infl buy tickets,Authority Manipulation
amazon kindleunlimited unlimited reading. unlimited listening. any device. try your first month free privacy,Fear Appeals
"performance 1-click checkout. fast. easy, safe. fast checkout",Scarcity
sout anniversary group buy up to 25x1 get up to 25 products for the price of 1! shop now revat,Urgency
wrike do the best work of your life. try wrike,Exaggerated Claims
coin world marketplace plenty of peace hundreds to choose from explore shop now in godave 61 tryst,Urgency
"u no purchase necessary. indiana residents only. must be 18 years or older. promotion ends 12 19 21. courtesy of win a vip trip colts at jacksonville to an away game january 9, 2022 click to enter and for official rules huntington",Authority Manipulation
"thank you for voting us best hospital best urgent care best family medical provider - kate smith, crnp, meritus primary care menitus medical center",Exaggerated Claims
"free offer! community chickens join the community with our free weekly newsletter packed with diy tutorials, cool coops, and giveaways for lucky readers. start here",FOMO
black friday sale 70% off free shipping on everything! shop now 6px june,Urgency
twindemic potential ramifications of covid-19 and flu convergence contagion by the download it now contagion infectious diseases today contagionlive.com,Authority Manipulation
breaking infectious disease news and expert insights delivered straight to your inbox subscribe to contagion s enewsletter subscribe today contog cont contagion infectious diseases today contagionlive.com,Authority Manipulation
100 off $500 christopher william jewelers shop now,Urgency
jang black friday sale $70% off free shipping on everything! shop now 8,Urgency
"meridian build locally impact globally november 17-18, 2021 register now stellar ma",Urgency
smart options strategies deck homes tradewins free book options expert shows seniors the best options strategies for income. claim yours today,Exaggerated Claims
3 curuso skilling featured red ca 1.38479 join. trade. grow. trade 800 forex and cfd instruments with competitive pricing. start trading 66% of retail investor accounts lose money when trading cfds with this provider.,FOMO
back in-person online connecticut s premier business to business expo big connect presented by comcast business nov. 17 18 click to register lzoz finding your groov in a new e.r.a. emerge reboot adapt greater new haven chamber we take care of business,Exaggerated Claims
apply today get real-world ready apply now guilford college,Urgency
"onewheel introducing pint x higher performance, longer range, same fun size. shop now new",Urgency
best roadfood at home meal ideas shop meal plan gold peak p,Exaggerated Claims
kvh caring for our community. hospital your home for health,Social Proof
veterans thank you ride to all veterans for your service free yavapai regional transit yrt is certified as an arizona tax credit. visit us online,Authority Manipulation
will it be you? conduct cutting-edge research,Authority Manipulation
some things are inevitable. diabetes doesn t have to be. diabetes.org risktest american diabetes association. a connected for,Fear Appeals
your future is her future. diabetes.org risktest american diabetes association. connected for life a 1000,Fear Appeals
some things are inevitable. diabetes doesn t have to be. diabetes.org risktest american diabetes association. connected for life a,Fear Appeals
diabetes research dri institute foundation let s end diabetes together learn more lea new y,Authority Manipulation
j.me black friday sale 70% off shop now,Urgency
d dividend.com leading water utility firm with nearly 10 years of dividend d increases reaffirmed position on best dividend stocks list learn more,Exaggerated Claims
roselinlin up to 80% off shop now,Urgency
sabella start your forever home callista latin most beatiful lot area floor area 100sqm 81 sqm mycitihomesofficial mycitihomes,Authority Manipulation
j.me black friday sale $70% off shop now,Urgency
nhs test and trace protect your loved ones. get the app. nhs covid-19 app download now app store get fon google play,Urgency
looking to boost your holiday promotions? get a free landing page with a digital marketing campaign starting at $500 a month our team of experts handle everything bayarea news group get started digital marketing web design,Authority Manipulation
5-star doctors really do exist. find yours today healthgrades.,Authority Manipulation
buy. sell. trade. create. canon fos change gear the easy way. buy used kit mpb.com,Authority Manipulation
experience china before communism 2021-2022 shen yun tickets on sale now buy tickets,Authority Manipulation
you had me at 40% off movie tickets . enjoy up to 40% off movie tickets when you join telstra plus. find out more eligibility criteria apply. t,Urgency
"server monkey quality availability support shop now enterprise it made simple servers, storage and networking",Urgency
don t forget to exercise your mind. take a quiz. become an expert. challenge your friend. tur take a quiz infoplease,Authority Manipulation
secret lab afar engineered to keep you incredibly comfortable for long hours of work play learn more,Fear Appeals
as seen in drew magazine make em a dinner they can t refuse ragus old world style traditional exxegher cook like a mother shop now,Urgency
the original fall flavor perfect for baking! werther s original chewy caramels perfect for ba peop s so eru perfect for ba werther s original soft caramels pec shop now,Urgency
own a piece of modern history shop now enited the anus kine station ne,Urgency
"est. 1991 alabama furniture there s no sale, like resale",Exaggerated Claims
immersive van g gh exhibit dallas on sale now dallasvangogh.com,Authority Manipulation
live united united way united in recovery 1 in 3 local families is struggling donate today! every $1 you donate yields $3.21 in local community impact.,Social Proof
live united united way united in recovery 1 in 3 local families is struggling donate now! every $1 you donate yields $3.21 in local community impact.,Social Proof
"c a tms built by the customer, for the customer request a demo to access the industry-leading tms. learn more cabotage",Authority Manipulation
freightwaves insurance claims management sponsored by reliance partners read articles,Fear Appeals
the return of an icon duck head shop now,Urgency
say hello to honey beerx and goodbye to fine lines shop now,Urgency
inspire your students with computer science get started code with google,Authority Manipulation
inspire your students with computer science get started code with google o,Authority Manipulation
for when curiosity gets the cat. shop now great pet great pet great clean. aldecatmeal cleansing wis per cats bos w p 60 win .,Urgency
fab defense. keep it real. fabdefense.co.uk elajara,Exaggerated Claims
norma shooting.com black friday super sale save big on premium ammunition all month long! shop now,Urgency
g.skill trident z5 rgb unleash extreme ddr5 performance intel core coprace service amel aall gall trident z5 rgb,Urgency
from the producers of shtisel and fauda city asylum. now streaming exclusively on chaiflicks,FOMO
own future your mcc mohave community college click here mcc,Social Proof
horizon fdic your local community bank we are in this together hcb horizon community bank 928-854-3000 contact us nmls 566129 horizon has it! follow us on in.,Social Proof
old lahaina luau traditional hula feast most authentic lu au experience book now,Urgency
1 doctor recommended form of turmeric curcumint qunol turmeric available at amazon buy now dun dr. travis stork m.d.,Authority Manipulation
lung cancer is the leading cause of cancer death in the u.s. know the risks and symptoms. loo www erict story from merck read more,Fear Appeals
b efasile chade b 0 bryston the new br-20 pair with bryston s power amplifiers for real music 00ccccccco coco bestel f pmc distribution uk,Exaggerated Claims
philips uks reddot winner 2020 hi-fi choice recommended get inside the music. everywhere. philips fidelio l3 see more,Authority Manipulation
nc state jenkins master of management risk and analytics stop tomorrow s threats today. get the skills to turn risk into strategic advantage. apply today 1 delay delayed due to covid-19 delayed delayed delayed 11. dela,Fear Appeals
awarded best subwoofers by svs top audio reviewers worldwide eisa best award produc compacto 315 eisa best award product svs experience svs,Exaggerated Claims
leading orthopedic care to keep the texans moving see how houston methodist orthopedics sports medicine official health care provider,Authority Manipulation
sartorius unlocking alzheimer s mysteries deciphering the pathways to neurodegeneration unlocking alzheimer s mysteries deciphering the pathways to neurodegeneration sartorius science www,Authority Manipulation
"grease beast heavy duty scrub pads eats oil, grease grime usa made greasebeastscrubpads.com",Authority Manipulation
manscaped the lawn mower 4.0 our newest skinsafe trimmer shop now,Urgency
"alape o s bar grill thank you to our staff and the community for voting us best mexican restaurant! family owned and operated, proudly serving the community for 15 years! visit us",Social Proof
"olx autos jujurly, jual mobil di kami uang cepat lakunya gak secepat mobil terbang sih olx autos jujurlyaman olxautos.co.id",Fear Appeals
amazon shop. connect. enjoy. shop now. privacy,Urgency
snowflake special edition the data cloud dummies the data cloud for dummies mobilize your data to best serve your customers and business snowflake start now,Exaggerated Claims
taskus we protect what matters most learn more,Fear Appeals
thankful for 45 years! any service repair $45 off celebrating 45 years in business appleton campbell plumbing heating air conditioning electrical 703 454-8072 appletoncampbell.com,Authority Manipulation
crowdstrike never settle get a cloud-native platform built to stop breaches endpoint protection buyers guide download guide,Fear Appeals
kiwico put a subscription under the tree. shop now,Urgency
h she 100% bios college of education d belin-blank center iowa m-5 lowa s home for gifted and twice-exceptional k-12 students 00983 100889 id 88800 step inside oto dooooo b,Exaggerated Claims
ems rig sponsored by horton powered by fire apparatus -jems emergency equipment. premium resource for all things ambulance jems click here,Exaggerated Claims
staying healthy. staying active. we have it all right here. in your prime learn more living your best life,Exaggerated Claims
dell technologies windows black friday sneak peek powerful tech. perfect timing. select early offers latitude 9520 del technologies recommends windows 11 pro for business. members save over 45% off shop now,Exaggerated Claims
g kansas jayhawk community college conference championship game sunday 1pm garden city -vs- hutchinson,Social Proof
kansas jayhawk community college conference championship game sunday g 1pm riverfront stadium windsurge.com,Social Proof
christus. st. frances cabrini hospital live radar,Scarcity
"we re hiring! manufacturing fast paced growth opportunities safe clean masterbrand cabinets, inc. apply today",Urgency
"happy state bank presents the red-nosed reindeer sponsored by frank kent november 20 thru december 23, 2021",Authority Manipulation
beware of new utility scams! if you re threatened with immediate disconnection learn more off hawaiian electric,Fear Appeals
territorial savings bank serving wall for 100 year ready to purchase a home or refinance? apply online now best best shall be in id moic,Exaggerated Claims
ourcrowd become an angel investor invest in pre-vetted startups exclusive venture funds. join free jump acquired by uber beyond meat bynd nasdaq lemonade ipo lmnd nyse,FOMO
"take a turkey to work day! friday, november 19th click here to donate! donations benefit care and share food bank sponsored by security service federal credit union",Authority Manipulation
michelob ultra enjoy every down superice light beer 83klbj ultra texas join us 34 for the 2021 season watch parties 2021 kinalim,FOMO
tinting aptinting protect your castle. one window at a time. get a quote,Fear Appeals
used by 40% of forbes 100 companies join the club framery serious about happiness,FOMO
william draw your cards money luck love know your future william-angel.com,Authority Manipulation
learn guitar the most accurate tabs and best song learning system on the web start today! guitar instructor.com,Exaggerated Claims
spice up your life essential spice shop now,Urgency
"onewheel introducing pint x higher performance, longer range, same fun size. shop now",Urgency
black friday 20% off all devices! 68 tell health sys dia pul 98-95 bioland 5.8 whill 8-22 10 08 telll health.com shop now,Urgency
"i have much more to tell you,... ...the spirit of truth will guide you to all truth john 16 12,13 book of heaven ...thy will be done on earth as in heaven. matthew 6 10",Urgency
sentara you derserve the best you re safe at sentara we re commited to safe in-person mammography care. appointments available now. schedule now,Exaggerated Claims
"look for this sign rt. 31 donegal to mt. pleasant welcome 22nd annual christmas in the mountains dec. 3-5 10 a.m. - 6 p.m. find out about special sales, big prizes and more click here! christmas shop in the beautiful laurel highlands! ad funded by the westmoreland county tourism grant",Exaggerated Claims
"100,000 impressions served of clients serviced 100 1,000 market locations 1 customized solution community news digital",Social Proof
ut physicians a part of uthealth live your best life! schedule your well-woman exam make an appointment,Exaggerated Claims
"onewheel the new onewheel pint x higher performance, longer range, same fun size. shop now",Urgency
sale ends soon! now including the best grow light of 2021! up to 30% off all complete systems,Urgency
beermkr. $60 off with code mybeer beermkr get yours now at beermkr.com,Authority Manipulation
oriton audio with clarity comes appreciation puc 40 oriton.co.uk tel 07927 030 988,Exaggerated Claims
auto loans...it s what we do! eastman auto loans credit union ecu beside you ecu.org auto 800.999.2328 great rates low payments no payments for 90 days exceptional service it s what we do! expand,Exaggerated Claims
tad p selle you can t beat the house! alap but you can beat this guy! winview watch.predict. win.,Social Proof
hawalili up to 50% off shop now,Urgency
academy sports outdoors presents with hang terrell owens and friends! join our virtual watch party cowboyst chiefs sun 11 21 4 25pm est free tix,FOMO
young alfred home insurance from $35 mo get quotes,Fear Appeals
secure sensitive data encrypted storage solutions kingston 14soom kop gre growery 10 1 0 learn more kingstonls with you kingston,Fear Appeals
justfashion now up to 45% off shop now,Urgency
jang black friday sale up to 70% off shop now jingus.com,Urgency
celcom let yourself shine. lamps plus shop now,Urgency
ledin free shipping up to 60% off shop now,Urgency
dostane the orderings boxlunch shop now nlp middle-earth t,Urgency
trees. seeds feeds est.1984 golden gate nursery the nursery of gardeners farmers local family-owned operated 239.455.7233,Social Proof
for a limited time new websites for community banks at no charge banksite serviceso simple solutions. unimaginable results. learn more banksiteservices.com member aba icba,Urgency
ledin extra 15% code new15 shop now,Urgency
liver in danger? 12 dying liver??? 4 warning signs of dying liver 2 is scary!,Fear Appeals
cvent ebook the ultimate collection event marketing and management for dummies get the bundle w,Exaggerated Claims
justfashion now wear your beauty find your favorite look multiple sizes and colors shop now,Urgency
"want instant savings on the tech you love? retail me not deal finder exclusive offers, cash back more 08 36 000",FOMO
"lilicl th gigi jee-jee -noun. 1. like a grandmother, but so much cooler see also best friend , extraordinary 5things you sho my husband",Exaggerated Claims
group buy 25 anniversary up to 25x1 get up to 25 products for the price of 1! shop now,Urgency
"learn how to care for your new chicks flock starter guide the journey from chiudete layers backyard poultry nutrena from brooder and coop setup to which breeds are best for you! we also explore feeding, heating, and common ailments. it s free!",Exaggerated Claims
subscribe to backyard poultry backyard america s poultry favorite poultry magazine homestead poultry racke for the dangersc halam ng away at change sabinants to pre p homestead subscribe today!,Fear Appeals
simplisafe home security save big on home security this holiday season away shop now,Urgency
open weekly tuesday - saturday 8am to 5pm green valley bookfair shop now,Urgency
perfect gifts for the holidays 3 nhlshop.com af fanatics experience g shop now,Urgency
westland purchase your new cover today! world s best fitting covers shop now,Urgency
perfect gifts for the holidays nhlshop.com at fanatics experience 7 00 shop now,Urgency
dying liver? most people notice this too late. 4 warning signs 2 is scary!,Fear Appeals
perfect gifts for the holidays ju nhlshop.com a fanatics experience shop now,Urgency
perfect gifts for the holidays nhlshop.com af fanatics experience c epitels washington shop now,Urgency
"fanbyte the best gaming content, delivered daily.",Exaggerated Claims
cotosen shop now buy 3 get 4th 40% off,Urgency
"msi creator academy online workshop with rio purba christiawan lie sabtu, 20 november 2021 14.00 - 16.30 wib join now!",FOMO
tsm official pc monitor of tsm ftx f sd the world s first 16 qhd gaming laptop gear up now legion 7 with intel core i9 lenovo,Authority Manipulation
"nov. 16-21, 2021 belk theater dr. seuss how the grinch stole christmas! the musical get tickets",Urgency
"datemyage cloe, 42 find a match for everyone chat now",Urgency
"experience the freedom of cloud-first chrome os. designed for secure, flexible hybrid and remote workplaces. ochrome os learn more",Fear Appeals
free resume templates free resume samples free resume formatting my perfect resume,Exaggerated Claims
the future of defi has a waitlist. click here to join. u,FOMO
the tech that syncs with you shop now ebay,Urgency
"essential tmt insights exclusive tech, media telecom insights delivered to your inbox each month. s p global market intelligence",FOMO
wood burning stoves stay warm this winter high quality wood burning stoves at an affordable price free shipping shop now rockfordchimneysupply.com,Urgency
exana justfashion now up to 45% off shop now,Urgency
ge edge insure h ad secure live webinar cyber secu big new 2 u 00 summer hostgator.com 1-866-96-hostgator ditch the ads go premium trn upgrade now,Fear Appeals
black ueen naan black black zolucky up to 50% off shop now,Urgency
what if there was a better alternative to your social media needs? agorapulse constantly ranks higher by users on popular review sites. find out how g leader enterprise summer 2021 agorapulse,FOMO
wa gps vehicle tracker these brilliant vehicle trackers are taking the us by storm! expert market,Authority Manipulation
shop bigger! avtodo a gucci largest outlet center samarcos in united states toursanmarcos.com,Authority Manipulation
2012 34 19 wala why yes actually i can drive a stick novl zolucky - up to- 50% shop now,Urgency
orth feet 1 recommended shoes by podiatrists shop now up to 25% off,Urgency
"datemyage alex, 46 find a match for everyone chat now",Urgency
va ovhcloud deals save $50 on our most popular storage server includes unlimited traffic limited time offer choose yours now,Urgency
rated higher and yogabed $250 less than others,Social Proof
it s time to find your calling. get training at m.ad. see my options,Authority Manipulation
hot topic wizarding world harry potter shop now,Urgency
"chrome os experience the freedom of cloud-first chrome os. designed for secure, flexible hybrid and remote workplaces. learn more 6",Fear Appeals
dying liver??? do not ignore these early warning signs 2 is scary!,Fear Appeals
orth feet up to 25% off shop now lifesavers! i can walk pain-free for the first time in years -donna paine,Urgency
"glisser make every event count 1 meeting and events platform powering unique company event experiences, anywhere. download now",Urgency
"high attenuation portable rf emi shielded enclosures light-weight, custom, faraday cages for any application learn more s select fabricators emc testing secure communications vehicle testing wireless device testing",Fear Appeals
switzerland knows the deal compare health insurance now and save,Fear Appeals
new daily rides between virginia washington book now at ourbus.com,Urgency
university of louisville. college of business equine industry program love the racing lifestyle? enhance your career with uofl s graduate horse racing industry business certificate. apply today! business.louisville.edu onlineequine,Urgency
allbirds tread brighter. tread lighter. shop now,Urgency
milamode up to 45% off shop now,Urgency
fitrated best home gym equipment of 2021,Exaggerated Claims
perfect gifts 3 for the holidays nhlshop.com af fanatics experience hi c shop now,Urgency
perfect gifts for the holidays nhlshop.com af fanatics experience p shop now,Urgency
limited edition waifu cups only available at gamersupps.com gamer supps,Scarcity
"r2 450 brands 200,000 products get heating supplies fast this season! supplyhouse.com",Authority Manipulation
sorry we made the reserve series sound so amazing you re going to have to buy new speakers. reserve series polk expect great sound,Exaggerated Claims
crossbreed holsters bke introducing the all new hybrid st2 shop now,Urgency
envatoelements best motion graphics templates backgrounds elements overlays transitions miscellaneous interface effects openers and more start now,Exaggerated Claims
is gen z deconstructing or reconstructing religion? springtide research institute download the free report 2021 the state of religion young people navigating uncertainty,Authority Manipulation
is gen z deconstructing or reconstructing religion? the state of religion young people navigating uncertainty springtide download the free report springtide research institute,Authority Manipulation
websites need lots of content everyday. we need writers. apply,Urgency
"average acores customers total round-up acorns your spare change can really add up in just 4 months. start now $28.58 $57.91 audijenci te nak including bons of principal round is me $92.29 $118.60 dono arts are inanand in an acara, por coming of de",Social Proof
"life up to $500,000 in simplified issue term life insurance. 100% no medical exam. visit havensimple.com",Fear Appeals
"ultimate uma medical academy 63,000 career-ready graduates at no recruiting cost",Exaggerated Claims
time the march a groundbreaking virtual reality exhibit american family insurance,Fear Appeals
j.me black friday sale up to 70% off free shipping on everything! shop now,Urgency
settlement group pay your medical bills sell life insurance policy for cash,Fear Appeals
add a coupon code to your cart best extension for online deals get coupons coupert,Exaggerated Claims
menico brand shoes focus on handmade and comfy shop now banggood,Urgency
join our diverse workforce ti hexa hexaware know more,FOMO
elleandvireja. follow creamy callaloo alfredo dolino walim co try it now! elle vire,Urgency
celebration 25 years uk jewish film festival 4-13 hivenber 2821 50 films for 45 book now 4-18 nov jewish,Urgency
today s best deals are here the inventory team is rounding up discounts on hot items you don t want to miss. click here to browse!,Exaggerated Claims
kelle blue book official youtdr kelley blue book s 5 great deals da see our picks,Authority Manipulation
"shopping top-10 cars? price one now! get started $20,745 $20,692 invoice fair purchase price $20,465 kelle blue book official guibe",Authority Manipulation
matouk creating the finest bed and bath linens since 1929 shop now do p 4,Urgency
five pay 3 stay 4 extend the f pay 6 stay 8 book now,Urgency
datacamp a modern learning experience for data science and analytics sale rsql -e learn more,Authority Manipulation
the meadows at canton 16.9% target irr 11.3% target cash on cash return access deal sponsored by the gsh group realtymogul,Authority Manipulation
bioskop online original story of dinda second chance of happiness sebuah film karya gimanti roma aurelie moeremans abimana aryasatya ardhno pramono cantika abigail celebrities.id,Fear Appeals
anc noracora merry christmas 62% off shop now,Urgency
legion 71 with intel core i9 suvaine purpose-forged elite performance gear up now tov lenovo sd tsm official pc monitor of tsm ftx,Authority Manipulation
legion 71 with intel core i9 the world s first 16 qhd gaming laptop gear up now ethe fol gdtsm official pc monitor of tsm ftx lenovo,Authority Manipulation
we can optimize your social media plan compulse integrated marketing a full-service digital agency learn more,Social Proof
sears home services valuable protection. covered repairs. get a quote,Fear Appeals
s ces ces.com appliance repair sears home services appliances service pa protection improvement pora effe caution our team proudly serving your neighborhood schedule now 1-888-314-3067,Fear Appeals
"sears home services hagas expert appliance repair wherever you bought it, we can fix it schedule now 1-888-314-3067",Authority Manipulation
"week 23193 offers so good, you can bring your friends mgm resorts book now",Urgency
hot topic wizarding world vide marts harry potter shop now,Urgency
automation. transparency. industry-leading expertise. choose us as your self-serve advertising partner. contact us danads,Authority Manipulation
best gaming logo maker commander infinite justice galactic mariag nightmare place it by envato nasty bakky player dark create now go gamer metal octope brutal sq,Exaggerated Claims
the complete raspberry pi 4 step-by-step digital learning bundle 3 online courses ebook code downloads instructor support build working projects limited time offer power learning -academy-,Urgency
frederic da silva paranormal mind reading magic rated 4.9 5 exceptional tickets from $28 buy tickets,Exaggerated Claims
0% honda apr financing honda for up to 36 months shop now local honda dealer honda,Urgency
sta nominees you choose the year s best 2021 allmlb vote now cue,Exaggerated Claims
liquid web fully managed vps hosting acronis backups ddos protection 24 7 365 support liquid web e most helpful humans in hosting starting at $15 mo with 2-year pricing money back 30 days guarantee,Fear Appeals
"onewheel time level up more power, more range, more !!!!!!!!!. gnewheel new new pintz shop now",Urgency
voted 1 in six categories end-to-end e-discovery . foreign language translation end-to-end litigation consulting managed document review predictive coding solution legal staffing tls transperfect legal solutions new york law tournal best of 2021 winner find out why,Exaggerated Claims
"benefit-specific, functional. holiday sale -40% off shop now use code enjoy40 ne 121 reed soms",Urgency
"11 sign up for the invested newsletter delivered daily by u.s. news editors invested provides investors with advice, 850 rankings and stock market news. $5.00 56.00 56.00 249 230 2.50 sign up us.news invested",Social Proof
discover botswana africa s most exclusive destination experience excellence safari.co.uk africa exclusive,FOMO
crowdstreet let s build austin. join the largest online real estate investing platform. learn more famxm,FOMO
helping you live better and feel better pghealth wellness pittsburgh post-gazette. sponsored by upmc life changing medicine,Authority Manipulation
coo pg ess celebrating all that s good. sundays in the pittsburgh post-gazette sponsored by highmark ahn,Authority Manipulation
sundays in the pittsburgh post-gazette sponsored by highmark ahn celebrating all that s good. pg,Authority Manipulation
"art basel miami beach december 2-4, 2021 join the artworld in miami beach. ubs",FOMO
perfect gifts for the holidays nhlshop.com af fanatics experience oilers shop now,Urgency
nomad magsafe made easy shop now,Urgency
we can optimize your social media plan compulse integrated marketing o a full-service digital agency learn more q,Social Proof
hypersoft sneakers your feet need hypersoft. get 70% off en.gethypersoft.com,Authority Manipulation
perfect gifts for the holidays nhlshop.com a fanatics experience 1 shop now c,Urgency
1 11 philipp plein made in italy philipp plein made in italy philipp plein outlet bags alert! new arrivals for fw21,FOMO
the lordrings nlp middle-earth ent. le to new line 2 shop now boxlunch,Urgency
j.me 3rd anniversary $50% 20% off code jing20 a,FOMO
perfect gifts fa j n for the holidays nhlshop.com af fanatics experience x-1 r shop now,Urgency
perfect gifts 1 for the holidays nhlshop.com af fanatics experience shop now,Urgency
2.8 mol j 2304x samsung lm301h 288x osram 660nm shop now whi shipment from usa warehouse 3-5 days delivery hort bloom best led grow lights,Urgency
holiday in dubai pay 3 stay 4 extend the fun pay 6 stay 8 book now five,Urgency
stylewe up to 60%off shop now,Urgency
communicating aaaas science program workshops for scientists and engineers learn more,Authority Manipulation
noracora hoa jesus merry christmas 62% off shop now,Urgency
outsystems webinar. december 7 how to prevent and reduce technical debt font- chy 8070 sixtho register now,Urgency
"the wallet, reimagined shop now bellroy",Urgency
is your insurance coverage adequate to help you plan for life s major milestones? find out more,Fear Appeals
certified publisher monetization for child publishers gw,Authority Manipulation
b lilienthal berlin designed in berlin. made in germany. shop now,Urgency
55254 760 0 hot topic wizarding world dr 30% de entre today hosp harry potter shop now,Urgency
5247900 hot topic wizarding world ir 32 tu te harry potter shop now,Urgency
shield your retirement savings from biden s tax plans protect your wealth,Fear Appeals
austin let s build someting new. join the largest online real estate investing platform. learn more crowdstreet,FOMO
start get access to the all-in-1 platform with the best digital content. create your account. all-in-1 digitalcontent games - audiobooks - music - movies,Exaggerated Claims
simplisafe meet the new wireless outdoor security camera shop now new,Urgency
"bellroy bellroy a bold twist, on your wrist the watch strap shop now",Urgency
"experience the flexibility of cloud-first it management, free for 30 days. chrome os start free trial 7",Authority Manipulation
fitrated fitness equipment reviews best home gym equipment of 2021 learn more,Social Proof
gartner peerinsights. l. your insight is valuable! share your experience and get rewarded. write a review approved reviews earn q a $25 usd gift card a peer insights badge to display on linkedin and more...,Authority Manipulation
o tani shq a tata product it s the season of gifting! we now ship to the usa! shop now,Urgency
ai roi computer vision whitepaper 2021 chooch 312-12 sunce sprales download now,Urgency
capital one shopping the coupon-finding browser extension what s in your wallet? coupons and rewards. join now it s free!,FOMO
black friday zolucky soft.clouds up to 50% off shop now,Urgency
coupon codes available join now it s free! capital shopping the coupon-finding browser extension,FOMO
orth feet 1 recommended shoes by podiatrists up to 25% off shop now,Urgency
"blunder 10 mismanaging retirement withdrawals you ve accumulated a large nest egg, making the wrong withdrawals could put your retirement at risk. if you have a $500,000 portfolio, you should read 13 retirement investment blunders to avoid. learn more fisher investments",Fear Appeals
what s in your wallet? coupons and rewards. join now it s free! capital one shopping the coupon-finding browser extension,FOMO
academy sports outdoors presents hang with terrell owens and friends! join our virtual watch party cowboys chiefs at sun 11 21 4 25pm est free tix,FOMO
normal liver tosic liver dying do not ignore these early warning liver signs 2 is scary,Fear Appeals
never search for coupons again. join now it s free! capital shopping the coupon-finding browser extension,FOMO
all alle america s best racing your next experience get in the action americasbestrading.net,Exaggerated Claims
x normal liver m toxic liver dying liver do not ignore these early warning signs 2 is scary,Fear Appeals
unlimited pet care $129 trusted housesitters join us,FOMO
"bellroy eco-tanned leather, performance design the watch strap shop now",Urgency
five holiday un dubai pay 3 stay 4 extend the fun- pay 6 stay 8 book now,Urgency
menico brand shoes shop now banggood,Urgency
j.me www up to 50% off shop now,Urgency
"onewheel introducing pint x higher performance, longer range, same fun size. pint shop now",Urgency
wet toilet brush shine no toilet brush shop now,Urgency
flash deals snag today s deal on the perfect gift. ollie an chewy shop now,Urgency
chewy flash deals snag today s deal on the perfect gift. shop now g ollie howy.com lovers shop wher,Urgency
"ochrome os device management made simple and secure, from anywhere. try chrome enterprise upgrade, free for 30 days. start free trial 7",Fear Appeals
"pm 2 11 plastic surgeons, feel disconnected? it s about time for some harmony 1 integrated ehr, pm solution payments patient engagement m modmed modernizing medicine learn more",Social Proof
fit rated fitness equipment reviews find the best fitness equipment for your home click here,Social Proof
jang black friday sale up to 70% off shop now,Urgency
"fanbyte the best gaming content, delivered daily",Exaggerated Claims
w dying liver? most people notice this too late. 4 warning signs 2 is scary!,Fear Appeals
"right place right time huntwise download on the app store get it on google play ww courter farms today s huntcast at 9am switc 68 5% sunrise 7 45am sunset 5 18pm find best stand peak movement time of the saturday, nov friday 11 5 52 43 8",Exaggerated Claims
fit rated fitness equipment deviews find the best fitness equipment for your home click here,Exaggerated Claims
the best recipes you ve probably never heard of. watch now just a pinch reciper,Exaggerated Claims
want the best value-for-money itsm tool? with topdesk you only pay for features you need. try now topdesk,Exaggerated Claims
what s in your wallet? coupons and rewards. join now it s free! capital shopping the coupon-finding browser extension,FOMO
academy sports outdoors presents hang terrell owens and friends! with join our virtual watch party cowboys chiefs sun 11 21 4 25pm est free tix,FOMO
liver in danger? m dying liver??? do not ignore these early warning signs 2 is scary!,Fear Appeals
dying liver help! 4 warning signs of dying liver 2 is scary!,Fear Appeals
wix create your own online store 11 get started organic skin care shop now good night pure,Urgency
cvs health. join the heart of health care as a pharmacist at cvs health. sign-on bonus available in select markets. apply now,FOMO
proper cloth the custom fit stretch chino premium italian cotton customizable design perfect fit guarantee create your custom size,Exaggerated Claims
just fashion now namora christmas sale shop now,Urgency
jelooking mahalmer s my new science supplement - unlocking alzheimer s mysteries deciphering the pathways to neurodegeneration get your copy sartorius,Authority Manipulation
holiday in dubai pay 3 stay 4 extend the fun- pay 6 stay 8 book now five me,Urgency
zolucky www soft.clouds free shipping shop now,Urgency
bergdorf goodman gifts for acqua him shop now,Urgency
fortune favours the brave learn more crypto.com,Authority Manipulation
"experience cloud-first free for 30 days. chrome os the flexibility of it management, start free trial 7",Authority Manipulation
che 2 save $29 p images are for reference only. chiran free limited tonkotsu ramen shipping time only take-home ramen kit 5-kit bundle shop now,Urgency
"multiplier compliant hiring and multi-currency payroll for businesses, big or small speak to our experts",Authority Manipulation
ap ta ap news on the gol download now berse 1916,Urgency
mak dai is free justfashion now up to 45% off shop now,Urgency
five holiday in dubai pay 3 stay 4 -extend the fun- pay 6 stay 8 book now,Urgency
dying liver? most people notice this too late. 4 warning signs 2 is scary! je,Fear Appeals
"designed for secure, flexible hybrid and remote workplaces. chrome os learn more",Fear Appeals
plot twist it s not woke run hide fight use code rhf for 20% off join now daily wire,FOMO
"1 1 answers in genesis creators of life-changing content, resources, and experiences that capture hearts for christ. join us",FOMO
"free guide blunder 10 mismanaging retirement withdrawals you ve accumulated a large nest egg, making the wrong withdrawals could put your retirement at risk. if you have a $500,000 portfolio, you should read 13 retirement investment blunders to avoid. learn more fisher investments",Fear Appeals
don t worry shots justfashion now up to 90% off shop now,Urgency
ochrome os cloud-power your business and maintain access to legacy apps. access windows apps on chrome os in secure virtual environments. learn more,Fear Appeals
best seller banggood global leading online shop,Exaggerated Claims
ebay the tech that syncs with you shop now,Urgency
book now holiday in dubai pay 3 stay 4 extend the fun- pay 6 stay 8 five mai,Urgency
merry christmas shop now 1111 justfashion now,Urgency
eater wine club you ll never sip the same thing twice. join eater wine club today.,FOMO
particle top 5 iot applications that are transforming hvac learn more,Exaggerated Claims
steven toyota get trade in value instantly! shop now eve,Urgency
capital one shopping the coupon-finding browser extension coupon codes available join now it s free!,FOMO
s sentara you deserve the best receive the highest quality mammography services. appointments available now. schedule now you re safe at sentara,Exaggerated Claims
4 manscaped introducing the lawn mower 4.0 skinsafe trimmer shop now,Urgency
wet toilet brush no toilet brush shine shine shop now,Urgency
america s best racing your next experience get in the action americasbestracing.net,Exaggerated Claims
demandscience i love wasting time onlackluster leads. said no one ever. learn more intelligence,Authority Manipulation
free book options expert shows seniors the best options strategies for income. smart options strategies tradewins smart options strategies chuck hughes claim yours today,Exaggerated Claims
normal liver toxic liver dying liver??? 4 warning signs of dying liver 2 is scary!,Fear Appeals
blarney woollen mills the home of irish knitwear an irish family business since 1823 shop now,Urgency
dying liver help! 4 warning signs of dying liver 2 is scary! watch here,Fear Appeals
ledin 10% off on 1st order shop now,Urgency
brili brilliant earth ethical engagement rings shop now rt,Urgency
liver in danger? dying liver? most people notice this too late. 4 warning signs 2 is scary!,Fear Appeals
learning made easy snowflake special edition the data cloud nt to you y owflake dummies unite your sloed data securely access and share governed data globally execute your diverse devid boum snowflake the data cloud for dummies learn what s possible in the data cloud learn more,Fear Appeals
full swing plaaswe your game deserves the best get tiger s simulator,Exaggerated Claims
"1 blunder 10 mismanaging retirement withdrawals you ve accumulated a large nest egg, making the wrong withdrawals could put your retirement at risk. if you have a $500,000 portfolio, you should read 13 retirement investment blunders to avoid. learn more fisher investments",Fear Appeals
justfashion now up to 90% off shop now,Urgency
secret lab discover a new way to get organized,Fear Appeals
www next time you go away he ll be cared for like a king trusted housesitters join today,FOMO
j.me 3rd anniversary $50% 20% off code jing20 a colo,FOMO
"the thrill of the find, found here shop now ebay",Urgency
"ebay the thrill of the find, found here shop now",Urgency
dying liver??? 4 warning signs of dying liver 2 is scary!,Fear Appeals
pay only $25 for a 1-year membership join now bj s live generously,FOMO
dny wy recover shots just fashion now up to 45% off shop now,Urgency
"taiwan excellence everyday excellence zumba fest sullas s-imbractor poza 255-intructar yuanita christianl tahan gacellance calabrity endorser tumbl olva zakada yunus online sat, 27 nov 2021 10.00 - 12.00wib register now",Urgency
philipp plein outlet philipp plein batt philipp pleint made in terly bags alert! new arrivals for fw21,FOMO
dying liver??? 4 warning signs your liver is crying for help 2 is scary!,Fear Appeals
gartner peerinsights.. your insight is valuable! share your experience and get rewarded. write a review approved reviews earn a $25 usd gift card a peer insights badge and more...,Authority Manipulation
"up to 80% off of friend is the kind you can sit on a porch swing with never say a word, and then walk away feeling like it was the best conversationyou ve ever hadit s true that don t kno love chicme",Exaggerated Claims
"p photobook send your gift internationally, wherever they are. shop now",Urgency
steven toyota get trade in value instantly! shop now,Urgency
j.me black friday sale 70% off free shipping on everything! shop now o 0,Urgency
fitrated fitness equipment beviens best home gym equipment. of 2021 learn more,Exaggerated Claims
sartorius unlocking alzheimer s mysteries deciphering the pathways to neurodegeneration sartorius science maaas new science supplement unlocking alzheimer s mysteries deciphering the pathways to neurodegeneration get your copy,Authority Manipulation
a trusted tool for builders like you try it risk free,Fear Appeals
get trade in value instantly! steven toyota shop now,Urgency
staying healthy. staying active. we have it all right here. in your prime living your best life learn more,Exaggerated Claims
capital one shopping the coupon-finding browser extension never search for coupons again. join now it s free!,FOMO
like our low rates? lock one in. it s time to get life insurance! apply online now 19-1106 1-888-630-5000 sbli -since 1907-,Fear Appeals
s sentara you deserve the best we re commited to safe in-person mammography care. appointments available now. schedule now you re safe at sentara,Exaggerated Claims
"onewheel the new pint x faster, farther, funner. new shop now",Urgency
enjoy our black friday cyber sale save up to 40% book now cques 8 cq club quarters hotels,Urgency
lumenis smoothglo the only bundle you need to launch your aesthetic practice join the smoothglonation la kyle richards actress and in p real housewives of beverly h,FOMO
200808 to ne not? zolucky free shipping shop now,Urgency
qatar airways oneworld win 10 with the best here click,Exaggerated Claims
oneworld qatar airways ojloji fly and win with the best click here,Exaggerated Claims
dying liver 4 warning signs of dying liver 2 is scary! watch here,Fear Appeals
want the best value-for- money itsm tool? with topdesk you only pay for features you need. try the demo topdesk,Exaggerated Claims
trust our local experts as your partner community new digital 65,Authority Manipulation
matouk creating the finest bed and bath linens since 1929 shop now,Urgency
scientific american sea change save 30% on scientific american digital 4-year archive shop now,Urgency
simplisafe meet the new wireless outdoor security camera new shop now,Urgency
cloud-power your business and maintain access to legacy apps. access windows apps on chrome os in secure virtual environments. ochrome os learn more,Fear Appeals
next time you go away he ll be cared for like a king trusted housesitters join today,FOMO
want the best value-for-money itsm tool? with topdesk you only pay for features you need. try the demo topdesk,Exaggerated Claims
lilienthal berlin 4511 11 se l the huxley mesh edition 23 11 05 lilienthal berlin 1x 30 251 shop now,Urgency
tani shq a tata product it s the season of gifting! we now ship to the usa! shop now,Urgency
ledin free shipping 500 new arrivals shop now,Urgency
unlimited pet care only $129 year join us trusted housesitters,FOMO
fitrated find the best fitness equipment for your home,Exaggerated Claims
help! dying liver 4 warning signs of dying liver 2 is scary! watch here,Fear Appeals
boney beauty beast 30 years hot topic shop now d,Urgency
protect your mac mackeeper - multilayered mac protection try now mackeeper,Fear Appeals
asus asus education designed for explorers. education for all. learn more intel. core achieve amazing powered by intel core processors,Exaggerated Claims
kiwico tis the season for steam! mich shop now,Urgency
book now holiday in dubai pay 3 stay 4 - extend the fun- pay 6 stay 8 five,Urgency
"lilicl th gigi jee-jee -noun. 1. like a grandmother, but so much cooler see also best friend , extraordinary what up. grinches i m only talking to my dog today",Exaggerated Claims
promote your channel for youtube bloggers get views adwmg.com,Authority Manipulation
an help! dying liver 4 warning signs of dying liver 2 is scary! watch here .,Fear Appeals
affordable health insurance made simple. easily apply for all subsidies tax credits compare every plan available in your area in only 15 minutes find the plan powered by lig solutions enroll today,Fear Appeals
"pm 2 11 pain physicians, feel disconnected? it s about time for better connections 1 integrated ehr, pm rcm solution payments patient engagement m modmed modernizing medicine know more",Social Proof
cotosen - up to 50% off shop now,Urgency
mask justfashion now up to 45% off shop now,Urgency
i love shen yun shen yun shop black friday sale starts now! up to 35 % off join our vip rewards to get an additional 10% off! shop now,Urgency
philipp plein outlet bags alert! new arrivals for fw21,FOMO
malm ho vol. 11 l ho! justfashion now up to 45% off shop now,Urgency
you re probably not delivering the best virtual event. enter touchcast.,Exaggerated Claims
43 0 children a day are diagnosed with cancer in the u.s. cookies for kids cancer let s get baking,Social Proof
"when copays don t count, the needs of patients don t count either. cms can protect the mos vulnerable patients. learn more national hemophilia foundation a for all bleeding diunders the arsenetute",Fear Appeals
put it to free the test eng demo slog cecil s jess.com,Authority Manipulation
sos b dying liver 4 warning signs of dying liver 2 is scary! watch here .,Fear Appeals
the world s best veterinarians advice delivered to your door each and every month! cornell university college of veterinary medicine cat watch subscribe,Exaggerated Claims
them lousy stinkin gators exclusive buy today,FOMO
eddie eddie get your exclusive eddie the blind squirrel t-shirt buy today,FOMO
building facade ricresidences.com ascnce code 110112233 ohguo non aa-2002 12-4210 chsud tlts non-006 mus le pont residence bridging you to your best life rlc raise live residences connect,Exaggerated Claims
digo the true premium u.s. hispanic audience network reach and connect up to 51m u.s. hispanics in a brand-safe and culturally relevant premium network,Exaggerated Claims
fill your cart with color shop now ebay,Urgency
interact with gq be a part of gocommunity join now,FOMO
"h what s up doc? if you re in need of medical care, check out our comprehensive guide to the best doctors across 70 specialities in the houston area. learn more",Exaggerated Claims
"the best of fashion, wellbeing and women read more",Exaggerated Claims
are you offering clients the maximum guaranteed income in retirement? protective,Fear Appeals
award winning international moving services best u.s.news rankings best customer service newsweek statista,Social Proof
free dealer price quote get the best deal on a new car! get free quote,Exaggerated Claims
hein the glenn armentor law corporation legal authority 34000 lafayette 2009 times best based on puble vote through the times of acodiono,Exaggerated Claims
expert care right here at home christus. st. vincent t mayo clinic care network member,Authority Manipulation
expert care right here at home christus. st. vincent mayo clinic care network member,Authority Manipulation
follow the trail with national geographic s trails illustrated maps buy here,Social Proof
whiskey raiders your one stop shop for whiskey reviews coverage. see the raidings,Social Proof
mobile insurance 800 458-4320 commercial real estate insurance experts kurt kelley president,Fear Appeals
klystron powerful television radar 13 click to view spectrum news 13 spectrum o,Exaggerated Claims
"join the 300,000 people who start and end their day with newser newsletters",FOMO
mashops most trusted numismatic marketplace join,FOMO
make your move with the most trusted brands in media media job board gard.com poynter. e p newspapers find your next job,Social Proof
we ll find the doors for you you decide which one to open media job board find your next job media jobboard.com,Authority Manipulation
"industry news delivered every weekday morning a.m.jolt qsr one pizza chain s path to 100 units old-world italian gets a modern, tech-forward twist at this exciting fast casual, which is ready for major growth. share iog why burger king could be fast- food s sleeping giant",Exaggerated Claims
rental insurance insure and protect your treasures get quote now powered by sure. rentals.com,Fear Appeals
"trane it s hard to stop a tran highly trained experts in customer satisfaction we stand behind every trane. 4 21 tom. aegidorsemed. tout 4243 s. main st. salisbury, nc 704-633-8095 stout heating air conditioning, inc.",Authority Manipulation
want knowledge delivered daily? join our newsletter here science alert,FOMO
sciencen particle v m sciencen martian wanderers mag bal science ne beyo br sciencenews celebrating encenews science journalism dolly the hand more 1000000 encenews years of e digital alto volution physics byte never miss a discovery. subscribe to science news. ncenews ient mas,Authority Manipulation
"musicdirect equipment. music accessories. $49 free shipping 1,000s of albums in stock 60 day satisfaction guarantee musicdirect.com",Authority Manipulation
joyology lake orion - now open save on your first visit shop now,Urgency
take pride in where you travel provincetown explore now ptowntourism.com,Authority Manipulation
fan lab share your voice in the fan lab! members can be eligible to win vinyl and merch join now,FOMO
"lacrosse championship tz how-cafe ht make your memorial day weekend plans! may 26 28-cary, nc-wakemed soccer park get tickets",Urgency
success starts here the naval institute s independent forum is where professionals figure it out before it matters. join now avaz 1947,FOMO
"sal slickdeals get the extension best buy target. walmart costco wholesale coupons for 3,000 stores",Exaggerated Claims
sal slickdeals score big savings get coupons at your favorite stores get the extension walmart best buy macy s adidas,Exaggerated Claims
"sal slickdeals coupons for 3,000 stores get the extension costco wholesale best buy walmart target.",Exaggerated Claims
"slickdeals coupons for 3,000 stores get the extension costco wholesale target. best buy walmart",Exaggerated Claims
sal slickdeals score big savings get coupons at your favorite stores get the extension best buy macy s o walmart adidas,Exaggerated Claims
insurance for visitors to the us visitorplans.com insurance that travels with you 1-855-5-visitor 1-510-353-1180 get quote,Fear Appeals
"sal slickdeals coupons for 3,000 stores get the extension o target. walmart best buy costco",Exaggerated Claims
sal slickdeals score big savings get coupons at your favorite stores get the extension walmart best buy adidas o macy s,Exaggerated Claims
"lse the london school of economics and political science designed,",Authority Manipulation
sal slickdeals score big savings get coupons at your favorite stores get the extension best buy o macy s walmart adidas,Exaggerated Claims
banana republic shop now a voyage of wonder,Urgency
"specifically pacific organic, gluten-free broth from free-range chicken. pacific foods- te range chicken broth shop now",Urgency
coldplay music of the spheres a world tour with special guest h.e.r. tickets on sale now at coldplay.com live nation,Exaggerated Claims
reach fans everywhere repost by soundcloud try repost by soundcloud,Social Proof
banana republic factory 280 new arrivals from $24.99 shop now,Urgency
insurance for visitors to the us get quote visitorplans.com 1-855-5-visitor insurance that travels with you 1-510-353-1180 info visitorplans.com,Fear Appeals
coldplay music of the spheres a world tour with special guest h.e.r. tickets on sale now coldplay.com live nation the new album music of the spheres out now o,Exaggerated Claims
banana republic a voyage of wonder shop now,Urgency
5 leader spring 2022 4x more 5-star reviews than splunk. see why dynatrace,Social Proof
university of san diego lead the digital defense earn your m.s. in cyber security operations and leadership 100% online learn more,Social Proof
lead the digital defense earn your m.s. in cyber security operations and leadership 100% online university san diego learn more,Social Proof
coldplay music of the spheres world tour with special guest he.r. tickets on sale now coldplay.com live nation,Fear Appeals
save $800 on select adjustable mattress sets up to mon aaaaaa stearns foster learn more select adjustable mattress sets only. lesser savings may apply. learn more at stearnsandfoster.com.,Authority Manipulation
nordstrom all dressed up shop now cul free style help in stores online,Urgency
banana republic 06. 06. 1978- international shop now,Urgency
tempur-pedic up save d $500 tempur pedic on select adjustable mattress sets tempur picc shop now select adjustable mattress sets only. lesser savings may apply. learn more at tempurpedic.com.,Urgency
grand residences rivera cancun grandresidences.com.mx spring in paradise 888-215-4428 book now 2021 travelers choice tripadvisor,Urgency
memorial day aarp limited time offer $9 when you sign up for a 5 year term join now per year,Urgency
slickdeals score big savings get the extension adidas macy s best buy walmart,Exaggerated Claims
exclusivo online saiba mais dermage neutrogen purified skin panvel ben voce. voce bem alanan boca rosa nicolin,FOMO
grand residences spring in paradise 888-215-4428 book now travelers choice 00 tripadvisor grandresidences.com.mx,Urgency
university of san diego a lead the digital defense earn your m.s. in cyber security operations and leadership 100% online learn more,Social Proof
dynatrace more satisfied customers than splunk. leader spring 2022 see why,Social Proof
memorial day $9 aarp limited time offer when you sign up for a 5 year term per year join now,Urgency
"sal slickdeals coupons for 3,000 stores get the extension o target. walmart best buy costco wholesale",Exaggerated Claims
"sonesta travel today, your way. save up to 20% 20% 1 15% off dining book now",Urgency
123rf millions of stunning visuals at low price free one-click editing tools start now,Social Proof
stock that fridge join now costco wholesale,FOMO
123rf millions of stunning visuals at low prices free one-click editing tools start now,Social Proof
f is for google move your data to wasabi at a fraction of the cost with all the protection. try free wasabi hot cloud storage,Fear Appeals
banana republic factory imagination takes flight new arrivals from $24.99 shop now,Urgency
exclusivo online saiba mais panvel bem voce. voc bem.,FOMO
high-performance with the latest pistols gen5 technologies from glock learn more lock perfection gen 15,Exaggerated Claims
lifelock by norton it can be easy to steal your identity. help protect yourself. save up to 25% terms apply,Fear Appeals
dynatrace 4x more 5-star reviews than new relic. leader spring 2022 see why,Social Proof
peacock premier league stream exclusive matches live sign up now,FOMO
university of san diego lead the eeeeee intel digital defense earn your m.s. in cyber security operations and leadership 100% online learn more ee,Social Proof
"technical demo r series devops platform demo learn how to create, test, and deploy machine learning applications using gitlab kubernetes register now",Urgency
nike air force 1 shop nike.com,Authority Manipulation
aroma a perfume as unique as your fingerprint. costa brazil followmyscent shop now,Urgency
memorial day aarp limited time offer $9 when you sign up for a 5 year term per year join now,Urgency
kids air force 1 shop nike.com,Authority Manipulation
insurance for visitors to the us get quote visitorplans.com insurance that travels with you 1-855-5-visitor 1-510-353-1180 info visitorplans.com,Fear Appeals
tempur-pedic to save yd $500 on select adjustable mattress sets shop now select adjustable mattress sets only. lesser savings may apply. learn more at tempurpedic.com.,Urgency
tuza just about everything for reloading midway shop now,Urgency
university of san diego kr -11 201 spe pdae na 11 secure your future earn your m.s. in cyber security engineering in-person or online learn more,Fear Appeals
ch university of san diego police be a force for change earn your m.s. in law enforcement public safety leadership nationally ranked 100% online learn more,Fear Appeals
columbia university m.s. in human capital management learn more,Social Proof
redesigned with all of us in mind stericup e steritop e sterile filters- evolved with an eco-conscience learn more millipore sigma m m millipore,Authority Manipulation
tony award nominee best play steppenwolf s production of the minutes n by tracy letts directed by anna d. shapiro a play by buy tickets critic s pick,Exaggerated Claims
dynatrace more satisfied customers than new relic. leader spring 2022 see why,Social Proof
cabela s hornady must-haves shop now the worl leaser lancedy,Urgency
hiscox business insurance experts tailored business insurance for janitors get a quote under by ch company in,Fear Appeals
vampire blood hunt dominate the night play free now. pss steam mature 17 m content rated esrb,Social Proof
centre aery for sport. for fun. for everyone. learn more lock perfection,Exaggerated Claims
yellowstone all 4 seasons streaming exclusively peacock stream now,FOMO
mun pre suivecti mma strivectin lift peptight- t dikey whe strivectin new for neck peptight tightening neck serum roller visibly firms skin smooths neck lines shop now,Urgency
bergdorf goodman gifts lor him shop now,Urgency
from academy award nominee mamoru hosoda belle belle i miss you belle whols belle in theatres jan 14,Authority Manipulation
normal liver n toxic liver dying liver do not ignore these early warning signs 2 is scary,Fear Appeals
america s register now! 9 hey ta 1234 2021 y1 swag,Urgency
"ridge meet the ridge. a slim, rfid-blocking wallet designed to streamline. shop now your wallet 1 our wallet",Urgency
from academy award nominee mamoru hosoda belle ime you meaning studio chizu miss you belle whols belle in theatres january 14 cha be gkids,Authority Manipulation
bergdorf goodman give exi t lo ordinary shop now,Urgency
o kiwico the gift they unwrap all year long shop now,Urgency
shein wear your wonderful aaaa free return shop now,Urgency
trusted housesitters next time you go away he ll be cared for like a king ? join today,FOMO
a justfashion now up to 45% off shop now,Urgency
wizarding world harry potter bano 1 hot topic shop now,Urgency
"free guide blunder 10 mismanaging retirement withdrawals you ve accumulated a large nest egg, making the wrong withdrawals could put your retirement at risk. if you have a $500,000 portfolio, you should read 13 retirement investment blunders to avoid. fisher investments learn more",Fear Appeals
join the heart of health care as a pharmacist at cvs health. sign-on bonus available in select markets. apply now cvs health.,FOMO
put a subscription kiwico under the tree. shop now,Urgency
"trusted by 130,000 pet lovers worldwide join us trusted housesitters",FOMO
dying liver do not ignore these early warning signs 2 is scary,Fear Appeals
get trade in value instantly! 29 steven shop now,Urgency
smoothglo the only bundle you need to launch your aesthetic practice lumenis join the the smoothglonation,FOMO
trusted housesitters next time you go away she ll be relaxing like royalty join today,FOMO
"onewheel introducing pint x higher performance, longer range, same fun size. new shop now",Urgency
save $2 on any one 1 nature made letters or multivitamins at publix click here pharmacist recommended nature made c gummies 250 mg stary sp gummies,Authority Manipulation
brilliant earth ethical engagement rings brili int shop now rth,Urgency
"35th anniversary studio ghibli fest 2021 castle in the sky from academy award-winning director hayao miyazaki in theaters november 14, 15 18 buy tickets studio ch fathom events gkids",Authority Manipulation
normal liver toxic liver dying liver? most people notice this too late. 4 warning signs 2 is scary!,Fear Appeals
cvshealth. for join the heart of health care as a pharmacist at cvs health. sign-on bonus available in select markets. apply now,FOMO
chewy flash deals snag today s deal on the perfect gift. shop now o howy lovers sh. wher,Urgency
75 soft clouds black friday zolucky up to 50% off shop now,Urgency
ready to join sunday service safely? get up. get out. get vaccinated. find a vaccination site near you click here,FOMO
settlement group pay your medical bills sell life insurance policy for cash neur em,Fear Appeals
zolucky soft.clouds up to 55% off shop now,Urgency
di personalized solar system apparel shop now spacetime coordinates spacetimecoordinates.com,Urgency
disney vay beast 30 year hor 3 hot topic shop now,Urgency
monday sales crm stop taking on work crm should do for you sales pipeline vice deals show me how built on monday.com,Authority Manipulation
protect your tickets with ticket insurance allianz,Fear Appeals
"www get the look of wood, without steel log siding the maintenance. trulog 970-646-4490 trulog siding.com",Authority Manipulation
004 2400 mapping digiworld private limited 404 400 sien pap wows 10 pincode boundary maps contact details 91-8929683195 sales mapsofindia.com,Authority Manipulation
follow the trail with national geographic s trails illustrated maps,Social Proof
new! 10- 20-gallon grow bags perfect for outdoors bio36 wid bio365 get more info use priority access code outmxy bio365.com outdoors,Exaggerated Claims
new! 10- 20-gallon grow bags perfect for outdoors get more info use priority access code outmxy bio365.com outdoors. bio36 bio365,Exaggerated Claims
"if you want to see exceptional heart care, look closer. learn more owensboro health heart care",Exaggerated Claims
"edward jones go cyclones! mkt-5894n-a ryan c kent, cfp , chfc , abfp financial advisor 1411 first avenue south fort dodge, ia 50501-4950 515-576-2771 edwardjones.com",Authority Manipulation
"cottage lakefront living show grand rapids foo march 24-26, 2023 get tickets at grcottageshow.com",Urgency
limited time offer! 6 months of local news for just $2. republic subscribe now,Urgency
everlight solar voted minnesota s best solar installer s best tesla energy certified installer everlightsolar.com,Authority Manipulation
region s premier outpatient joint replacement program schedule now benefis health system,FOMO
that conquer the day feeling learn more orgain organic protein s21 o orgain organic nutrition orgain,Exaggerated Claims
download the mysql editor with the highest user satisfaction for free. rated 1st place on g2.com 4.6 5 dbvisualizer,Social Proof
free trial course for new ccei users! soc111 children and grief valid until 3 31 23 enroll here! childcare education institute a straighterline company,Authority Manipulation
free trial course for new ccei users! soc111 children and grief o enroll now! valid until 3 31 23 childcare education institute a straighterline company,Authority Manipulation
america innovate transform our future discover more about our dii r d funding awards up to $500k,Exaggerated Claims
powell electric delleleg we ll fix it... powell in a flash! electrical repair experts ca license 631836 schedule an appointment 800-896-5797,Authority Manipulation
powell electric we ll fix it... in a flash! electrical repair schedule an appointment 800-896-5797 experts ca license 631836,Authority Manipulation
first alertz certified by weathe rate most accurate forecast,Authority Manipulation
your new car alternative! better price better warranty better service explore now! g.o. crivelli,Urgency
your new car alternative! explore now! g.o. crivelli lifetime better price better warranty better service,Urgency
iafscertification.com i.a.f.s. international association of fitness sciences the cutting edge in lifestyle training 14,Authority Manipulation
new funding for child care in nevada more families now eligible. apply today! learn more,Urgency
"european molecular biology laboratory job opportunities in the life sciences ...in france, germany, italy, spain and the uk embl",Authority Manipulation
"casino night sponsored by community care rx support rise life services, an organization that helps those with physical mental disabilities. 631 339-3293 april 20,2023 6pm-10pm giorgios, baiting hollow 7 games, food, music drinks! tickets $100 join us!",FOMO
complex community present for you. newswest 9 best of the basin 20 23 best credit union,Exaggerated Claims
our record of cancer breakthroughs is why dana-farber is one of the largest recipients of nih funding. learn more dana-farber cancer institute,Authority Manipulation
are un est. 1994 universal coin.com condition census coins low bullion prices fast shipping trusted expert industry leader shop now 1.800.ucb.gold,Urgency
p competition products 800.233.0199 products.com lowest price guarantee free shipping standard ground shipping continental u.s. call for details.,Social Proof
varie bale premier protein 100% whey protein powder 309 150 1 protein c sweeten the journey 30g 150 19 calories sugar proton shop now,Urgency
aki central florida community arts celebrating 100 years of the walt disney company with disney-themed programming!,Social Proof
"time for a dunkin run great deals on food with the purchase of a medium or larger coffee order now du $1 $3 offer valid on sausage, egg and cheese sandwich only. excludes specialty donuts and foncies. price and participation may vary. limited time offer. exclusions and terms apply. $2",Urgency
"time for a dunkin run great deals on food with the purchase of a medium or larger coffee order now $2 dunkin $3 $1 offer valid on sausage, egg cheese sandwich only. excludes specialty donuts fancies price part. may vary. limited time offer. exclusions and terms apply.",Urgency
omni pga frisco discover the new home of modern golf. book now,Urgency
omni pga frisco be one of the first. opening may 2023 book now,Urgency
transforming trauma and navigating overwhelm with author laura van dernoot lipsky sign up free event may 4 parent ed talks,Exaggerated Claims
"the habits of highly effective adolescents with christine carter, ph.d., and laura kastner, ph.d. sign up april 18 parent ed t a i k s",Authority Manipulation
"parent ed transforming trauma and thursday, may 4 talks navigating overwhelm sign up with author laura van dernoot lipsky free webinar",Exaggerated Claims
pathees get our free study guide series books of the bible featuring reflections from 12 of the most popular and powerful books of the bible. .......... .......... holy bible get started,Urgency
gillette labs patriots with exfoliating bar do effortless shaving in one efficient stroke 2022 the gillete co. llc,Exaggerated Claims
a spotify exclusive pedestrian daily your fresh dump of morning news only on spotify,FOMO
personnel today webinar crafting a compelling employer brand lessons from professional services 16th march 2023 11am 8 issza register now tmp.worldwide,Urgency
"peppy webinar 30th march, 12 00-12 30pm lessons learnt from international women s day register now",Urgency
personnel today webinar crafting a compelling employer brand lessons from professional services 16th march 2023 11am du ista tmp.worldwide register now,Urgency
pittsburgh magazine s women business awards april 12 5 30-8 pm national aviary s bank yy presenting sponsor the children s institute,Authority Manipulation
exceptional reliability since 1979 robinson. helicopter company,Exaggerated Claims
tipstrr. get the best free football tips in your inbox every day sign up free,Exaggerated Claims
"march is here. it s time to play! hoops frenzy if your teams win, so could you! register now! play starts march 15! sc picks brought to you by bud light. gharleston beer works ist 2002",Urgency
suporan good health begins with great primary care voted best clinic or medical group locals river health 970.625.1100,Exaggerated Claims
courier leader sentry ppost southern maine weeklies news a little closer to home. your community news published weekly. access your epaper here,Social Proof
"psychview psychiatric times expert perspectives on the unmet needs in the management of major depressive disorder watch now! new, 10-part series",Authority Manipulation
vorte into the vortex two charles e. gannon 9781982192471 $26.00 us $34.00 can a little bit of knowledge can be a dangerous thing book two in the vortex of worlds series click to read an excerpt. on sale 3 7 baen,Fear Appeals
"biogaia. there s good bacteria, and then there s the best bacteria. julia biogaia prode for gums and teeth e actre order free patient samples",Exaggerated Claims
73 velos lbp full-auto rated low back pressure no barrel restrictions silencerco,Social Proof
skunk i haze afghan northern lights mmm c genetics com gsee grow with the originals! agseedco.com,Authority Manipulation
"rotowire the most award winning site in fantasy sports get customized rankings, tools and advice for your leagues. join now",FOMO
join fmca today protection peace-of-mind and money-saving rv programs. fmcassist roadside rescue fmca s tire savings program fmca your ring panky view benefits,FOMO
"click now for $3 off your 1st online order cagney s kitchen the neighborhood s best kept secret 215 n salisbury ave, granite quarry located beside gq police station 980 332-0220 cagneyskitchen.com",Exaggerated Claims
"sale can we stay ahead of theft? loss prevention tactics to navigate the storm solutions by sector webinar security lacet april 19, 2023 2 pm edt",Fear Appeals
"zerotrust strategies summit security summits tad true security summits function logo virtual events sunction loc 16110 register now error m 4 80a? wednesday april 12, 2023 fl",Urgency
institute of theology ai.edu ccee engage your catholic faith. transform your community.,Exaggerated Claims
free webinar vanta presents ? vanta security and compliance is your business at risk? thursday 16 march 2pm aedt register now,Urgency
o free webinar vanta presents vanta security and compliance is your business at risk? thursday 16 march 2pm aedt register now,Urgency
ready to join the ranks of certified executive coaches in 2023? get certified this april in san mateo via an an icf level 1 2 coach training program. raise the quality of your coaching. for executive coaching learn more sign up,FOMO
"slbatt best solution lithium battery residential battery storage tier one, a cell composition . modular design, easy expansion ul standard battery pack . compatible with 48v inverters slbatt 13 sl batt",Exaggerated Claims
"lyons optometry where your intake is a conversation, not a form on a clipboard. dr. kimberly lyons schedule your appointment today!",FOMO
auto loan rate sale now - march 31! redwood credit union apply today,Urgency
000 audi. the official luxury vehicle of sporting kansas city. sporting,Authority Manipulation
"industry exclusive event mar. 22-23, 2023 9am - 5pm 18 hawai i hotel restaurant show this show is powered by star events hawaii convention center pre-register now!",Urgency
penn state startup week powered by pnc register to attend march 20-24 startupweek.psu.edu pennstatestartup pennstate register now,Urgency
im motzea find your perfect cottage at retreatstate college.com the retreat,Exaggerated Claims
seat geek get tickets to st. louis city sc seats find tickets,Urgency
"stars stripes. 15 years in afghanistan the story of the u.s. military s role in afghanistan, as seen through the eyes of stars and stripes journalists. and $14.99 with free shipping stars stripes 15 years in afghanistan order now",Social Proof
med enzo custom this is true custom suits from $495 shop now,Urgency
"cultivating the floral community floriexpo may 31 - june 2, 2023 fort lauderdale convention center fort lauderdale, fl learn more",Social Proof
decapitator subtle to extreme saturation $199 35 mambal prih -decapitator- bitut soundtoys shop now men,Urgency
experience the spectacle of a new broadway season. season tickets on sale now! straz center photo by mathew murphy for murphymode,Authority Manipulation
mit technology review global insights panel shape the future of tech. join our global insights panel,FOMO
alpena gmc alpena buick gmc serving the sunrise side certified pre-owned,Authority Manipulation
ranked 1 best children s hospital in children s tampa bay hospitals u.s.news ranked in 4 specialties 2022-23 learn more johns hopkins all children s hospital,Exaggerated Claims
the modern network for military spouses learn more about milspousefest events here! the official sponsor of milspousefest events usaa,Authority Manipulation
is your child struggling with spelling? put an end to spelling test tantrums today sur terraaraa alper start your free 14-day trial today theschoolun.com,Authority Manipulation
panoptica the cisco secure application cloud kubernetes security for your cloud-native apps reduce risks. improve visibility. streamline collaboration. get started,Fear Appeals
panoptica the cisco secure application cloud secure your kubernetes clusters try for free,Fear Appeals
"formal elegant, our full-service venue is perfect for weddings, showers, corporate events, birthdays and celebrations... both indoor or outdoor in our lush gardens. now booking 2023 2024 on jantinou event venue clarks summit",Exaggerated Claims
the world s 50 best hotels world s 50 best hotels,Exaggerated Claims
"dear guild members, it s official. you re one of us. the wrap sign up to be invited to exclusive screenings",FOMO
wrap pro unlock exclusive content get started,FOMO
wrappro unlock exclusive content get started,FOMO
lennox air is life. make it perfect sac mechanical heating air conditioning coupon $35 off any service repair of $100 ore more.,Exaggerated Claims
recipes quick easy meal prep ideas beginner-friendly ways to learn how to cook champsdiet.com,Authority Manipulation
fight for air climb 15 years counting may 20th - american family field american lung association. fight for air climb register now do good feel great tmj anthem.,Urgency
fight for air climb 15 years counting may 20th - american family field register now do good feel great american lung tmja v anthem.,Urgency
stay plugged in with your official source of united methodist news um news information visit our website um news fair. faithful trusted.,Authority Manipulation
"bond university gold coast, australia see why bond university is qs rated 5 stars overall register now for our virtual open day cricos providercode cosa provide 2",Urgency
bachelor of science get a double major and start your international career! polytechnique institut polytechnique de paris bx eatles f gration team bx,Authority Manipulation
from 1 new york times bestselling author leigh bardugo king scars of the epic story that began in shadow and bone continues,Exaggerated Claims
learn more texasmutual workers comp insurance,Fear Appeals
epic journeys travel show johnstown and altoona you are cordially invited..... epic journeys amazing memories free admission learn more,Exaggerated Claims
"love music? love tv? share the love. join tunefind to submit songs, follow shows, ask questions, and more... sign up",FOMO
"love music? love tv? share the love. join tunefind to submit songs, follow shows, ask questions, and more.... sign up",FOMO
gogood year ready for anything 3 braking handling grip eagle f1 asymmetric 6 auto express tyre test como co 2022 11 hi tyrereviews.. test winner find out more,Social Proof
best practices in the utilization of preventative testing and screening to optimize men s health listen now patient care,Fear Appeals
check today for daily deals u.s.open lacc 12380 u.s.open top sellers shop now usga shop bs open,Urgency
custom window treatments designed to fit your space 3dayblinds buy 1 get 1 50% off book now,Urgency
"! 3 be it where you re going or on the road, viamichelin has all the hotels at the best prices. michelin viamichelin see more",Exaggerated Claims
"be it where you re going or on the road, viamichelin has all the hotels at the best prices. see more michelin viamichelin c",Exaggerated Claims
spring sale save 50% save 50% off on all reservations! book now! ramada plaza resort suites international drive - orlando,Urgency
injured? we ll fight for you! theaccidentguys your injury attorneys 760 201-1758 our expert attorneys specialize in car accidents and work injuries. talk to an attorney,Authority Manipulation
find your new 2023 ford bronco sport at darling s! ford click to shop now! darling s,Urgency
live newscasts and 24 7 weather streaming on wafb and the 9news app sponsored by our lady of the lake cancer institute,Authority Manipulation
sponsored move-in special! get more pay less for boutique-style senior living,Authority Manipulation
experience watchmaking from 27 march to 2 april 2023 watches andwonders geneva open to the public 1-2 april 2023 click here for more information,Authority Manipulation
"the wcax bracket challenge is back! starting march 13th, make your picks for a chance to win a 60 tv! enter now! sponsored by north country honda dealers",Authority Manipulation
wcbi viewer s choice awards 2023 vote for us! best medical clinic omnis health clinic whole health mind body soul,Exaggerated Claims
2022 silverado 1500 truck season 0% apr for well-qualified buyers chevrolet learn more must finance with gm financial. some customers may not qualify. length of contract limited. not available with lease and some other offers. take new retail delivery by 4 3 23.,Social Proof
kt kentucky trailer a servant leader company we re hiring apply at what we make matters welders assemblers apply at kytrailer.com,Authority Manipulation
join telstra plus. earn points towards devices and more. eligibility criteria apply. find out more t,FOMO
boa h 2023 we value mecklenburg county our community has grown. leam more about your new property valuation. !!reval.mecknc.gov,Social Proof
bleak expectations criterion theatre book now,Urgency
bleak expectations criterion theatre performances start 3 may book now,Urgency
"spring 2023 february 25 - march 19, 2023 parade of homes magazine official guide to canada s biggest and best parade of homes manitoba home buders association free press tour over 120 new homes read now",Exaggerated Claims
teacher the week of meet the teacher of the week wednesdays during witn news at sunrise or click here to visit the teacher of the week web site nc education lottery witn witn.com,Authority Manipulation
waterview casino hotel the official sponsor of wjtv s coverage of the big tournament the big 2wjtv tournament news focused on you,Authority Manipulation
premium wine spirits madison cellars the official sponsor of wjtv s coverage of the big tournament the big 2wjtv tournament news focused on you,Exaggerated Claims
grand opening offers get limited-time introductory specials you won t want to miss. shop now 1 1 cochran buick gmc formerly sweeney,Urgency
basketball challenge play now! sponsored by 1cochran buick gmc cochrancars.com 330-cochran chevrolet,Authority Manipulation
a 2022 wnba aces champions thin champ m r champs wnbastore a fanatics experience shop now,Urgency
"get wowhead premium $2 a month enjoy an ad-free experience, unlock premium features support the site!",Exaggerated Claims
"enjoy an ad-free experience, unlock premium features and support the site! get wowhead premium $200 a month",Exaggerated Claims
"news 3 experts on your side click here to view columbus, auburn opelika experts",Authority Manipulation
u pick em 7 t college basketball pick the perfect bracket win $1 million sign up today,Exaggerated Claims
u pick em college basketball pick the perfect bracket win $1 million sign up today,Exaggerated Claims
heating air plumbing electrical air quality free air conditioner with purchase of furnace for a limited time only 45- 45th anniversary preseason sale book now rlemea wir,Urgency
"emepa we care a touchstone energy cooperative practice safety before, during, and after storms. visit emepa storm center for tips to prepare. hurricane season",Fear Appeals
decanter premium bordeaux 2020 in bottle full overview plus top scoring wines read now,Exaggerated Claims
signs ovoo subscribe to our horoscopes weekly and monthly horoscopes free delivery to your mailbox. . .. ..... .... .... subscribe now .... ..... .... .... .... ...,Urgency
2023 cno naval history essay contest sponsored by general dynamics 571 deadline 31 may 2023 more details here oto cardy 00 0,Authority Manipulation
est tater tot squeals the show ols adaptive golf ooc celebrating all that s good. sponsored by pg ess highmark0 174 gt ahn,Authority Manipulation
"yp the real yellow pages find cheap gas near you! right here in yp app. download now q. gas stations los angeles, ca johnny s gas food rocket gas station cheap gasto ge usa mart gas quick cheap gato go 289 291 291 2914 297 305",Urgency
royal society of chemistry rsc select on-demand access to ground breaking research,Authority Manipulation
medscape trending podcasts in healthcare download now,Urgency
never miss a story subscribe now my best body a chow shel saved her itwa marriage ouding album! wida polk holl growing up royal!,Exaggerated Claims
le my best body! 114 ko never miss a story www rink how she saved he swar marriage album! ums. bausmi dogod minist confo pentums our wedding up royal subscribe now dikey pe,Exaggerated Claims
world report find the best hotel for your next adventure search now,Exaggerated Claims
creative fabrica free -fonts get them today only for a limited time,Urgency
10 athlete wens of the week presented by encova do you know a high school athlete that makes an impact on his or her community? your nominee could be encova insurance s athlete of the week! encova is proud to support central ohio s future leaders. nominate now,Fear Appeals
"w wood county hospital depend on us. join our family now hiring $10,000 medical laboratory scientists small-town community, big-city technology sign-on paid upon hire for eligible positions forbes 2012 america s best-in-state employers",FOMO
best achieved the highest standards for bariatric surgery. hospitals women s choice award learn more bariatric surgery 2023 the center for im weight loss surgery at wood county hospital,Exaggerated Claims
"501 bracket omadness fill out your bracket now for your chance to win $1,000 sponsored by choctaw casinos resorts",Authority Manipulation
e find rare mopar. parts the best place to get hard to find mopar parts 3-,Exaggerated Claims
smart care o design build install repair prevent,Fear Appeals
ttn cotosen up to 50% off shop now,Urgency
"celero powerful payment solutions that drive loan, deposit, and fee income growth for your institution. learn more w",Exaggerated Claims
register now free at-home covid-19 tests 8 free at-home tests free shipping fast reliable tampa bay diagnostic institute is certified under clia clia 10d2238542,Authority Manipulation
clearaudio high endi martesanany 20000 introducing limited edition reference jubilee,Scarcity
revlon new colorsilk digitones intense shine revlon s colorsilk revlon colors revlon colorsilk w pre-ing colorsilk l lorsilk make your move shop now,Urgency
tipstrr. get the best free racing tips in your inbox every day sign up free,Exaggerated Claims
custom window treatments designed to fit your space buy 1 get 1 50% off book now 3dayblinds you ll love the treatment,Urgency
arkansas democrat gazette march mania 2023 college basketball 3-in-1 bracket challenge win$1 million march 12 register now sponsored by 0000 for the perfect bracket oaklawn done money not odovided by the admansas democia-gazette bacincaune arkansasonline.com marchmania,Urgency
arkansas democrat gazette march mania win $1 million for the perfect bracket prize money not provided by the arkansas democrat-gazette 2023 college basketball 3-in-1 bracket challenge march 12 register now sponsored by oooo oaklawn racing casino resort arkansasonline.com marchmania,Urgency
the illustrated art of manliness brett mckay and ted slampyak,Social Proof
"you have the power 43 lawyers on staff powerful injury lawyers one call, that s all! 1-800-call ken over $1.5 billion recovered",Exaggerated Claims
doc lab incorporated we are your answer for in-house urology laboratory testing how can molecular diagnostic tests be reimbursed successfully under the new moldx lcd? 360 991-0755 learn more,Social Proof
doc lab incorporated we are your answer for in- house urology laboratory testing how can molecular diagnostic tests be reimbursed successfully under the new moidx lcd? 360 991-0755 learn more,Social Proof
shop now 8 hookey 2 12 13 10 check out our brand new online store,Urgency
explorers wanted quark expeditions join the next polar expedition,FOMO
honda the power of dreams thinks about the next move. sees further. sees ahead. thinks ahead the new honda sensing enabled city and city e hev book now new city new city e hev,Urgency
honda the power of dreams thinks ahead the new honda sensing enabled city and city e hev book now city city,Urgency
things i ve never asked things i ve never asked my girlfriend of three years about her childhood and high school years by kayla kumari upadhyaya autostraddle join a for just $30 yr and get access to our exclusive content! read now,FOMO
autostraddle a roundtable do we have kids? do we want to have kids? by the team join a for just $30 yr and get access to our exclusive content! read now,FOMO
u.s. airport professional program earn your usap accreditation act north america,Exaggerated Claims
"innovation, performance, value hsu research uls-15 mk2 buying my review sample juan c. ayllon, ayllon media, oct 2015",Authority Manipulation
the state of scientific marketing 23 market report download now azo network,Urgency
brand awareness lead generation content creation create once. azo network media kit 2023 digital marketing advertising solutions for azo distribute forever. download now,Urgency
love to share your opinion? get rewarded with free products and prize draws when you join our panel mumsnet voices,FOMO
klystron the world s most powerful television radar 9 click to view spectrum bn news 9 spectrum,Exaggerated Claims
klystron 9 the world s most powerful television radar click to view spectrum bn news 9 exclusively on spectrum,FOMO
free devotional a quiet time tool for busy moms from focus on the family the jung melalud download now focus family.,Urgency
love to share your opinion? get rewarded with free products and prize draws when you join our panel register mumsnet voices,FOMO
under armour. ua outlet the new season is right around the corner. get the gear you need to get out in front of it. shop now,Urgency
a mountain of entertainment criminal minds evolution 1923 fantasy football exclusively on mount try it free,FOMO
"residential living for adults 55 and older. springopen house the residence at st. john march 15th, 1 00-3 00pm 500 wittenberg way, mars, pa 16046 lutheran seniorlife st. john community 724-687-3372 ask about our move-in specials",Social Proof
2 minute drill cancernetwork engaging expert insights and knowledge on the clock watch,Authority Manipulation
"decamilla capital management, inc. established 1998 knowledge. trust. confidence. duty. an independent money management firm that adheres to a strict fiduciary standard. learn more",Social Proof
"register powerful perseverance je covid read, reflect, and revive your faith this lent national catholic register get 6 free issues",Exaggerated Claims
"miracle, living div duction receive exclusive teachings from cbn each month! become a cbn partner",FOMO
how march 25-26 monster john paul jones arena trucks live glow party hol juth.com,Authority Manipulation
"sj join our team freelance writer lewiston, maine apply now",FOMO
stuck? snap a pic of a study question - get an expert answer fast use chegg study chegg -at! 0.04 x m m p 400,Authority Manipulation
spal automotive usa unrivaled performance spal electric coooling fans,Social Proof
what a win! community america ks open chiefs checking and a high interest savings account get up to $250 apply now offer fer ends mar 19 terms apply minimum deposit required. insured by ncua. dwin k satya visa,Social Proof
churchlaw tax free webinar retirement for church leaders register now,Urgency
best coke. ever? takeataste taste you can t realst ca-cola zero sugar coca-col alused under a,Exaggerated Claims
citybeat best of cincinnati celebration 2023,Exaggerated Claims
your next apartment is a click away. cleveland.com,Authority Manipulation
"the big event is coming back! colorado politics 2023 legislative reception march 23, 2023 brown palace hotel click here to reserve tickets",Urgency
728 boe ticketmaster infl be there for every play. score tickets today. the official marketplace of the colts. buy tickets,Authority Manipulation
u colt for a day sweepstakes indiana farm bureau insurance,Fear Appeals
be there for every play. score tickets today. the official marketplace of the colts. t nfl buy tickets,Authority Manipulation
"backyard poultry the best news for your flock the backyard poultry newsletter provides the top information on poultry health, feed, poultry breeds, and more! sign up for free today!",Exaggerated Claims
the best show in the modular industry returns 2023 world of modular annual convention tradeshow register now save! 3 29 - 4 1 join us!,Urgency
committed to building a stronger workforce. cultivating homegrown talent to keep colorado competitive. santia colorado community college system learn more,Social Proof
rise above... american underca premium steering and suspension,Exaggerated Claims
"cure multiple educated patient myeloma summit saturday april 8, 2023 11 am et 8 am pt summit chair brandon blue, m.d. clinical instructor department of malignant hematology moffitt cancer center learn more",Authority Manipulation
"improving patient lives is not what we do, it is who we are. mh life sciences knowledge that matters explore more",Authority Manipulation
"barbara weinstock lectures on the morals of trade slavery in the economy of the anthropocene lecture by kevin bales march 14 15, 2023, 4 10 p.m. alumni house, toll room uc berkeley campus berkeley graduate division",Exaggerated Claims
it s dangerous to shop alone. dot recs dotrecs offers in-depth reviews of everything worth your cash on the internets. learn more,Fear Appeals
start your day with the best and worst of internet culture. stay in the know with daily dot s internet insider newsletter. learn more,Exaggerated Claims
sathyabama institute of science and technology deemed to be university admissions open 2023 engineering architecture i management arts science i law idental pharmacy nursing physiotherapy apply now,Authority Manipulation
hiring cdl drivers!!! starting driver pay is $33.35 hr costco whollan costco low out-of-pocket cost comprehensive benefits 9 holidays a year!! costco apply today wholesale nominated best of the best frederick campus depot 1052 1053 1996 731,Urgency
"order your dream vehicle today with lamb chevrolet s pre-order program! visit lamb chevrolet spec out your ideal vehicle we ll order it for you! ...it s that easy! most vehicles require a deposit as low as $1,000 to reserve order. see dealer for details. lamb chevrolet shop now",Urgency
custom window buy 1 get 1 treatments 50% designed to fit your space off book now 3dayblinds,Urgency
suivez nous sur youtube stand bellect beranque alberty city cache de la y trywat pen calf duty best of al ops 2 lamelle 2.0 of spee joueur team vitality mour ch quest,Exaggerated Claims
lumix s5 the lumix you ve been waiting for with phase hybrid af shop now lumix lumix s51 lumix pro services we ve got you covered free 3 year warranty,Urgency
lumix s5 the lumix you ve been waiting for with phase hybrid af shop now lumix pro services we ve got you covered free 3 year warranty lumix,Urgency
save up to 15% disney 100 disneyland cdisney at a disneyland resort hotel on select sunday-thursday nights from 3 12 23 to 6 8 23. book now thru 6 5 23. learn more,Urgency
d d dividend.com 20 year- increasing defense contractor reaffirmed in best dividend protection stocks model portfolio learn more,Fear Appeals
o dividend.com are you on the hunt for dividend income? use our industry-leading best dividend stocks list to find top-rated dividend stocks. view now,Exaggerated Claims
"yummy combs a nutriti wellne now safest, most nutritious flossing dog treat nurturing optimal wellness! shop now!",Urgency
2023 the peninsula news best peninsula reader s choice awards vote vote now thru march 26th,Exaggerated Claims
"ee times electronics news advanced automotive tech forum 2023 virtual event march 28-30, 2023 register now",Urgency
"eetimes power electronics news a roadmap to next-generation electric autonomous vehicles virtual event march 28-30, 2023 advanced automotive tech forum register now",Urgency
mornsun new generation 35-350w ac dc smps - lm-r2 series ce cb 8 compact size cost-effective high quality contact now,Urgency
enid s nw oklahoma s longest running readers choice awards! best readers choice awards enid news eagle 2023 coming soon!! nominations begin may 2023!,Exaggerated Claims
best readers choice awards enid news eagle p 2023 enid s nw oklahoma s longest running readers choice awards! coming soon!! nominations begin may 2023!,Exaggerated Claims
"motorway need to sell your car? get your best price from 5,000 dealers sell your car",Exaggerated Claims
fiba we are basketbal official timekeeper t tissot shop now,Urgency
matjack matjack f r series when failure isn t an option! steel and kevlar 120psi. 150psi. 175psi. best 5 year warranty made in the usa,Exaggerated Claims
firefighter stairclimb leukemia lymphoma society climb conquer cure,Exaggerated Claims
"ufhealth university of florida health complex neurological condition? when others can t, we can. neuroscience institute",Authority Manipulation
drug prices got you down? never pay inflated drug prices again! $80% save up to on prescription drugs. click for details 1-888-791-3784 planetdrugsdirect.com,Authority Manipulation
tom sinas voted best personal injury attorney in grand rapids best of grand rapids 2020-21 readers p s sinas dramis since 1951,Exaggerated Claims
we ll find the doors for you you decide which one to open find your next job medjobboard.com,Authority Manipulation
a little bird told me to... fall for arlo during our up to 20% off autumn sale. as the nights grow longer it is time to protect your everything with big savings on selected products. time offer t limited up to 20% off rrp 6.22 march learn more arlo arlo protect your everything k,Fear Appeals
"boardingarea all of the best frequent flyer blogs, all in one place. download on the app store get it on google play ding",Exaggerated Claims
free ebook strengthen your marriage today with this free resource from focus family download now kelnamey nine questions to ask your spouse to your me,Urgency
plan your child s future british boarding schools show hong kong singapore march 23 march 25 register for your free tickets now at schoolsshow.com,Authority Manipulation
00 neighbors antile co. neighbors -mercantile co thank you for voting for us! best sporting goods and runner up for best gift shop 111,Exaggerated Claims
l to my husband owl always love you unlock all premium designs features go premium,Exaggerated Claims
digitaltrends nel the best shows on netflix right now t of duty tv p d read more,Exaggerated Claims
"offshore hology confere 1-4 may 2023 nrg park, houston, texas, usa ......... ............... 2023.otcnet.org do you want to join the conversation with the brightest minds in offshore energy? yes, i want to attend offshore technology conference 2023",Urgency
now hhow skincare for your zip code weekdays 7-8am kgmb k5 hinowdaily.com sponsored by pour moi climate-smart,Authority Manipulation
curated selection and 365-day returns. shop now a headphones.com,Social Proof
get our nutrition newsletter expert advice right in your inbox sign up healthline,Authority Manipulation
"port gamble weddings events grand wedding showcase tour our venues enjoy a number of local industry vendors april 23rd, 2023 11am to 3pm rsve with us at portgambleweddingsoraydient.com",Authority Manipulation
new silver 100 limited edition own a piece of history 899.00 -2022 select stereone applause kan waris award monitor audio available exclusively from sevenoaks sound vision stores nationwide sevenoaks 50 sound vision,FOMO
marvel studios captain marvel stream exclusively disney start free trial 2019 marvel,FOMO
start 3 easy steps 1 click start 2 download shopping extension 3 apply coupon codes! capital one shopping bestpromocodes.co,Exaggerated Claims
white labs pure yeast fermentation the vault release the yeast exclusive strains. limited release.,FOMO
"find foreclosures, short sales, auctions and bank-owned homes up to 50% below market value! note stock image register to get access to the best deals in your neighborhood! start 30-day trial today!",Exaggerated Claims
"find foreclosures, short sales, auctions and bank-owned homes up to 50% below market value! start 30-day trial today! register to get access to the best deals in your neighborhood!",Exaggerated Claims
secure lowest prices without price trackers startpage search privately,Fear Appeals
empower a kid in your community today. learn how l ze zlifii big brothers big sisters. of america 95,Social Proof
advertisement gun violence is preventable when you know the signs . sandy hook promise learn more,Fear Appeals
"ford truck built ford tough lmonth 2023 ford ranger truck great trucks. great offers. optional equipment shown. recreational equipment not included. always consult the owner s manual before off-road driving, know your terrain and trall difficulty and use appropriate safety gear. learn more",Fear Appeals
reviewgeek o 2 a w r sdf- c 5 cheap ways to back up your data read more,Social Proof
the 7 best raspberry pi alternatives presented by reviewgeek tp34 tp23 tps find out more,Exaggerated Claims
"home furnishings get the best4less furniture, appliances, and mattress savings! special furniture financing available for up to months on approved credit see store for details 24 learn more",Exaggerated Claims
ls lspr institute of communication business postgraduate programme s2 faculty of communication professional programme blended learning programme one year programme enroll now registration.ispr.edu more info 0817 1717 1992,Authority Manipulation
insurance research council affiliated with the institutes research publications auto insurance telematics consumer attitudes and opinions purchase now,Authority Manipulation
"free bi-weekly newsletter! imaging resource get in-depth reviews backed by exhaustive lab tests, as well as extensive coverage of photo news in your inbox every other week. imaging resource sign up today!",Social Proof
highly skilled doctors. leading-edge care. peace of mind. this is the place skill built. w health official healthcare provider of the indianapolis motor speedway,Authority Manipulation
india vs australia test series indiatv indiatvnews.com,Authority Manipulation
"bloom together 23 loomsday 1023 last chance for discount price $28 entry fee virtual option also available bloomsday- 2023 bloomsday 2007 otesor 11333 sunday, may 7th click here",Urgency
"faster forward 11,h faster forward from northern trust asset servicing listen now northern trust brings you stories, insights, and lessons learned from leaders and innovators that are transforming their industries. music google podcasts spotify",Exaggerated Claims
"faster forward from northern trust asset servicing brings you stories, insights, and lessons learned from leaders and innovators that are transforming their industries. music google podcasts listen now spotify fuw northern trust faster forward",Exaggerated Claims
up to $100 off roundtrip flights to ireland. travel 4 1 23-5 31 23 9 1 23-11 30 23 terms and conditions apply ta aer lingus aer lingus book now terms and conditions apply,Urgency
we can t wait... aer lingus book now terms and conditions apply,Urgency
ems rig wheeled coach sponsored by powered by fire apparatus -jems emergency equipment. premium resource for all things ambulance jems click here,Exaggerated Claims
on-the-go power must-have laptops members save up to an additional 10% on select latitude laptops dell technologies windows 11 latitude 9430 shop now dell technologies recommends windows 11 pro for business.,Urgency
in an accident? bite back clark the shark 833-88 shark accident injury attorney clarkthesharklaw.com,Authority Manipulation
now hiring certified electricians d k. tunt electric over 25 years serving the south plains 806-866-9911,Authority Manipulation
play now! basketball challenge sorraid wings ba list wing it sponsored by,Authority Manipulation
basketball challenge play now! sponsored by original wings just wing it,Authority Manipulation
"the huddle seat watch the huddle live on kgun s facebook and twitter, tuesdays at 3 00pm sponsored by desert diamond bar sportsbook",Authority Manipulation
every $5 you donate buys 1 book for a child in our community. donate today proudly sponsored by rx centers one-on-one brain training if you give a child a book scripps howard fund,Authority Manipulation
res boogie down to boofy s for some groovy deals! paseo golf course cutler 1-40 san mateo 0 boofy s best for pets,Exaggerated Claims
boofy s best for pets when only the best will do! b boogie down to boofy s for some groovy deals! paseo golf course cutler 1-40 san mateo click for info,Exaggerated Claims
"industry week best plants the winner johnson controls, inc. norman, ok",Exaggerated Claims
private internetaccess always use protection the fastest vpn vpn for all of your devices visit site,Fear Appeals
acronis healthcare has evolved. your it should too. discover cyber protection get protected,Fear Appeals
win a basketball challenge $250 bracket game gift card play now! sponsored by subaru of portland,Authority Manipulation
win a basketball challenge $250 bracket game gift card play now! sponsored by parr total home building source,Authority Manipulation
basketball challenge bracket game win a $250 gift card learn more sponsored by oregon dungeness crab parr total home building source subaru of portland,Authority Manipulation
"super fan rewards program spend $1 for 1 point watch for double point weekends get points on your birthday refer friends to shop and sign up k-state super store official retail partner of k-state athletics 520 mccall road manhattan, ks kstatesuperstore.com",Authority Manipulation
thank a nurse say thank you nominate a nurse who has made a difference. sponsored by coo mcwilliams ktre 9,Authority Manipulation
not just a home. a village. join the only urban jewish cohousing project in america. currently accepting new families. find out more. berkeley moshav,FOMO
your music production one-stop shop yo best service,Exaggerated Claims
be an adoptive home for athena and other children in foster care learn more about adoption susan s kids sponsored by brandon steven motors,Authority Manipulation
be an adoptive home susan s kids for athena learn more about adoption sponsored by brandon steven motors,Authority Manipulation
a prepare for the temple db deseret book shop now,Urgency
get the very best for your valentine. shop now etsy excess,Urgency
streaming now hometown tragedy crimes that change a community v very local download free,Social Proof
amazon.com gift cards happy birthday privacy a amazonkindle congratulations! a millions of items. no expiration. shop now amazon.com,Social Proof
pita chips official partner surdance funteste stacy s pita chips presents rise stacy s pita chips is a proud sponsor of the sundance film festival watch now,Authority Manipulation
41718 turn comments into community while increasing engagement request a demo insticator,Social Proof
best big tall tees starting at just $13 spy,Exaggerated Claims
decanter fine wine encounter nyc saturday june 10 2023 don t miss out on this incredible wine tasting experience in nyc vogue,FOMO
etsy get the very best for your valentine. shop now she,Urgency
boardingarea all of the best frequent flyer blogs in one place. download on the app store earn more points in your sleep with the b... hid get it on google play,Exaggerated Claims
under armour. ua outlet 100s of new items shop now,Urgency
focus family free devotional a quiet time tool for busy moms from focus on the family download now mychechend,Urgency
the best of ios 16 gadget hacks,Exaggerated Claims
"linenspa comfort you can afford linenspa 12,415 amazon.com customer reviews this mattress topper is like sleeping on a cloud...and gives me nice back support too!",Social Proof
nacda zlearfield learfield directors cup nico the crowning achievement in college athletics follow your favorite school during the 2022-23 season ldirectorscup thedirectorscup.com,Authority Manipulation
temu clearance $6.07 shop now new users only g free shipping,Urgency
"boarding area required reading for frequent flyers. boardingarea the best travel blogs in one place weito provident and advice for frequent pers o all of the best frequent flyer blogs, all in one place download on the app store get it on google play",Exaggerated Claims
best big tall tees starting at just $13 le yal spy,Exaggerated Claims
"t know your religious freedom rights pacific justice institute learn your legal rights for sharing your faith for your workplace, school, and public evangelism get my free copy",Authority Manipulation
"want instant savings on the tech you love? retail me not deal finder exclusive offers, cash back more 08 36 980",FOMO
help protect ukirainian families donate now,Fear Appeals
turn comments into insticator community request a demo,Social Proof
introducing u.s.news u.s. news games try your favorite games for free. 5 4 the daily sudoku play now,Social Proof
us.news find the right insurance for you u.s. news ranked the cheapest car insurance companies in 2022. get quote asy,Fear Appeals
u.s. news games try your favorite games for free. 1 00 us.news introducing family feud 8 5 4 the daily sudoku play now mahjong,Exaggerated Claims
stand with ukraine donate to save the lives of millions of children,Social Proof
amazon today s deals shop now,Urgency
u product management executive certificate register now ecornell,Urgency
premium bookish a virtual series featuring conversations with authors. thinkers and performers. southero california news group click to register,Exaggerated Claims
"chain locker universal chainsaw chain storage, no matter where your job site is. learn more tm made in u.s.a.",Fear Appeals
sick poultry chicks america s 7. common diseases you may encounter favorite poultry magazine dangers in the coop keeping was do plus forcon subscribe today!,Fear Appeals
imagine the possibilities design your yurt in 3d pac fic providing award-winning yurts inc modern yurts since 1978 the original modern yurt,Social Proof
continue 1. click continue 2. add extension 3. start converting amazing file converter,Exaggerated Claims
one line a day today s deals shop now amazon,Urgency
decanter premium collector s guide premium whisky the ultimate guide to investing in whisky. gain in-depth knowledge of the market and get advice from our experts. read now,Exaggerated Claims
nacda tion alearfield directors cup maca the crowning achievement in college athletics learfield follow your favorite school during the 2022-23 season ldirectorscup thedirectorscup.com,Authority Manipulation
custom window treatments designed to fit your space buy 1 get 1 50% off book now 3dayblinds,Urgency
custom window treatments designed to fit your space a buy 1 get 1 50% off book now 3dayblinds,Urgency
"a must-have novella from the mega-bestselling creator of the heartstopper series, alice oseman alice oseman f enda nick charlie musi jo",Exaggerated Claims
las vegas awakening get tickets for this new once-in-a-lifetime theatrical experience. buy tickets,Urgency
7 unexpected things renters insurance may cover read more sponsored by lemonade,Fear Appeals
with moisture surgetm 100h hydrator shop now clinique clinique clinique clinique,Urgency
with moisture surgetm 100h hydrator shop now clinique moisture surge 100h auto-replenishing hydrator soin auto-r hydratant 100h aloe vera bio-ferment technology clinique,Urgency
very local streaming now download free hometown tragedy crimes that change a community,Social Proof
bethpage of the best city bethpage federal credit union1 2022 winners have been announced! visit bestofnewyorkcity.com to see winners,Exaggerated Claims
"premium presents everything foodie market naire what you need to know about places, people and gadgets that are stirring up the so cal food scene. click here to register",Exaggerated Claims
"premium bookish a virtual series featuring conversations with authors, thinkers and performers. southern california news group click to register",Exaggerated Claims
"i premium presents everything foodie what you need to know about places, people and gadgets that are stirring up the so cal food scene. click here to register dioris 3-9101010 southern california news group",Exaggerated Claims
2023 best peninsula vote vote now thru march 26th,Exaggerated Claims
2023 the foreles best peninsula reader s choice awards vote vote now thru march 26th,Exaggerated Claims
tacoma ready set go! event ends april 4 buyatoyota.com,Authority Manipulation
bestselling our most popular products - updated weekly! aliexpress shop now,Urgency
help us protect hawaii county families income!,Fear Appeals
innovation in the products and the new packaging! learn more u.s.a. manufactured gordon s since 1924,Fear Appeals
tipstrr. is home to thousands of tipsters with a proven track record sign up free get their tips in your inbox every day,Social Proof
trufuel convenience performance protection empower your equipment 50 1 engineered fuel oil ready to use trufuel trufuel ope 40 11 4-cycle engineers fuel tf3 trupuel visit trufuelso.com for availabilty and details.,Fear Appeals
protect your tickets with ticket insurance allianz 1,Fear Appeals
ho bring on today with global secure networking. learn more comcast business powering possibilities,Fear Appeals
under armour. out 100s of new items let all built to make you better. shop now,Urgency
search rentals in your community rent 666 canada s top rental site search now gottarent.com find a place to rent,Social Proof
"-dsm-5-tr - clinical cases john w. barnhill, m.d. order appi.org american psychiatric asociation publishing m",Authority Manipulation
cl big brothers big sisters empower a kid in your community today. learn how,Social Proof
"cyberark the identity security company secure the stash of application secrets cloud-native apps, devops tools, ci cd pipelines, rpa bots. get secure 8",Fear Appeals
mentor a kid in your community. e zn z learn how l big brothers big sisters. of america san,Social Proof
colorado- avalanche nhlshop.com af fanatics experience d a. shop now,Urgency
"backyard goats be a goat expert! the backyard goats newsletter is a top resource on goat health, feed housing, goat breeds, and more! sign up for free today!",Authority Manipulation
b nhlshop.com af fanatics experience black hawks shop now,Urgency
foston- bruins boston bruins nhlshop.com a fanatics experience shop now,Urgency
"your genesis smart home temperature control, safety, digital assistant, customized lighting, motion sensors all standard. fully installed. 22 genesis builders learn more",Fear Appeals
your genesis smart home standard integrated intelligence in your genesis home genesis builders learn more,Social Proof
vancouver canucks nhlshop.com af fanatics experience vancouver shop now,Urgency
"csb christopher and banks missy petite women fashion that fits! jeans you ll love without sacrificing comfort or price. explore our most popular denim styles in missy 4-16 , petite 4p-16p , plus 14w-24w sizes.",FOMO
raising families the jesus way may raise godly kids today to transform tomorrow shop now,Urgency
"2 the parents m the r parent s battle plan laine lawson craft parents a practical, tried-and-true plan to protect kids shop 30% off free shipping",Fear Appeals
do you want to prevent dementia? this simple trick fights dementia...,Fear Appeals
"original darker, more twisted, and even better coulder criminal minds evolution all episodes now streaming exclusively on try it free",FOMO
healthessentials your health matters got a question? our experts offer answers in health essentials news sign up,Authority Manipulation
b big brothers big sisters. of america empower a kid in your community today. learn how car,Social Proof
"control automation day 2023 industrial iot www tuesday march 14th, 2023 sponsored by m mouser free virtual conference register now",Urgency
defining the smart manufacturing journey roundtable webinar series sponsored by ra rockwell automation watch on demand register now,Urgency
open house friday march 24 9 15 a.m. -1 15 p.m. state university of new york efferson there s more here register to attend,Exaggerated Claims
devils nhlshop.com af fanatics experience shop now,Urgency
digital trends the best office desk chairs learn more,Exaggerated Claims
"control automation day 2023 industrial iot tuesday march 14th, 2023 sponsored by m mouser electronics d register now",Urgency
daily pakistan mobiles.dailypakistan.com.pk mobiles prices reviews latest news compare smartphones and gadgets,Social Proof
daily pakistan mobiles prices reviews latest news o compare smartphones and gadgets mobiles.dailypakistan.com.pk set 10 08. 08k,Social Proof
c istdc incredible india the golden chariot penchan journeys available from 2 nights 3 days to 6 nights 7 days of ante sandaler schmack complimentary flight ticket book now and avail hotel stay mmmmm pick-up transfer fe extens marc 10% discount on published tariff p t c apply,Urgency
university of louisville college of business equine industry program enhance your career graduate -15 week horse racing industry business certificate apply today!,Urgency
digital trends the best wireless headphones learn more,Exaggerated Claims
new webinar hub our expertise at a glance find inspiring webinars and helpful trainings on our brand-new hub welcome to the statista web explore now statista,Authority Manipulation
"your tone makes a difference establish rapport with a personal, approachable writing tone. download grammarly g premium m ikhw that could sort of help tone suggestion confident a i have a few ideas that could help. rephrase dismiss",Exaggerated Claims
putting the win in winter get heating supplies fast this season! 2 supplyhouse.com,Authority Manipulation
"get a return rate that s great for your business! campaign period 5 january 2023 until 30 june 2023 terms and conditions apply. a pidm member protected by pidm up to rm250,000 for each depositor. byw sca 2.20 cd ambank click here for more info ambank islamic",Fear Appeals
"paradigm founder series when art embraces science, anything is possible. find my dealer",Authority Manipulation
kbs tgi tour graphite iron kbs tgi 60 kbs tgi 70 kbs tgi 80 the first graphite iron to play like steel. now available in taper tip kbsgolfshafts.com,Authority Manipulation
decanter premium collector s guide premium whisky read now,Exaggerated Claims
introducing well being from the washington post subtract the noise. add the experts. sign up,Authority Manipulation
marketscreener premium follow our three outperforming portfolios in real time,Exaggerated Claims
lowstone cotosen up to 50% off shop now,Urgency
wildgets wsedgets cough less enjoy more wledgets 20%off code ht20 shop now,Urgency
world report us news introducing u.s. news games try your favorite games for free. 602 8 the daily sudoku 5 4 family feud mahjong fen play now,Social Proof
grab top titles for free! up to $100 just pay shipping handling 3.bok moxazarobaronala people allrecipes the making queen bellertlomies better homesank e doit yourself harry s d a house take it outside! www shop now under de 20 gold your outdoor oasis pxltimo prost,Urgency
friskies 3 pack party mix yums commen 3 beggin treat your lucky pet. get their faves with curbside pickup. shop now fees may apply.,Urgency
"read nick and charlie, a must-have novella from the mega-bestselling creator of the heartstopper series nok chan b 3 3",Exaggerated Claims
n nhlshop.com af fanatics experience shop now,Urgency
la la kings nhlshop.com af fanatics experience shop now,Urgency
millions of kids are growing up without a mentor. become a big today. learn how l big brothers big sisters. of america 95,Social Proof
"boardingarea all of the best frequent flyer blogs, all in one place bardingarea in download on the app store get it on google play",Exaggerated Claims
2 y tickets to india serving indians globally! usa to india cheap flights new year deals save big on flight tickets to india call 1-585-948-0222 unpublished deals book now,Urgency
pisalin asmaraloka solopos fashion 0811-2766-330 pisalin official outlet griya solopos jl adi sucipto 190 solo,Authority Manipulation
innovative on land. exceptional at sea. austal usa,Exaggerated Claims
the best way to learn songs! lessons include guitar tab backing track video instruction plus tempo control minus guitar minus band looping click track guitar instructor.com,Exaggerated Claims
wmp nps foundation u.s. naval institute annual essay contest sponsored by the naval postgraduate school deadline 31 march 2023 more details here ono inte,Authority Manipulation
enter the naval institute s enlisted prize essay contest sponsored by usaa deadline 31 march 2023 more details here ed die 419,Authority Manipulation
ixjo temu clearance $6.07 free shipping shop now new users only,Urgency
oilers nhlshop.com af fanatics experience oilers shop now,Urgency
nhlshop.com af fanatics experience x shop now,Urgency
playbill dear hansen playbill playbill playbill playbill playbill 532 playbill playbill the lion king playbill ain t proud come see how the world could be hadestown lor cap frozen ba protect display it playbillstore jam tatia,Fear Appeals
nhlshop.com af fanatics experience withhill smashville 3 shop now,Urgency
1010110 one bring on today with global secure networking. learn more comcast business powering possibilities,Fear Appeals
"usa today sports get the usa today sports mobile app get award-winning journalism, photos and videos. same great content, all ad-free. customize your alerts in the for you section. download the app",Social Proof
new york rangers nhlshop.com af fanatics experience new york rangers shop now,Urgency
can read! book club the book club for early readers 50% off 5 books to start join now use code read50 can read! k the pete cat gors camping,FOMO
detroit bed wings nhlshop.com af fanatics experience shop now,Urgency
temu shop now $6.07 new users only free shipping,Urgency
1994-2004 ford mustang double adjustable caster camber plates $204.18 easy adjustment for street and race applications full lifetime warranty to 20000 lg 60 products hotpart.com,Authority Manipulation
nhlshop.com af fanatics experience dal hockey shop now,Urgency
world report find the right insurance for you u.s. news ranked the cheapest car insurance companies in 2022. get quote,Fear Appeals
ditt don t miss the milesplit50 see our rankings,FOMO
2 easy steps 1. click download now 2. add interesting facts for chrome download now interesting facts,Urgency
g google rating 4.9 based on 227 reviews trident ffunding specialists in marine finance apply now,Social Proof
bestselling our most popular products - updated weekly! aliexpress oh shop now,Urgency
sequoia out back experience the ultimate in outdoor living space into sequoia click for info,Exaggerated Claims
barcelona crew academy pent tra yachts advanced service module - silver service book now now available on academy by ephemeris . tele,Urgency
"experience the monaco grand prix onboard coral ocean all-inclusive packages from 5,000",Authority Manipulation
the marke the state of yachting 2023 download now,Urgency
the state of yachting 2023 the state of yachting download now,Urgency
best in customer service randall lumber hardware not in z cp,Exaggerated Claims
"small business insurance, locally sourced. state farm contact me wanda lucero, agent 211 kit carson road",Fear Appeals
experience the future of commerce shift4,Authority Manipulation
best sunsets in town sociable cider werks -esto. -2013- sociablecider.com,Exaggerated Claims
sandals royal cura ao where amazing comes together book now,Urgency
free 7-day trial watch ovid.tv m only on ovid tilda swinton three films with john berger an art critic for the people. - the paris review,Social Proof
"aws aws data insights day 2023 unlock value, unleash insights in uncertain times with amazon redshift virtual event wednesday, may 24 9 00 am - 3 00 pm pt register now",Urgency
lower bucks hospital roxborough memorial hospital suburban community hospital members of prime healthcare pennsylvania region saving lives takes time,Social Proof
s sharefile effortlessly manage your clients files with sharefile - perfect for accountants. learn more,Exaggerated Claims
don t get burned by paying too much. we ve saved members thousands on their insurance premiums. city credit union get started,Fear Appeals
"work the way you want use any device to securely access your files, share data and create time-saving workflows. try free for 30 days s sharefile",Fear Appeals
"customer contact week ccw celebrating 25 years june 19-22, 2023 caesars forum, las vegas join ccw headliner mark king ceo, tacobell learn more",FOMO
"for a limited time, get with our 09-month see website for disclaimers mcb",Urgency
zoom star of the may 2023 asees kaur best of her songs all this month tune in now,Exaggerated Claims
nagasaki prefecture nagasaki is vibrant after hours. discover the best nocturnal activities and lively eateries for unforgettable memories when exploring the prefecture at night. 2 runo 5 a,Exaggerated Claims
yes you may sales event monroe superstore it s the season. dodge kop 2023 chrysler d pacifica touring l shop now $298.mo lease only,Urgency
"limited time offer save your clients up to $9,500 50% solo savings on antarctica 2023 until june 30 11 see details abercrombie kent luxury expedition cruises",Urgency
"deliverycon fleet uptime. efficiency register early and save $100! october 16-18, 2023 las vegas 4 register now!",Urgency
continental the future in motion d the new continental premiumcontact 7.,Exaggerated Claims
usta mid-atlantic 10 years celebrating 100 years of tennis with you! join in,FOMO
lightinthebox esse up to 70%off shop now,Urgency
qualitest score more quality points with expert software testing. let s talk $390.42,Authority Manipulation
rock shoh confidence changes everything sm all top rockshox.com.,Authority Manipulation
icing on the ring located in the l.a. jewelry district visit our showroom,Fear Appeals
on the living road sponsored by ted russell knoxville ford live in seviervile friday 3 00pm lincoln abc on your side wate-tv,Authority Manipulation
on the living road east tennessee sponsored by ted russell ford ling lincol live in seviervile friday 3 00pm abc on your side wate-tv 6abe on,Authority Manipulation
gear up and get outside bike hike run camp ski explore montpelier vt onionriver.com,Authority Manipulation
magnolia bank fdic discover the ease of community banking with a mobile checking account mobile deposit. experience the magnolia way,Social Proof
unity house empowering lives. securing futures. join the unity house team! up to $19.50 per hour paid leave excellent benefits click here,FOMO
high-speed rail now to south florida on sale brightline book now,Urgency
nichols electric plumbing handyman services nichols 585-427-9310 or 1000 google reviews over click here 5 out of 5 stars,Social Proof
"spring cleaning sale house of oak sofas duke s plaza, south main st. harrisonburg houseofoak.com",Authority Manipulation
find better campgrounds. get exclusive access to better reviews. 1 rvtrip wizard,FOMO
"educators credit union credit unions have member-owners, not customers. learn more insured by ncua",Social Proof
witin first tooth photo contest submit your child s first tooth photo! z sponsored by greenville kids dental,Authority Manipulation
". . day save over $1600 sale 4 piece package $2899 uf plus tax model fumm3. poress good things, for life. ge appliances ce cf chavis chickasaw furniture appliance lucedale buy now model gne27jymfs model jb645rkss modelagdt550pyrfs",Urgency
"vlrn science featuring ira flatow miami south florida friday cephalopodweek university of am rosenstiel school of marine atmospheric earth science friday, june 23 7pm",Authority Manipulation
we provide resources to help victims put life back together again. dps victim compensation services nc department of public safety learn more,Fear Appeals
more perfect season 4 how the supreme court got so supreme. get the podcast wnycstudios,Exaggerated Claims
"built for this awfs fair july 25-28, 2023 las vegas continente las vegas, nevada register now",Urgency
premium subscription wordplays.com streamlined access increased privacy historical data more content faster ad free subscribe,Fear Appeals
"simplifying stoma management there s no mystique to fix the leak may 25th at 1pm eti 1700 utc catherine t. milne, aprn, msn, anp acns-bc, cwocn-ap sponsored by convatec register today!",Authority Manipulation
"get wowhead premium $2 premium features a month support the site! enjoy an ad-free experience, unlock",Exaggerated Claims
the very best for kids. children s hospital medical center learn more,Exaggerated Claims
"summer is here! control your asthma for your bestlife this season! allergy asthu center sinus the allergy, asthma sinus center ...where allergies meet relief o do",Exaggerated Claims
"anderson family heath-anderson funeral homes cremation services inc funtral home cremation services our family caring for yours cambria, huntingdon and blair counties exclusive veterans funeral care provider! veterans funeral care andersonfamilyfuneral.com",FOMO
"anderson family funeral homes cremation services, inc. our family caring for yours cambria, huntingdon and blair counties exclusive veterans funeral care provider! veterans funeral care andersonfamilyfuneral.com heath-anderson funeral home cremation services",FOMO
"leon county press the chest saturday, june 3, from 10 a.m. -12 p.m. all ages event donald l. tucker civic center mergency legn county plund ba medical revics ares learn more",Exaggerated Claims
"leon county- press the chest free cpr training for the community all ages event saturday, june 3 10 a.m. -12 p.m. donald l. tucker civic center click here to register leon",Social Proof
member owned. community proud. florida credit unio florida credit union member or not. community peo! be 4 learn more insured by ncua,Social Proof
fly easy fly gnv gainesville regional airport delta american airlines flygainesville.com book now,Urgency
premium urgent care schedule your visit online premiumuc.com,Exaggerated Claims
premium p urgent care uc schedule your visit online premiumuc.com,Exaggerated Claims
the latest look ashley for your new home shop now l,Urgency
ashley upgrade your new space shop now b,Urgency
sleep deeper. shop for deeper tempur-pedic sleep at ashley. ashley tempur-pedic shop now,Urgency
ashley upgrade your new space shop now 46,Urgency
"save up to $45 tlr 6, 7 8 streamlight midway tr-forts tlm-s ag strevilne shop now",Urgency
get more from ipad combo touch - now for ipad pro and ipad 10th gen logitech shop now,Urgency
"every transaction has a story. welcome to the human side of banking. learn more member fdic 2023, td bank n.a. and or its affiliates. all rights reserved. the td logo and other trademarks are owned by the toronto-dominion bank and used under license. td bank",Fear Appeals
ashley the latest look for your new home shop now,Urgency
ashley say i do to a stylish new look shop now,Urgency
warm tones ashley are trending shop now,Urgency
reach out to a friend about their mental health. learn more you can talk to me. seize the awkward ad gra american foundation -side prevention jed,Fear Appeals
"voyages - 27 santorini, greece airfare credit up to $1200 free drinks per cabin up to $600 book by may 24th book now",Urgency
ashley let the light shine shop now 49,Urgency
the latest look ashley for your new home shop now,Urgency
as low as 4.99% apr for up to 36 months with approved credit by honda financial services learn more honda,Authority Manipulation
ashley update the look of your updated space shop now,Urgency
g drive to win logitech direct drive with trueforce 6 shop now,Urgency
reach out to a friend about their mental health. learn more want to go for a walk? seize the awkward ad foundation suicide prevention jed,Fear Appeals
reach out to a friend about their mental health. learn more something on your mind? seize the awkward ad foundation -suid prevention jed,Fear Appeals
let the light shine shop now ashley,Urgency
"save $45 tlr 6, 7 8 streamlight. midway shop now f tle-bag stavilent",Urgency
ashley warm tones are trending shop now,Urgency
memorial day ashley sale up to 50% off spotlight deals shop now,Urgency
"voyages airfare credit $1200 free drinks per cabin up to $600 -book by may 24th up to santorini, greece book now",Urgency
thousands of teens in foster care can t wait to share their firsts with you. learn about adoption adopt us kids ad,Social Proof
a ashley say i do to a stylish new look shop now,Urgency
ashley upgrade your new space shop now,Urgency
d ashley memorial day sale up to 50% off spot- light deals shop now,Urgency
colowing as low as 4.99% apr honda for up to 36 months with approved credit by honda financial services learn more,Authority Manipulation
dryshod waterproof footwear lightweight. warmth. durability. comfort. protection. dryshodusa.com dungho bamyard tough,Fear Appeals
ashley let the light shine shop now,Urgency
anniversary sale 45% $1508 holland america line onboard credit reduced deposit book now,Urgency
donate pet food one of the many ways you can be a helper in your community. learn more petsandpeopletogether.org ad the humane society council of the m,Social Proof
nybg gardens works by ebony g. patterson may 27-sept 17 get tickets new york botanical garden,Urgency
"relevant topics, expert presenters, live or on demand. listen. learn. enjoy. explore webinars digl-key",Authority Manipulation
get more logitech from ipad combo touch-now for ipad pro and ipad 10th gen shop now mutt cuttis is going mobile,Urgency
insurance for visitors to the us get quote 2 visitorplans.com insurance that travels with you 1-855-5-visitor 1-510-353-1180 info visitorplans.com,Fear Appeals
adopt us kids listen to the new podcast for heartwarming adoption stories and advice from experts. ad council learn more,Authority Manipulation
"santorini, greece 37003 airfare credit. book by may 24th for up to free drinks $1200 up to $600 top voyages book now",Urgency
"cimerli. ranibizumab-eqm injection high quality. cost effective. comprehensive support. discover the distinct value of cimerli cimerli is a registered trademark of coherus biosciences, inc. 2023 coherus biosciences, inc. all rights reserved. 0223-cim-p201",Authority Manipulation
"octavia e. butler s parable of the sower wed-sat, june 28-july 1 buy strathmore tickets",Urgency
a new way to play the cloud xbox geforce now 25 cloud shop now gaming handheld logitech,Urgency
g logitech a new way to play the cloud xbox k geforce now si h cloud gaming handheld shop now,Urgency
air wick new petexpert tackle tough pet odors 24 7 learn more pet vetv approved checked love your pets. not their odors.,Authority Manipulation
memorial day sale up to 50% off spotlight deals shop now ashley,Urgency
ashley update the look of your updated space shop now fea andr,Urgency
up to save $500 select adjustable mattress sets only. lesser savings may apply. learn more at tempurpedic.com. tempur-pedic shop now,Urgency
experience the talon 1000s honda see lineup,Authority Manipulation
elta md trusted by dermatologists elta md skincare uv clear broad-spectrum spf 46 gate 20 www onco pacial sunsch,Social Proof
midway just about everything for gunsmithing shop now,Urgency
"moved and lost health coverage? when life changes, get covered. learn more healthcare.gov limited time to enroll!",Urgency
"cimerli. ranibizumab-eqm injection cimerli now has a permanent q-code q5128 explore comprehensive patient support cimerli is a registered trademark of coherus biosciences, inc. 2023 coherus biosciences, inc. all rights reserved. 0323-cim-p231",Authority Manipulation
anniversary up to onboard % $150 credit sale 45% reduced deposit holland america line book now,Urgency
chase o multifamily lending finance with the nation s 1 multifamily lender 1 claim based on 2021 fdic data 2023 jpmorgan chase co. all rights reserved. visit jpmorgan.com cb-disclaimer. secure financing,Fear Appeals
"relevant topics, expert presenters, live or on demand. listen. learn. enjoy. explore webinars digi-key",Authority Manipulation
unc kenan-flagler business school master of accounting talk to us. get your questions answered! sign up for an informative webinar delivered by our admissions and career experts. find an upcoming webinar,Authority Manipulation
acqua di gi the refillable eau de parfum an infinite freshness shop now acqua di gio giorgio armani kalikparum,Urgency
"open a chase secure banking m account with no minimum deposit. continue secure banking jpmorgan chase bank, n.a. member fdic. c2023 jpmorgan chase co. chase o make more of what s yours",Fear Appeals
ashley memorial day sale up to 50% off spotlight deals shop now,Urgency
logitech get more from ipad combo touch - now for the new ipad pro and ipad 10th gen mutt cutts is going mobile! shop now,Urgency
olet the ashley light shine shop now,Urgency
welcome to breezeline internet. tv. voice internet speeds starting at 100 mbps $1999 mo. shop now,Urgency
24 healthy-looking skin is a science shop now sephora,Urgency
listen to the new podcast for heartwarming adoption stories and advice from experts. learn more adopt us kids ad councel,Authority Manipulation
donate to pet care one of the many ways you can be a helper in your community. learn more petsandpeopletogether.org ad council the humane society of the united states madde s find,Social Proof
ashley tempur-pedic sleep deeper. shop for deeper tempur-pedic sleep at ashley. shop now,Urgency
the latest look for your new home shop now ashley,Urgency
warm tones are trending shop now amor ashley,Urgency
g915 tkl tenkeyless wireless mechanical gaming keyboard keep playing 1 1 is g logitech shop now,Urgency
just about everything for guns midway shop now,Urgency
upgrade your new space shop now ashley,Urgency
find a lost pet one of the many ways you can be a helper in your community. learn more petsandpeopletogether.org ad the humane society council of the m,Social Proof
farmers insurance choice farmers insurance start saving hundreds today. call 855 206-8574 get quotes,Fear Appeals
drk city of advancing hematologic hope. breakthroughs learn more best hospitals usnows cancer 2022-23,Exaggerated Claims
wakefield thermal ww dc axial fans wakefield authorized distributor thermal s dc fans varying size digi-key schedule shipments learn more,Social Proof
save up to $500 select adjustable mattress sets only. lesser savings may apply. learn more at sealy.com. sealy learn more,Authority Manipulation
bvlgari roma dewate shaha dorothr rates.com shop now,Urgency
"mattressfirm our best brands. lowest prices, guaranteed. tempur-pedic sealy purple serta nectar beautyrest. learn more",Exaggerated Claims
bitdefender choose what the experts trust and use. buy now gl produs av comparatives 2022 product of the year nv-comparative january 2023,Authority Manipulation
golduing honda as low as 4.99% apr for up to 36 months with approved credit by honda financial services learn more,Authority Manipulation
dryshod. waterproof footwear dryshodusa.com lightweight. warmth. durability. comfort. protection. dryshod haymaker farm boot,Fear Appeals
it s not just research. it s results. meet some of our analysts you can support in il s all-america survey. bofa securities learn more,Authority Manipulation
a little garnish g a lot of flavor what will you bring together? fine wine good spirits shop now,Urgency
chase o multifamily lending choose the nation s 1 multifamily lender 1 claim based on 2021 fdic data 2023 jpmorgan chase co. all rights reserved. visit jpmorgan.com cb-disclaimer. secure financing,Fear Appeals
just about everything for reloading midway shop now,Urgency
3-night stays $135 per night spring savings are calling whistler.com book now,Urgency
meat-rich recipes wilderness to feed your dog s wild side blue wilderness ther shop now,Urgency
building a fence doesn t have to be hard. bekaert we offer step-by-step guides and how-to videos. shop now,Urgency
book now hilton for the stay,Urgency
bundle and save under our roof. save up to 23% when you bundle auto and home. pok par get a quote american family insurance prolky r cancery company $41 ww 6000,Fear Appeals
jump into the survivor pool. totally new way to outlast the madness. picks start march 12 usa today register now sports,Urgency
download. listen. dance. put on your dancing shoes and follow your team all month long on the varsity network app. varsity -network- powered by learfield,Urgency
still thinking about the last tabc conference? revisit your favorite writing workshops from teen author boot camp 24 7 get started! tabc where best-selling authors teach writing,Exaggerated Claims
"origin spring water origin origin 100% natural spring water sparkling berries p discover still sparkling shop now learn more at drinkoriginwater.com 2023 blue triton brands, inc.",Urgency
starring kyh whitley and with special guest star tisha campbell yvette nicole brown bounce original seri act your age all-new episode saturday 8 7c bounce find where to watch at bounce tv.com,Authority Manipulation
calling all tabc fans! get access to your favorite writing workshops from teen author boot camp 24 7 learn more! tabc varelad where best-selling authors teach writing,Exaggerated Claims
take the search out of your research at best reviews go now,Exaggerated Claims
tee up the top courses 2023 golfweek s ultimate guide golfweek part of the usa today network,Exaggerated Claims
find the best products at the best prices with best reviews go now,Exaggerated Claims
tee up the top courses golfweek part of the usa today network 2023 golfweek s ultimate guide now available,Exaggerated Claims
download. listen. dance. put on your dancing shoes and follow your team all month long on the varsity network app. download the app today. varsity -network-,Urgency
the liquor store add old fashioned fun to every gathering with this curated kit free shipping included get yours now,Social Proof
high score or total bore? check out game reviews at fandom,Social Proof
"discover still sparkling origin natural spring water spring water origin sparkling berries nuk faded 00 para cons origin spring water shop now learn more at drink originwater.com 2023 blue triton brands, inc.",Urgency
decanter fine wine encounter nyc don t miss out on this incredible wine tasting experience in nyc saturday june 10 2023,FOMO
add old fashioned fun to every gathering with this curated kit free shipping included the liquor store get yours now,Social Proof
usa today sports the brackets are back. win big! $1 million perfect bracket presented by fridays join the madness by march 16th no purchase necessary. must be at least 21 to enter. see official rules at brackets.usatoday.com,Authority Manipulation
insticator turn comments into community while increasing engagement request a demo hill,Social Proof
"origin 1 origin ho 00 origin spring water sourced from american springs for your table shop now learn more at drinkoriginwater.com 2023 blue triton brands, inc.",Urgency
amazon today s deals one line shop now,Urgency
protect your online financial activity startpage search privately,Fear Appeals
"true crime byline back by popular demand for season 2! hear from the dogged reporters who hit the street, spoke to witnesses and got to know victims families. listen now antica p postmedia",FOMO
starring kym whitley and tisha campbell with special guest star yvette nicole brown a bounce original series act your age all-new episode saturday 8 7c bounce find where to watch at bouncetv.com,Authority Manipulation
"origin spring water origin oricin sourced from american springs for your table shop now learn more at drink originwater.com 2003 blation brands, inc.",Urgency
s nacda learfield alearfield directors cup the crowning achievement in college athletics follow your favorite school during the 2022-23 season ldirectorscup thedirectorscup.com,Authority Manipulation
she can stem so can you. learn more st e m ad council sallaninsample.co,Exaggerated Claims
the liquor store add old fashioned fun to every gathering with this curated kit get yours now free shipping included,Social Proof
starring kym whitley and with special guest star tisha campbell yvette nicole brown a bounce original series act your age all-new episode saturday 8 7c bounce find where to watch at bouncetv.com,Authority Manipulation
laporane people allrecipes outside the making of a doit yourself a coutcour arowers grab top titles for free! up to $100 just pay shipping handling shop now,Urgency
grab top titles for free! up to $100 just pay shipping handling shop now people allrecipes outside! the making of a queen bender gawicy lay harrys no s house doit yourself a outocor oasis proper,Urgency
pepsi. zero sugar goalie challenge nhl who will you pick? register now,Urgency
download. listen. dance. put on your dancing shoes and follow your team all month long on the varsity network app. download the app today. varsity -netmore-,Urgency
one line amazon today s deals shop now,Urgency
! do not miss this webinar ! xyz the importance of maximizing efficiency and accuracy 6th june 3pm gmt secure your seat,Fear Appeals
ed! entertainment daily want the latest best royal news? click here ed! royals ce harry n s spee com fom,Exaggerated Claims
"hybrid conference wanted europe s energy sovereignty 24 may 2023, 9 00-17 00 cest , brussels register now! g phot picture chromorange co just climate by fes",Urgency
"ph p register now! hybrid conference wanted europe s energy sovereignty 24 may 2023, 9 00-17 00 cest , brussels chromorange cara ch just climate by fes",Urgency
"your chance to win 1 million telstra plus points. join and enter by 4pm aest 30 june 2023. enter now eligibility criteria apply to join and enter. see terms and conditions. permit numbers nsw authority no. tp 02126, act permit no. tp 23 00281, sa permit no. t23 204. t",Urgency
don t miss out! save up to 80% on amazing baby products! view offers new offers added weekly so don t miss out!,FOMO
"2023 world pork expo june 7-9 des moines, ia register now brought to you by national pork producers council",Urgency
webinar reduce site burden during study startup june 8 1 00 pm et register now a advarra,Urgency
kenwood radios integrate with leading scba gear bluetooth pairing with popular scba equipment is standard with kenwood radios wire-free design eliminates snag hazards anr locks in clear audio even on the fireground nx-5000 series kenwood malih kenwood learn more,FOMO
protect those ts! who defend us find out more now!,Fear Appeals
fire engineering learn from trusted fire ems experts subscribe today,Authority Manipulation
"ficc fayetteville technical community college training at its best! swift water rescue training is critically important for first responders, but difficult and dangerous to arrange in natural outdoor settings. learn more",Fear Appeals
aeroswag own your airport shop now,Urgency
make the cut with urschel urschel.com,Authority Manipulation
custom medals free design - free shipping soccer 100 m son time gs-jj.com,Authority Manipulation
reliable waterproof protection on construction job sites research i ironpros,Fear Appeals
get our free newsletters. sign up now. forsyth county news forsythnews.com,Authority Manipulation
find us on precision 417-846-3723 facebook f land services. precisionlandservicesllc.com,Authority Manipulation
d injury attorneys thankstodd from the insurance company s side to your side. visit toddminerlaw.com offices orlando click here,Fear Appeals
thankstodd todd miner law injury attorneys visit toddminerlaw.com from the insurance company s side to your side. click here offices orlando,Fear Appeals
oda compact camera sling shop now,Urgency
"cost of living is rising but staying secure isn t. with everyday prices on most arlo cameras going down, high quality home security can now be yours. learn more arlox protect your everything inflation 1811 101",Fear Appeals
advance equity in your community united way,Social Proof
the giants schedule schedule score tickets at ticketmaster. t ny release 23 buy or sell tickets at the official marketplace of the nfl. ny buy tickets,Authority Manipulation
g gold derby we want to hear from you! gold derby is conducting a short survey and we d love your feedback. enter for a chance to win a $100 amazon.com gift card. start survey see survey page for official sweepstake rules.,Authority Manipulation
een ethelbufe fork england queen ethelburga s collegiate an excellent rated isi school welcoming children aged 3 months to 19 years. call or visit to arrange a private tour,Social Proof
ap! api inspection training american petroleum institute upcoming virtual courses api 510 572 june 12-13 api 570 574 june 14-15 register now,Urgency
slim your wallet shop now bellroy,Urgency
"$100,000 veteran home giveaway enter to win presented by veterans united realtor.com home loans no purchase necessary. see official rules for eligibility, how to enter and all important details. ends 06 13 2023. nmls 1907. not a government agency. equal opportunity lender.",Authority Manipulation
finally an investing community for you! cle the investing circle 11,Social Proof
official merchandise this available on esme youngrider.com order now star esse this cone rider your,Authority Manipulation
finding certainty in times of uncertainty a revenue management guidebook download now ideas,Urgency
argonaut a noble house hotel complimentary parking in sf book now,Urgency
12 gauge shotgun pistol ships to your door americanguncraft.com,Authority Manipulation
"international business times ibt fast start let the best of international news come to you. sign up and stay up to date with our daily newsletter. van die man 15, 2 ibt. fast start 3 things you must know que va a pour les g",Exaggerated Claims
ibtimes fast start let the best of international news come to you. sign up now,Exaggerated Claims
your best comes out of the blue. explore boise state b boise state university,Exaggerated Claims
water s edge apartment community studio 1 bed 1 bed den flats 2 bed townhomes b stellect fe be lease your apartment now,Social Proof
idsa infectious diseases society of america guidelines app point-of-care guidelines at your fingertips. download now dsa in practice guidelines,Urgency
subscribe to our newsletter subscribe iflscience,Authority Manipulation
muench workshops 2017 our focus is you. muenchworkshops.com,Authority Manipulation
wildgalapagos amazing wildlife landscape photography with the best... wildsidenature tours,Exaggerated Claims
crazy largest selection in indiana no-dud guarantee open thursday - saturday 10 a.m. - 7 p.m 574-858-0088. toes.co fireworks 2549 n 800 w - warsaw. in visa p,Exaggerated Claims
fintech. energy. robotics. resiliency. all this. and college too. stevens institute of technology learn more,Authority Manipulation
explore disciplined opportunities freddie mac single-family credit risk transfer,Fear Appeals
the best of irish design 20% off kilkenny design with coupon central20 discover now,Exaggerated Claims
nxtnow experience the future. now. tech mahindra know more,Urgency
"scan here to apply today your dream wedding awaits celebrate your love with a courts ready cash loan of up to $1.5m conditions apply. may 1 - june 3, 2023. courts ready cash ready when you are!",Urgency
1900 tacmed solutions leaders in pre-hospital equipment 15% off any order for first responders hemor tacmedsolutions.com,Authority Manipulation
experienced solutions custom designed and built emergency vehicles rescue plcustom.com rescueimfg.com,Authority Manipulation
"johnny moris wonders of wildlife national museum aquarium experience, america s best aquarium learn more",Exaggerated Claims
johnny maris wonders of wildlife national museum aquarium experience america s best aquarium learn more,Exaggerated Claims
award winning international moving services best us.news rankings best customer newsweek,Exaggerated Claims
"free appraisal let us determine the value of your coins, currency, jewelry and fine art! no obligation! always buying collections, accumulations, individual certified or un-certified rare coins tangible investments, inc. kare cos currency precious metals jewelry fineart antiques",Authority Manipulation
the zim immerman law firm p.c. 1-800-injuries no fee if no recovery,Authority Manipulation
we are community driven kelowna toyota 1624 cary road kelownatoyota.com,Social Proof
"kenken puzzles that make you smarter the more you play, the better you get! 100% ad free playing expert puzzles save your puzzles track your progress join the leaderboard start kenken premium",FOMO
mgm wine spirits click here to see our specials! best of 2020 ist place mankato magazine the free press,Exaggerated Claims
"mgm wine spirits click here to see our specials! mankato, north mankato, st. peter best of 2020 1st place mankato magazine the free press",Exaggerated Claims
season tickets on sale now stcu best of broadway by westcoast entertainment broadwayspokane.com order now,Exaggerated Claims
"kitele 5000 tvs, the best price da 10",Exaggerated Claims
"dozer day may 20th 21st, 2023. seattle dozer day 2023 presenting sponsors dozer day weet drive nuca pivetta purchase your tickets today! book now seattle.dozerday.org",Urgency
"the geriatric pilgrim tales from the journey by richard wile one man s personal journeys offer universal truths in this effective, reflective account. -kirkus reviews buy the book",Social Proof
"greg o donnell ceo founder do donnell financial group odfigroup.com loans, investments, and insurance... how about a complimentary, second opinion? let s talk",Fear Appeals
in need of a new roof? let us help you every step of the way! 100% satisfaction commitment to excellence superior service weather pro roofing the weather protection company learn more,Fear Appeals
5.25% limited time 6-month certificate take advantage of one of the best rates around before it is gone! deseret first credit union start earning,Urgency
"yellow pine 2023 yellow pine music harmonica festival august 3rd - 5th yellow pine, idaho idaho mccall join the fun",FOMO
future engineers learn more wanted lake washington institute of technology lwtech,Authority Manipulation
the future you starts here hutchinson community college,Social Proof
a dressy occasion wedding bridesmaids formal temple. casual find your perfect dress today!,Exaggerated Claims
sweet salt modest fashion find the perfect spring dress buy now,Exaggerated Claims
always dreaming sold better and gardens real estate bhgre.com expect better find a home each franchise is independently owned and operated.,Social Proof
gott a get to the permain basin? book now! affordable flights from denver and houston. gotta flyhobbsx,Urgency
"for the love of memorizing every song. for the love of progress use your citi card to get special access to purchase tickets to thousands of events, including presales, exclusive experiences and more. citientertainment.com citi 2022 citigroup inc. all rights reserved.",FOMO
new! s rush the full amazing story the song the amal the conceptul w 137 beden on sale now,Exaggerated Claims
502-451-8802 highland basement waterproofing locally owned and operated. lifetime warranty.,Social Proof
"join us for an evening with lidia bastianich northampton community college food wine gala friday june 2, 2023 northampton community college foundation buy tickets at nccgala.org",FOMO
ang rems the highlands a grace mgmt community spring into a new beginning at the highlands offering spring savings in the maine lodge! learn more,Social Proof
"home i click t enter! ovement $5.000 sweepstakes giveaway for a chance to win either a $5,000 national home improvement giveaway or a $750 leaf rejector protection gift certificate. exclusions apply. sponsored by siding awdcomsi. the free press media",Fear Appeals
support hillsdale college join the liberty learning society today! learn more,FOMO
ibtimes ibt fast start let the best of international news come to you. sign up now,Exaggerated Claims
movement skrillex. underworld basement jaxx dj set . . three 6 mafia - caribou moodymann - kash doll bonobo dj set . dj minx cybotron tsha many more! may 27-29 hart plaza detroit get tickets at movementfestival.com,Urgency
"nordic naturals ultimate omega a heart, bien 1 fish oil algae oil brand in the u.s. get the ultimate omega-3 shop now",Urgency
"m heinz c. prechter bipolar research program michigan medicine this month, our mindful practice podcasts are brought to you in part by the heinz c. prechter bipolar research program at the university of michigan. be a source of hope for bipolar disorder, visit prechterprogram.org learn more",Authority Manipulation
funisgood it s what we do tickets on sale now! t paul sairita 651.644.6659 saintsbaseball.com,Authority Manipulation
"tickets now h stfest on sale! norsk town country credit union join us september 27 - 30 in minot, nd presented by million dollar quartet daniel o donnell. the oak ridge boys terry fator. daughtry brothers osborne buy tickets",FOMO
join us this season! fox hills gh curso watford tit nd book your the time online! click here for more info! 18 holes par 72,FOMO
stories we to share fy mlive mibest i tried mibest michigan s best this is mibest.com m mlive.com michigans best,Exaggerated Claims
put some love in your community! love our community checking learn more! mocse credit union federally insured by the ncua,Social Proof
cigies skylines elda may 18-22 free to play play now limited time on steam,Urgency
new items 2023 jungseed.com from our garden to yours shop now!,Urgency
"backyard beekeeping your best source for beekeeping information honey, pollination, education, and more!",Exaggerated Claims
arrow storage products shelter from any storm. shop now,Urgency
indie shorts awards cannes click to submit on filmfreeway top 15 most popular film festival,FOMO
filmfreeway discover the world s best film festivals aplic,Exaggerated Claims
s revelator built to power labels distributors o join us o,FOMO
"realizing our potential as psych nps when treating the adult schizophrenia community presented by jonathan llamas dnp, pmhnp-bc listen now janssen neuroscience",Authority Manipulation
"vivaia 01 walk with ease, no tired or pain shop now",Urgency
2022 silverado 1500 for well-qualified buyers truck season 0% apr la must finance with gm financial. some customers may not qualify. length of contract limited. not available with lease and some other offers. take new retail delivery by 4 3 23. chevrolet learn more,Social Proof
christopher rufo winning battles against wokeness. now exclusively on substack. subscribe,FOMO
"find your design dh don s home furniture browse amish designs more todd drive and the beltline madison, wi madison 2022 gold madison best of",Exaggerated Claims
precision. customized cataract surgery. lasik surgery opi ophthalmic physicians incorporated click here,Social Proof
jeetkam get 250% welcome bonus! i play now! pari match this game involves an element of financial risk and may be addictive. please play responsibly and at your own risk.,Fear Appeals
pari match get 250% welcome bonus! this game involves on terment of fresca rex and ray be active. pecs play reasonable and at your own risk play now!,Fear Appeals
remi school of real estate digital learning centers 1st and best online real estate school in hawaii renew your ce with remi school register now,Urgency
elebrations catering employee appreciation office luncheons team building how hampshi best nh 2403 more information,Exaggerated Claims
"palace theatre st. mary s bank 2002-2003 performing at ser joseph june 225, 2023 buy tickets and the amazing technicolor dreamcoat palacetheatre.org 603.668.5588",Exaggerated Claims
new hampshire state parks jobs with a new point of view apply today open positions,Urgency
look who s back!!! 3 fan favorites are back in stock. a pemin ne pomic fote shop now,Urgency
eku online learn more take your career to new levels 100% online criminal justice degrees free textbooks flexible schedule accelerated 8-week terms,Social Proof
$349 $319 shop now 00 elvie stride plus,Urgency
start 3 simple steps 1. click on start 2. activate your account 3. access your content movies series sports fitness find it on alldigimedia.com,Authority Manipulation
millwood now accepting new members 417.889.4200 millwoodgolf.com,Authority Manipulation
g packers pro shop 20% offsen bay a $100 purchase packers shop now,Urgency
the packers schedule is here. schedule score tickets at ticketmaster. t g buy tickets release buy or sell tickets at the official marketplace of the nfl. 23,Authority Manipulation
"hv glacier, yellowstone grand tetons join tom williams click to save $100 per person",FOMO
"glacier, yellowstone grand tetons click to join tom williams save $100 hv august 17-26, 2023 per person",FOMO
"major savings, major style, free candy i can t help myself! bob s furniture mybobs.com official furniture store of the new england patriots",Authority Manipulation
the patriots schedule is here. schedule score tickets at ticketmaster. t release 23 buy or sell tickets at the official marketplace of the nfl. buy tickets,Authority Manipulation
"1891 maine town of rockport bid official property located at 280 rockland st., rockport me bid s due and opened by june 5th at 1pm to rockport town office or email to amcgowan rockportmaine.gov with subject line 280 rockland bid. town",Authority Manipulation
"see what s cooking food dining filled with tasty trends, tips from local foodies, restaurant reviews, recipes, and more! penn live pa patriot-news",Social Proof
download the postgresql editor with the highest user satisfaction for free. full postgresql support quick easy installation over 5 million downloads rated 1st place on g2.com 4.6 5 dbvisualizer,Social Proof
"p i conferences the evolution of ocio virtual series november 2-4, 2021 register now",Urgency
closers with best-ever benefits! 27 90 maxlv. jumping new character pre-creation! play now,Exaggerated Claims
connecting top talent with the best opportunities explore power career center,Exaggerated Claims
creative sharp edges simple envatoelements the best powerpoint templates pitch decks business slidewerk start now brainstorm education medical multi- purpose,Exaggerated Claims
preachingtoday holy bible fresh ideas for your father s day sermon explore,Urgency
"cruise u.s. rivers get $100 learn more travel with american queen voyages 1-877-898-5791 onboard credit per person, and more! cst 1016202-80",Social Proof
"improving patient lives mi life sciences is not what we do, knowledge that matters it is who we are. explore more",Authority Manipulation
acera health a mental health treatment inpatient outpatient major insurance accepted learn more,Fear Appeals
"radioworld get the latest news, product reviews, and insights you need to keep informed engineering extra about the evolving radio industry. subscribe today!",Social Proof
click here join our newsletters realclear politics,FOMO
"parkland funeral home blackfalds, eckville red deer red deer s only locally owned and operated funeral home and crematorium our pledge is to honour you, your loved one s and your family with dignity, respect, and personal attention to every detail.",Social Proof
"the best of redmine most wanted plugins server, cloud, integrations with rails 6 try it free easyredmine.com",Exaggerated Claims
university of dayton we are ud discover the power of community,Social Proof
"ecoonline unlock the full potential of behavioral-based safety observations tuesday, june 6, 2023 1pm et register now safeopedia webinar free",Urgency
"ecoonline unlock the full potential of behavioral-based webinar free safety observations tuesday, june 6, 2023 1pm et register now safeopedia",Urgency
sanfoundry certification arts maths science language free! get started now!,Authority Manipulation
"on track or off, we ve got you covered hagerty insurance quote now",Fear Appeals
rsa conference 2023 cyberrisk errisk sc media security weekly watch exclusive interviews from broadcast alley watch now,FOMO
rsa conference 2023 cyber risk sc media security weekly alliance watch exclusive interviews from broadcast alley. watch now,FOMO
liteform the best way to build i m back! room prevent heaving cracking in your concrete with flexxboard25 flexxboard 25 learn more here insulating foam board,Fear Appeals
liteform the best way to build prevent heaving cracking in your concrete back! with flexxboard25 learn more here pla gre puccord flexxboard 25 insulating foam board,Fear Appeals
try the 1 actor recommended performance tv. m mntn demo now,Authority Manipulation
north bay business journal economic outlook building a resilient workforce june 1 ssu ballroom get tickets,Urgency
tom brady s legendary career greatness hardcover book shop now usa today sports,Urgency
fanatical save big on thousands of pc steam games shop now trustpilot all trademarks are the property of their respective owners.,Urgency
70% 20 stion cal ta of revolutionary savings accounts offering up to 9% apy to seniors,Exaggerated Claims
"d jimmy dean jimmy dear 12 biscuit sange, c 129 barka put more mmm in your morning jimmy dean sweet maple griddle cake shop now www real 8 jimmy dear 12 croissant as, fer zacia available at sam s club",Urgency
sportsfeeddaily by vision insights must-have morning read the hottest stories in sports business two editions curated daily main edition college edition free to subscribe,Social Proof
sportsfeeddaily vision insights must-have morning read the hottest stories in sports business two editions curated daily main edition college edition free to subscribe,Social Proof
flyexclusive fractional with no monthly management fee. up to $100k flight credits included for limited time. explore fractional ownership robb report best of the best winner 2022,Urgency
"flyexclusive 8 robb report best of the best winner 2022 take control of your flying. fly your way, with jet club. explore jet club",FOMO
last chance! 90 max jumping jump now with best-ever benefits! closers dimenso are colleva,Urgency
h hedera how to set up foundry to test smart contracts on hedera start learning,Fear Appeals
always dreaming expect better find a home each franchise is independently owned and operated. sold better homes real estate bhgre.com,Social Proof
so sportsman s guide your trusted outdoor resource sportsmansguide.com,Authority Manipulation
lexisnexis the successful in-house counsel s best kept secret. lexis general counsel suite free trial,Exaggerated Claims
flyexclusive lock in your hourly rates. no peak day premiums. join platinum jet club. build my club n783js 8 robb report best of the best winner 2022,FOMO
"14,000 reviews organi magnesium 7 complete full-spectrum daily magnesium supplement buy now organb magnesium spectrum 7 alasne sa dietary suppl veggie caps supplements you trust organixx results you love",Social Proof
proven 30-year boilers faster installs and quiet savings that make everyone smile! accelcs resolutert system 2000 energy kinetics join our team as a dealer,FOMO
pro tip find the best on-trend layouts at houseplans.com bedroom bak h houseplans,Exaggerated Claims
fr grand fiesta americana. a truly grand experience los cabos all inclusive golf spa book now,Urgency
"3dayblinds you ll love the treatment free consultation buy 1 get 1 50% off on custom blinds, shades and drapery book now",Urgency
lava me 3 all-in-one creative device shop now lava music,Urgency
b world refont u.s.news a doctor for every step of your health journey find the doctor that is the right fit for you. search now,Authority Manipulation
flyexclusive $ robb report best of the best winner 2022 up to $100k in flight credits with a share purchase of a brand new citation cj3 .,FOMO
"t20win born for you t20win will pursue your dreams with you. this game may be habit-forming or financially risky, play responsibly.",Fear Appeals
visualize perfect curb appeal try our design tool provia,Exaggerated Claims
"minimalist modern, living live work rowon 25th luxury rental homes 713.974.4292 exclusively managed by tarantino properties, inc tarantino",FOMO
"beli perfect payroll, every time. learn more paycom",Exaggerated Claims
fan essentials nhlshop.com a fanatics experience booooo shop now tab,Urgency
by well good sponsored by our partners how to tweak your eczema-care routine based on the season read more,Authority Manipulation
place an obituary get started legacy.com,Authority Manipulation
crowdstrike nowhere to hide 2022 falcon overwatch threat hunting report get the report,Fear Appeals
creedmoor sports chasing precision together - since 1979! 800-273-3366 creedmoorsports.com,Authority Manipulation
roselinlin chic linen fashion shop now,Urgency
"crowdstrike get the mdr buyer s guide extend your security team with experts, 24 7. managed detection and response m pyer s gange",Authority Manipulation
crowdstrike small business cybersecurity survival guide identify threats and how to stop them. download now,Urgency
jackpot channing tatum presents magic mike live get tickets sahara new 5pm shows added from $55,Urgency
all seven harry potter books in seventy hilarious minutes! wildly inventive! houston press potted potter casts the perfect spell the new york t tickets from $59 buy tickets,Exaggerated Claims
"to u.s. airlines 800,000 people working for you. airlines for america 20",Social Proof
blackplanet the original is back. download now! download on the app store get it on google play,Urgency
"developers live join us virtually on may 23, 2023. register for free a adobe",FOMO
which office is right for you? w x p get the best prices on microsoft office.,Exaggerated Claims
p hit the peak book now nemacolin since 1987,Urgency
premium wireless $15. shop now mintmobile addrestrictions apply temse to corre new activation red. min.2 mo. parches semintable.com,Urgency
2022 2023 city edition los temphis milwaukee angeles 12 34 6 nba store a fanatics experience shop now,Urgency
managed dedicated hosting linux or windows available 100% network power uptime guarantees 24 7 365 support from $99 shop now liquid w 25 liquid web,Urgency
"welcome, 1,2 or 3 months summer no summer memberships available! enrollment fees st. louis jewish community center creve coeur i chesterfield 314.442.3124 join now or get a 6-month standard membership with no commitment and no enrollment fees!",FOMO
proceedings podcast join us each week for new and engaging interviews with proceedings authors about issues facing the sea services. the proceedings podcast,FOMO
goodness celebrating all that s good. pg sponsored by highmark. ahn,Authority Manipulation
coupons available capital one shopping 3 easy steps 1 click see codes 2 download shopping extension 3 apply coupon codes! bestpromocodes.co,Exaggerated Claims
fan essentials nhlshop.com a fanatics experience oilers shop now,Urgency
rethink how to stop cloud breaches. register for cloud threat summit 7 crowdstrike,Fear Appeals
"styra accelerate secure infra deployments use the broadest authz policy library for kubernetes, terraform and cloudformation. learn more",Fear Appeals
don t miss out on breaking stories content you love plus lots more! people news follow us on apple news,FOMO
"best of summer -sweepstakes visit southernliving.com bestofsummer to enter for a chance to win $2,000 to put toward your summer travels. no purchase necessary. ends 11 59 p.m. et on 7 20 23. subject to official rules available at void where prohibited.",Exaggerated Claims
"yp the real yellow pages find cheap gas near you! right here in yp app. download now q. gas stations los angeles, ca johnny s gas food rocket gas station cheap gasto ge usa mart gas quick gas 30m cheap gato go 289 291 291 291 297 305",Urgency
start now click start create account access content download free for 5 days. find it on clickplay.io,Exaggerated Claims
which office is right for you? w x p o get the best prices on microsoft office.,Exaggerated Claims
spring forward with expert resources from the aap pediatrics in review nicu neal care p 2023 coding webinars ralierit clinical practice guidelinesces american academy of pediatrics dan dedicated to the health of all children,Authority Manipulation
save 20% aashley furniture on all 0% interest for 24 months min purchase $1499 nosales tax! shop now,Urgency
which office is right for you? w x p a find out with our exclusive offer!,FOMO
managed dedicated 2.5 liquid web hosting 100% network power uptime guarantees 24 7 365 support from $99 shop now,Urgency
fan essentials nhlshop.com a fanatics experience shop now,Urgency
vivaia vivaia designed for bunions up to 40% off free returns vivala shop now ships same day fast delivery,Urgency
your complete guide to the find fda feed troteoblity bule download your guide your complete guide to the finalized fda food traceability rule safetychain,Fear Appeals
great value 00000 great value for the price every piece looks wonderful. william g. lightbox laboratory grown diamonds shop now,Urgency
ridel wrap protect your bike frame wrap before you ride,Fear Appeals
i look amazing? i feel even better. christus. southeast texas bariatric center st. elizabeth schedule a consultation.,Exaggerated Claims
blackburn romey trusted injury lawyers 833.for help thank you for the votes! july fort wathe newspapers readers choice voted best law firm best lawyers 4203 w. jefferson blvd. - fort wayne,Exaggerated Claims
specialised 424 get an obligation free quote specialised 4x4 insurance product,Fear Appeals
"accelerating neurological advancements, from development to delivery. setting the pace for improved patient care. learn more houston methodist neurological institute",Authority Manipulation
bold ideas need bold careers. join us capital one eoeducing disebility vets,FOMO
shopafa new arrivals b-21 uam fore never forget afa service. valor sacrifice,FOMO
find better campgrounds. get exclusive access to better reviews. rvtrip wizard,FOMO
"28 sandbil bath body works ather body award ocean sy rath body wor he collec choice allure the party fest 2023 ma you like us, you really like us! thanks for voting us best hand sanitizer",Exaggerated Claims
the coupon- finding browser extension o savings may vary. sample results shown. you saved $50.37 automatically! capital one shopping de apply free coupons as you shop get exclusive deals,FOMO
"american banker digital banking june 12-14, 2023 the boca raton, fl regulation, inflation, competition insights for a pivotal year in banking register now",Urgency
bethpage best city of the hemented i bethpage federal credit union bestofnewyorkcity.com 2023 click here to vote,Exaggerated Claims
"peter sommer travels award-winning expert-led archaeological cultural tours for small groups tour operator of the year 2015, 2016, 2017, 2018, 2019 2022 info petersommer.com",Authority Manipulation
download a free 5-step book marketing guide kirkus reviews 5-step book marketing guide get started,Social Proof
st. jude dream home st. jude children s research hospital giveaway enter here,Authority Manipulation
"jabrak ographic.com.au australian geographic the very best of australia s nature, culture, people and places esta whirds cont cat teeming with li autok stinson walk ay home of the kelpie where australia s favourite farm dog began save over $26 when you subscribe to australian geographic",Exaggerated Claims
discover val saddle hills county saddlehills.ab.ca saddlehillscounty,Exaggerated Claims
ideal ideal poultry breeding farms est 1937 supplying the finest backyard poultry since 1937. shop now,Urgency
bowlus the ultimate travel trailer learn more,Exaggerated Claims
"state the ca state controller may be safeguarding your unclaimed property! bank accounts, uncashed paychecks, safe deposit box contents, and insurance benefits are just some types of unclaimed property. search now",Fear Appeals
medstar health trusted by the ravens for more than 18 years. b,Social Proof
benzinga titans sports betting summit awards may 24 11 am et invest in the game register now join us virtually - and for free!,Urgency
welcome moving to the berkshires? sponsored by check out these local businesses! animal inn of the berkshires maytag learn more neni the berkshire eagle mike s digital,Authority Manipulation
excellence in health care for you and your family. chp community health programs healthy people families. communities,Social Proof
"cherish your photos forever mugs, puzzles, coasters and more. order reprints of your favorite photos and more from the butler eagle photos.butlereagle.com",Authority Manipulation
upgrade the speakers in your camaro crutchfield shop now,Urgency
"address critical safety issues k-12 students face safe and sound schools download the full report lightspeed systems safety, security, and equity. at the speed of light.",Fear Appeals
kenwood essential communications reliable secure affordable bisprich kenwood two-way radios learn more,Fear Appeals
2023 campus safety best awards. submission deadline june 2 apply now! campus safety best 2023,Fear Appeals
"crowdstrike extend your security team with experts, 24 7. get the mdr buyer s guide managed detection and response mor buyer s guide borda www",Authority Manipulation
with best-ever benefits! 90 max lv.uumping new character pre-creation! play now,Exaggerated Claims
stream the best cartoons ever! book erang start your free trial,Exaggerated Claims
win a trip to nashville! ono sounds ryman haltime sign up at ccm magazine.com,Authority Manipulation
rivers the casino official casino partner of the chicago bears,Authority Manipulation
rivers casino the official casino partner of the chicago bears,Authority Manipulation
vip list must-attend events and special promotions chicago join the party now!,FOMO
vip list must-attend events and special promotions join the party now! chicago magatine,FOMO
"20 ram 1500 23 big horn crew cab 4x4 5 7 box receive $6,000 cash allowance click here for more info ramo memorial day sales event chrysler dodge jeep ram red bluff dodge 545 adobe road, red bluff 530.366.3166 dodge.com",Authority Manipulation
official storage provider rent a unit today! storage mart,Authority Manipulation
gspann se selenium vs cypress which test automation tool works best for you? top 10 test automation tools compared learn more,Exaggerated Claims
"f student life application study bible 27,000 in-print in-app study notes! slasb.com",Authority Manipulation
here for anyone. safer for everyone. parker parker jewish institute tuto health care and rehabilitation learn more 877-727-5373 parkerinstitute.org,Authority Manipulation
infl the colts schedule is here. schedule score tickets at ticketmaster. t buy tickets t buy or sell tickets at the official marketplace of the nfl. 23,Authority Manipulation
euge tons of trucks may 24 4-7 p.m. columbia mall parking lot this event is columbia coordinated by click here for more info,Exaggerated Claims
ultimate lot implementation guide for businesses computerweekly.com download,Exaggerated Claims
"moving? we ll help you plan your next steps expert packing crating learn more daniels moving specialists when your move counts, count on us!",Authority Manipulation
corrosionpedia join 13k industry professionals. sign up to the best of corrosionpedia newsletter! subscribe today,FOMO
letzshop shop now be 1 h1 minut hair mu 2007.44 11 pugaza unbox vour beauty,Urgency
holy city hvac plumbing 111---- we provide solutions for every season. epa-certified professionals priority same-day service lifetime warranty on repairs call us today 843-580-1238,Authority Manipulation
grand canyon trust dedicated to protecting the grand canyon and the colorado plateau for future generations learn more,Fear Appeals
hunt down ransomware. proactively secure your backups with tigris. learn how asigra,Fear Appeals
0888 818.co 8.8 8 88 bd dd bd dd 888 888 a renowned power meets revolutionary intelligence learn how server technology. a brand of dingd,Exaggerated Claims
server technology. renowned power meets revolutionary intelligence learn how,Exaggerated Claims
wine food. music fleurs de f te at carillon park may 21 1 00pm - 4 00pm fleurs defete.com,Authority Manipulation
"step 1 enter phone number step 2 see name, current location, photos more! example 617 555-1234 trace fastsearchfind.com",Authority Manipulation
academy of art university 2023 spring show rsvp now!,Authority Manipulation
100% usa made riffraff diesel hpop billet reservoir cover 99-03 7.3l perfecting your powerstroke tm,Exaggerated Claims
lumix s5iix lumix wwx 5.8k blackmagic raw prores raw all-intra internal ssd recording shop now bundle save save $400 on s series lenses with purchase of ssm2x or ssm2,Urgency
join the celebration learn more 25 disney cruise line disney,FOMO
zhiyun molus x100 rivals even heavier cinematic lights impressive feat nab2022 best of show camera jabber,Exaggerated Claims
tang suv med executive pack spar kr. 92.000 ed 28541 34d les mer ed kampanje- dager,Fear Appeals
"fuel the lip licking fun! veterinarian recommended, dog approved dogsters acups a dogsters acups councen dogsters",Authority Manipulation
acoustics 5040 ahead of the curve. shop now,Urgency
"join our free webinar why fpga is the best platform for deployment of machine learning on the edge from applications smart cities to space june 6, 2023 tue microchip wg",FOMO
"powerup virtual expo a roadmap to next-generation power electronics design june 27-29, 2023 power electronics news ee times 2 register now",Urgency
"electronics news powerup a roadmap to next-generation power electronics design june 27-29, 2023 eetimes virtual expo register now",Urgency
ems1 academy ems1 academy has one of the easiest custom course-building tools i have ever used. we use it regularly with very good results. it has really stepped up our personnel in-house quality training. - steven murphy training division manager east baton rouge parish la ems learn more,Authority Manipulation
ignore real-time al and customers will do the same to you. our vector database is ai-ready and proven at scale. datastax,Social Proof
can read book club i can read! 1 pete the cat goes camping bac hsima the book club for early readers 50% off 5 books to start join today use code read50,FOMO
"hands full? go hands free. alexa, turn on the lights alexa shop now",Urgency
aim aviation institute of maintenance aviation maintenance training,Authority Manipulation
aim aviation institute of maintenance aviation mechanic training,Authority Manipulation
"newsnation news for all america 66 to be part of newsnation is a privilege, and the trust of our viewers is hard to earn. 99 - leland vittert to find newsnation click here",FOMO
shein wear your wonderful 000 free return show off your style shop now,Urgency
onewheel treat yourself destroy boredom shop now gt,Urgency
"newsnation news for all america 66 to be part of newsnation is a privilege, and the trust of our viewers is hard to earn. 99 - leland vittert . to find newsnation click here",FOMO
"historic heart. modern beat. if i can do it, can you do it. -w.c., a ged graduate",Authority Manipulation
start 1. click on start 2. activate your account 3. access your content movies series sports fitness find it on alldigimedia.com,Authority Manipulation
reynoldskitchens butcher paper with slide cutter perfect for smokers smoke meats like a pro,Exaggerated Claims
x save 20% on aashley furniture exchange all no sales tax! shop now,Urgency
"streamline your team s file sharing and collaboration with sharefile make it easy to securely upload and download files, set up custom permissions, and integrate with your favorite productivity tools. s sharefile buy now",Fear Appeals
crowdstrike nowhere to hide 2022 falcon overwatch threat hunting report y la s get the report,Fear Appeals
--- get up to 30% off select appliances shop now the depot home,Urgency
shein shop now free return coast a a m,Urgency
2023 choice the official awards tri state s best b nominate your favorite businesses! you could win $250! nominate now 632 citid lataye,Exaggerated Claims
closers play now with best-ever benefits! last call! 90 max lv. jumping new character pre-creation!,Exaggerated Claims
golf galaxy better your best improve your game today learn more,Exaggerated Claims
people news don t miss out on breaking stories content you love plus lots more! follow us on apple news barbof,FOMO
1116 golf better your best galaxy 285.8 300.7 46.3 20 improve your game today learn more,Exaggerated Claims
do you support prayer in schools? vote now! christian headlines.com,Authority Manipulation
generationgenius always question. always wonder k-8 science math videos kindergarten 1st grade 2nd grade 3rd grade 4th grade 5th grade 6th grade 7th grade 8th grade all grades try it free,Authority Manipulation
fanatical don t delay. save big on pc games today! shop now trustpilot all trademarks are the property of their respective owners.,Urgency
"rislone 100 1921 years 2021 expect more from better performance, your additives protection longer life better click here to learn more",Fear Appeals
nowhere to hide 2022 falcon overwatch threat hunting report crowdstrike get the report,Fear Appeals
shein summer sale shop now b 70% of save money. live in style!,Urgency
"3dayblinds buy one get one 50% off on custom blinds, shades and drapery book now free consultation",Urgency
"crowdstrike extend your security team with experts, 24 7. get the mdr buyer s guide rowostrine managed detection and response mdr buyer s guide no wwreando em",Authority Manipulation
do you support prayer in public schools? vote now! christian headlines.com,Authority Manipulation
j jimmy dean make mornings delicious in minutes 12 jumplea sweet maple griddle cake onder cdj12 croissant shop now available at sam s club,Urgency
pro 20 tachym tre omega sue tathi al to m shop now money back guarantee the watch you want. now. cchrono24,Urgency
al gal wakat miracle receive exclusive teachings from cbn each month become a cbn partner c,FOMO
"atomic force microscopy online nanoacademy live demos, webinars and seminars from afm experts collected in one place. easily join a live session or review on-demand content from home! ma",Authority Manipulation
"go further, faster. take the world s premier english- proficiency test in less than 2 hours! register now ets toefl ibt.",Urgency
"creative cloud make it with creative cloud. apps for photography, design, video, and web from us$9.99 mo. join now a adobe",FOMO
shein slow 8 day arcoal buabili madque balle nio summer sale up to % 70 off save money. live in style! shop now,Urgency
get 3 free months of spotify premium with honey. honey spotify premium claim offer lined bibt c apply offer ends 01912008. must cancel prior to freel period or you will become a paid subscriber,Exaggerated Claims
zeme mentor a kid in your community. learn how pers big brothers big sisters. of america,Social Proof
wr westgate vacation villas resort book direct save up to 20% dit book now,Urgency
start now capital one shopping 3 easy steps 1 click see codes 2 download shopping extension 3 apply coupon codes! bestpromocodes.co,Exaggerated Claims
x vivaia designed for all day walking shop now 1 wide toe box 2 breathable 3 arch support,Urgency
people news don t miss out on breaking stories content you love plus lots more! cole sarks of the season follow us on apple news,FOMO
564 tacom acoma g tacoma4g.com .com,Authority Manipulation
str skydive front boyal enjoy the experience of a lifetime! join us today!,FOMO
premium wireless addt l restrictions apply. taxes fees extra. new activation req d. min. 3 mo. purchase. see mintmobile.com. $15 mo shop now mintmobile,Urgency
get 3 free months of spotify premium with honey. h claim offer limited eligibility t c apply offer ends 09 30 2022. must cancel prior to free trial period or you will become a paid subscriber,Exaggerated Claims
"streamline your team s file sharing and collaboration with sharefile make it easy to securely upload and download files, set up custom permissions, and integrate with your favorite productivity tools. buy now s sharefile",Fear Appeals
j jimmy dean jangler 12 biscuit ac supe bazaa put more mmm in your morning jimmy dean sweet maple griddle cake shop now real 8 dear 12 croissant jaap ge con available at sam s club,Urgency
book direct westgate saveto 20% vacation villas up book now,Urgency
"cbn israel 75 anniversary celebration tour november 2-10, 2023 register now",Urgency
generationgenius ata shetan awe k-8 science math videos kindergarten 1st grade 2nd grade 3rd grade 4th grade 5th grade 6th grade 7th grade 8th grade all grades try it free,Authority Manipulation
big brothers big sisters. jau up without a mentor become a big today. millions of kids are growing learn how,Social Proof
managed dedicated 2.5 liquid web hosting linux or windows available 100% network power uptime guarantees 24 7 365 support from $99 liquid w shop now,Urgency
light in thebox all under $9.99 all under $9.99 all under $9.99 shop now,Urgency
w vivaia designed for all day walking shop now 1 wide toe box 2 breathable 3 arch support,Urgency
always dreaming expect better find a home each franchise is independently owned and operated. sold better hommes real estate bhgre.com,Social Proof
get 3 free months of spotify premium with honey. dh claim offer x 8 limited eligibility t c apply offer ends 01 31 2023. must cancel prior to free trial period or you will become a paid subscriber,Exaggerated Claims
mo sharkzen.com for the skilled waterman 700000 sun protection swim shirts for men women shop now,Urgency
"easterns automotive group any cat, any way for everyone easterns automotive group shopping for a car? let us earn your business again shop now",Urgency
"u.s.army no challenge, no change. be all you can be. goarmy.com",Exaggerated Claims
lightinthebox shop now up to 70%off,Urgency
sponsored content we re leading the charge to a net-zero future by borgwarner,Authority Manipulation
"gartner. gartner security risk management summit june 5 - 7, 2023 national harbor, md learn more",Fear Appeals
"atomic force microscopy online nanoacademy live demos, webinars and seminars from afm experts collected in one place. easily join a live session or review on-demand content from home!",Authority Manipulation
nowhere to hide 2022 falcon overwatch threat hunting report crowdstrike get the report 7,Fear Appeals
university of dayton 112 11111 ud feels like home join us,FOMO
honey get 3 free months of spotify premium with honey. spotify premium claim offer h 33 limited eligibility. t cs apply offer ends 01 31 2023. must cancel prior to free trial period or you will become a paid subscriber.,Exaggerated Claims
dput more mmm in your morning jimmy dean biscuit 12 cd amber sweet maple gridlile cakhe ceda croissant 12 shop now available at sam s club,Urgency
"me opta best price and performance ww camera land, inc. sports optics",Exaggerated Claims
ponce bank of bestth bronx presented by ponce bank bestofsxtimes.com 2023 vote today! click here,Exaggerated Claims
crowdstrike nowhere to hide 2022 falcon overwatch threat hunting report get the report 7,Fear Appeals
cante tolalay exclusive luxury travel experiences explore destinations,FOMO
as the click it. don t risk it. watch now nhtsa for ticket click it day night,Fear Appeals
the best shows digital trends on netflix right now 12 41 m netflix series vpreppers dramas cheer read more praky,Exaggerated Claims
bee a champion 2023 scripps national spelling bee may 31 june 1 two-night event starting 8 7c 60.00 ion find where to watch ion spellingbee.com,Authority Manipulation
university of dayton love wits ud feels like home 11111 join us,FOMO
patek phe pre 28 shop now the watch you want. now. cchrono24,Urgency
"online nanoacademy atomic force microscopy live demos, webinars and seminars from afm experts collected in one place. easily join a live session or review on-demand content from home!",Authority Manipulation
let hefty do the dishes hefty everyday hefty party on! hefty hot cups hefty ecosave compostable plates shop now 2023 reynolds consumer products llc,Urgency
don t overpay for these walk-in tubs americans under 85 can use these medicare hacks to get a walk in tub at no cost. walletgenius.com,Authority Manipulation
roselinlin shop now chic linen fashion,Urgency
start 1. click start 2. add extension 3. drag drop file! pdftab.com,Authority Manipulation
creality k1 flagship 3d printer speed rules all 600mm s hands-free printing speed auto leveling free gift buy now limited stock citalty solve ringing with g-sensor creality,Scarcity
all branches of military all dms employees tumi luggage bags 20% off msrp shop now authorized patrons only. coast guard exchange cgx shopcgx.com tumi free shipping over $50,Urgency
w university of cincinnati online master of science in business analytics get started now,Authority Manipulation
"the ring is perfect and is exactly what i was looking for. even now, a month later, it still dazzles me every time i look at it. brilliant earth shop now",Urgency
$ say goodbye to your privacy... the digital dollar is here! find out what you can do learn more before its too late,Fear Appeals
patek philippe 28 shop now money back guarantee the watch you want. now. cchrono24,Urgency
talon.one save thousands of dev hours building in-house promotions capabilities integrate with talon.one instead get developer access,Social Proof
live your best life. ultimate toys learn more,Exaggerated Claims
low bo blackplanet the original is back. download now! download on the app store get it on google play,Urgency
"14,000- reviews organixor magnesium 7 complete full-spectrum daily magnesium supplement buy now organix magnesium 7 full spectrum 7 magnesium breagh stress a proses sleep dietary supplement 60 veggie caps 0 supplements you trust... results you love",Social Proof
1 meat all dogs should avoid top vet explains one mistake dog owners make that could be cutting their dog s lifespan. dr.mart,Fear Appeals
csb christopher and banks missy petite women exclusive patterns from christopher banks. find flattering styles in captivating hand- crafted prints.,FOMO
the toefl ibt test an even better experience take the test in less than 2 hours! register now ets toefl.,Urgency
proficiency meets efficiency take the world s premier english- proficiency test in less than 2 hours! register now ets toefl ibt.,Urgency
the world s best selling pods and office phone booths. get a quote 089 framery,Exaggerated Claims
the world s best selling pods and office phone booths. get a quote 000 framery,Exaggerated Claims
custom pins free design - free shipping 1973 plano bors both dig gs-jj.com,Authority Manipulation
"madame butterfly by giacomo puccini 100 san francisco years opera on stage june 3-july 1, 2023 get tickets",Urgency
"madame butterfly by giacomo puccini 100 san francisco years opera all on stage june 3-july 1, 2023 get tickets",Urgency
on-demand free for 30 days with code stack expert-led python courses anaconda.,Authority Manipulation
who s targeting you? crowdstrike read the latest cybersecurity trends crowdstrike 2023 global threat report,Fear Appeals
fan essentials nhlshop.com a fanatics experience c shop now,Urgency
movado $100 off select movado watches rogers hollands shop now,Urgency
discover best sellers and top picks for you shop now amazon books grl hir hip,Urgency
original joe pickett new season now streaming exclusively on paramount try it free with promo code pickett,FOMO
pearl izumi the time is now new road arrivals for spring 23 shop new arrivals,FOMO
keep heading in the right direction. start saving today. t. rowe price college savings plan open an account offered by the education trust of alaska 19,Urgency
that s what u.s. bank is for. us bank we ll get there together. lender equal housing lender. member fdic. learn more,Social Proof
2023 bic usa inc. flonger lasting pleas 1-2 flex 5 titanium 2 razors bic flex5 flexible blades that last. so your paycheck does too. shop now available at walmart,Urgency
lg perfect laundry pair rebate offer save $100 via online rebate when you bundle eligible lg front load washer and dryer appliances terms and conditions apply. subject to availability see details ot lg-promos.com frontload523. volid 5 4 23-7 19 23 save now,Exaggerated Claims
certified by volvo the volvo s60 get a limited time offer today view inventory,Urgency
"western foodservice hospitality expo august 6-8, 2023 anaheim, ca where the restaurant and foodservice community gathers for products networking education details at westernfoodexpo.com register with code qsr to save $15!",Social Proof
enjoy all the best from cooking light with cookinglight all access start today coolinglights 5-ingredient 15-minute 95 e c thursday cookinglig,Exaggerated Claims
sew engl looking for new england revolution tickets? you llscore at ticketmaster revolution the official ticketing partner of the new england revolution. t buy tickets,Authority Manipulation
api invest in yourself with an icp certification american petroleum institute api s individual certifications programs apply today,Urgency
vote for your favorites the best of san 23 antonic,Exaggerated Claims
the best of san 23 antonio current,Exaggerated Claims
fisher greene insurance agency wkeystone providing quality insurance and excellent service... ...at competitive prices since 1914 granite quarry 704-279-7234 china grove salisbury 704-856-0250 704-636-2923,Urgency
"click now for $3 off your 1st online order of $15 or more cagney s kitchen the neighborhood s best kept secret 215 n salisbury ave, granite quarry located beside gq police station 980 332-0220 cagneyskitchen.com",Exaggerated Claims
use code 23dm000 to save $10 spark your curiosity with a fleet membership join today fleet science center,FOMO
"ifam 2023 international folk art market the official guide coming sunday, june 25 don t forget to pick up your copies inside santa fe new mexican",Authority Manipulation
"sc cloud security the most current articles, analysis and email newsletter research involving cloud security. sign up",Authority Manipulation
sc identity weekly insights and best practices to help security teams strengthen their iam programs. sign up today sc media scmagazine.com,Exaggerated Claims
sc identity email newsletter weekly insights and best practices to help security teams strengthen their iam programs. sign up,Exaggerated Claims
reward your inner explorer with skymiles. skymiles program rules apply. adelta skymiles join for free,FOMO
"ciso forum virtual summit 2023 an exclusive executive forum focused on cybersecurity leadership and strategy june 13-14, 2023 register now securityweek cecems, insintsan",Urgency
light in thebox shop now up to 70%off,Urgency
for the future. for them. it s time to pull together. join us today. basc best in the field,FOMO
the catechetical institute at saint charles borromeo seminary register now for non-credit online sessions starting in july!,Urgency
the summer party salt city wine dine aug. 19 la caille 21 event 40 food and drink vendors vip experiences live entertainment with night concert get tickets vida lok yoko lamen,Urgency
the summer party salt city wine dine aug. 19 la caille 21 event 40 food and drink vendors vip experiences live entertainment with night concert get tickets sa vok,Urgency
exclusive hawaii rehas experience true healing begin your journey 808 725-2350,FOMO
"egeta jump on the new season! register now! premier cup 5th annual loudoun premier cup august 18-20, 2023 u9-u19 boys girls",Urgency
roth estate adults at play first fridays of the month join the fun,FOMO
show your the love for ocean take the pledge to eat sustainably. msc choose certified sustainable seafood,Authority Manipulation
"sportspro 1-2 august 2023 marina bay sands, singapore book now save 20%",Urgency
baudiovectors audiovector handmade in denmark since 1979 stereophile recommended rc2023 components,Authority Manipulation
s fecar t cs apply safety c win a set of sport maxx 060 suv tyres stick with dunlop enter now,Fear Appeals
"sunday, july 16 noon - 4 p.m. florida state fairgrounds 4800 us 301, tampa fl tampa bay featuring the bridal ared s top wedding show professionals presented by tampa bay times $5 admission",Exaggerated Claims
enhance your expertise with drexel s school of education online education degree and certificate programs drexel university,Authority Manipulation
learn the requirements and use best practices for asuccessful lot deployment e-guide ultimate iot implementation guide for businesses computerweekly.com,Exaggerated Claims
israel 360 click here to sign up for the ultimate challenge and save more lives! 1104 jordan 4th-12th november 2023 jc saving,Exaggerated Claims
istag armsi big things are coming stagarms.com,Authority Manipulation
testim testim sourceforge customers love us modernize test automation with al to release mobile apps faster deliver quality software at devops speed learn more,Social Proof
testim testim sourchforge customers love us modernize test automation with al to release mobile apps faster deliver quality software at devops speed learn more,Social Proof
testim source forge customers love us testim modernize test automation with al to release mobile apps faster deliver quality software at devops speed learn more,Social Proof
fly to europe from haneda book now lkuthi qatar airways oneworld,Urgency
driving texas business forward. learn more texasmutual workers comp insurance,Fear Appeals
wild alaska travel best northern lights viewing tours wildalaskatravel.com,Exaggerated Claims
princess cruises heart of alaska escorted castor craise toar 13 nights 2024 voyages starting at $2999pp visit cruises to alaska .com,Authority Manipulation
"sponsored by bell free texting for aeroplan members message friends, family and colleagues, over wi-fi, while flying. sponsored by bell. air canada learn more",Authority Manipulation
save summer sale 50% save 50% off on all reservations!0 ramada plaza resort suites international drive - orlando book now,Urgency
24 7 backup power protection generac generac act now,Urgency
all of us research program together we can change the face of medicine. contact all of us research huntsville,Authority Manipulation
"friendly service, farm bureau dependable coverage insurance get a quote farm bureau pok lu",Fear Appeals
strawberry frosty limited time only at participating u.s. wendy s,Urgency
grab your favorite wbez gear at summer clearance prices wbezchicago shop now wbez 2005 public radio nerd wbez chicago wale,Urgency
decas beach in your back yard book now brett robinson gulf shores orange beach,Urgency
"challenge 422 park point thursday, july 13 6 30 p.m. free kids races kids 12 under register at grandmasmarathon.com m.i.l.e.r",Exaggerated Claims
view codes 3 easy steps 1 click view codes 2 download shopping extension 3 apply coupon codes! capital one shopping bestpromocodes.co,Exaggerated Claims
"capabilities upholstery services click here to learn more with over 40 years of upholstery experience, capabilities can custom make the seating you truly want for your customers and breathe new life into your cherished antiques or flea market finds!",Social Proof
"the butler institute of american art exhibitions, art lectures, family events, music, member perks, weddings, meet the artist events admission is free and art is for everyone",Authority Manipulation
bloodline the butler the art of john mellencamp institute of american art speck mellencamp may 7th-july 2nd,Authority Manipulation
spring into savings with the whatsonstage theatre club! join today for access to exclusive club rates for theatre in london! save 20% on an annual membership now. theatre club present,FOMO
spring into savings with the whatsonstage theatre club! join today for access to exclusive club rates for theatre in london! save 20% on an annual membership now. theatre club presented by whatsonstage,FOMO
don t miss the best campgrounds. get exclusive access to the best data from campground reviews.com rv life trip wizard,FOMO
find better campgrounds. get exclusive access to better reviews. b rv life trip wizard,FOMO
kaltir ta join the cfl s loudest fans atig field w buy tickets today,FOMO
waste pro caring for our communities grow with us! excellent benefits apply today wash p,Urgency
limited time! debt consolidation learn more loans adventure credit union ncua,Urgency
a adventure credit union debt consolidation loans limited time! as low as 8.99% learn more restrictions apply. click for details. ncua,Urgency
"webinar advanced nesting techniques to make you more productive june 21 2pm et with kenny belfatto, cim-tech s national sales manager, learn to cim-tech save time register now boost productivity reduce costs",Urgency
i i verified coupons available see codes capital one shopping bestpromocodes.co i i,Exaggerated Claims
"simplifying stoma management there s no mystique to fix the leak catherine t. milne, aprn, msn, anp acns-bc, cwocn-ap sponsored by convatec watch today!",Authority Manipulation
preventative screenings save lives schedule your screening today buddy check z,Fear Appeals
preventative screenings buddy save lives check schedule your screening today,Fear Appeals
injured in a car wreck? we ll fight the insurance companies for you! johnny adams call 500-5000 no fee johnny adams hargdane until -- we win big insurance company no representation is made that the quality of the greater than the quality of legal services performed by,Fear Appeals
this is preservation gannon university apply today,Urgency
9 transform your garage garageexperts epoxy flooring cabinets - storage learn more,Exaggerated Claims
a gentleman s guide love bock and rotterda robert l. freedmander med tyksy steven lutvak roy horniman winner tony award for best musical 2014. hippodrome theatre thehipp.org 352 375 4477 previews may 31 - june 1 june 2 july 9 gainesville cainesville 560,Exaggerated Claims
proud to support the community fair housing reporting and analysis housing market data and insights triangle mls multiple listing services,Social Proof
under armour sup speed shop ua.com,Authority Manipulation
find your perfect fit today at gob,Exaggerated Claims
0 know what s around the corner with zero hedge premium go premium now,Exaggerated Claims
free h bullets midway with qualifying purchase of hornady reloading products. shop now,Urgency
cabela s your hunting gear headquarters shop now,Urgency
dig in m pepsi restaurant royalty show love to your favorite black-owned restaurant and you could win the ultimate foodie experience nominate pepsidigin,Exaggerated Claims
a new era of sleep ashley all-new tempur-pedic mattresses. shop now tempur-pedic,Urgency
dig in m pepsi. restaurant royalty show love to your favorite black-owned restaurant and you could win the ultimate foodie experience nominate pepsidigin,Exaggerated Claims
the big bang theory the one to watch for chemistry introducing max sign up now starting at $9 9 month subscription required. visit max.com,Authority Manipulation
cabela s free shipping over $50 shop now,Urgency
cabela s bargain cave clearance save up to 60% on hunting gear! shop now,Urgency
dig in pept restaurant royalty show love to your favorite black-owned restaurant pepsidigin m and you could win the ultimate foodie experience nominate,Exaggerated Claims
original star trek strange new worlds new season now streaming exclusively on try it free,FOMO
cabela s reloading supplies shop now,Urgency
cabela s highest rated gear shop now ravin crossbows r10 crossbow package,Urgency
original joe pickett new season now streaming exclusively on try it free with promo code pickett,FOMO
"white motors, inc buick gmc thvarket shop now see dealer for details.",Urgency
cabela s intensity performance. clarity. value. upgrade your optics shop now am s,Urgency
original challenge world championship all episodes now streaming exclusively on try it free,FOMO
get your whopper burger king your way. order now at participating u.s. burger king restaurants. tm 2033 burger king company llc,Social Proof
hbo original game of thrones the one to watch for every kind of gamer max sign up now starting at $900 month subscription required. visit max.com,Authority Manipulation
hbo original winning time the rise of the lakers dynasty the one to watch when you got game max sign up now starting at $999 month subscription required. visit max.com,Authority Manipulation
canva extend the first canva developers event register now,Urgency
all-day hydration with broad spectrum sun protection buy now! cerave developed with dermatologists mides cerave am facial moisturizing lotion spf 30,Fear Appeals
original iykyk icarly new season now streaming exclusively on mount try it free,FOMO
original star trek strange new worlds new season now streaming exclusively on paramount try it free,FOMO
shazam! fury of the gods the one to watch with your squad stude sy vzz introducing max sign up now starting at $9 9 month subscription required. visit max.com,Authority Manipulation
book now city cruises by hornblower,Urgency
catch up on the latest seasons the equalizer csi vegas. . s.w.a.t. ocbs streaming on try it free,Urgency
star spangled summer save up to 35% now-july s shop now cabela s track,Urgency
threat-stopping performance bondso remington bonded 20 shop now,Urgency
volvo get a limited-time offer on a volvo xc90 mild-hybrid today. learn more,Urgency
"see dealer for details. white motors, inc buick gmc reare oftaloface chevrolet shop now",Urgency
"elanco rumensin. generations of local support committed to your operation. contact your sales representative to learn more or visit trusted bygenerations.com. made in usa elanco rei, ranc and the diagonal har logo are trackermark of an orien pm-us-21-0412 2",Social Proof
cabela s star spangled summer shop now,Urgency
plan your momentous european trip early. reserve. relax. hertz. let s go! book now hertz,Urgency
the family stallone new reality series now streaming exclusively on mount try it free,FOMO
wharton executive education powerful programs for senior executives apply now live online and on campus,Exaggerated Claims
protect what you love columbia proud protector of the skin on your back and waters you love www shop now,Urgency
federal prairie storm premium now with flitecontrol flex 12 gauge h palter federal premium 25 upland prairie storm x fs lead gauge federal prote 25 upland buy now prairie storm fs steel x,Exaggerated Claims
cabela s leatherman the perfect gift for the adventure ready dad explore more,Exaggerated Claims
"cancer patients need answers. invest in the nih. paid for by research!america, act for nih. and partner organizations",Authority Manipulation
at t learn how new and existing customers get our best deal on every google pixel learn more google pixel offers vary by pixel phone. terms restrictions apply.,Exaggerated Claims
explore new settings as a locums psychiatrist. get expert help weatherby healthcare,Authority Manipulation
saratogi the perfect pairing. saratoga spring water available now 02023 bluetriton brands inc.,Exaggerated Claims
"toro. summer sales -event- up to $50 off select 60v max battery handheld yard tools shop now vjene1-july 31, 201 in apply state walt ay maacturing vmaxman swv typical adala",Urgency
celebrate disney100 save 5% on disneyland resort tickets plus hotel parking included book now hilton anaheim,Urgency
strutet beauty treedom i love moulin rouge! the husicallo broadway s most spectacular night out! get tickets,Urgency
"continental get up to a $220 rebate yes, really. purchase 4 qualifying continental tires from 6 1 23 to 6 30 23 and get up to a $220 rebate. apply today 200 0000 0000 03 04 www learn how see terms the smart choice in tires",Urgency
pella window door replacement g our summer sale ends soon. get a free consultation. book now,Urgency
essential online safety trainings learn more safetynow.com,Fear Appeals
toptier trader now supports tradelocker streamline your trading process try it now,Urgency
"pdf samtec - accelerate hd multi-row mezzanine strips accelerate hd ultra-dense, slim body multi-row mezzanine strips are rated for 56 gbps pam4 on a 0.635 mm pitch. sponsored by newark, an avenet company learn more",Authority Manipulation
age of learning creators of abcmouse efferse count personalized learning on a whole new level my math academy my reading academy learn more,Authority Manipulation
market research report embedded survey powered by aspencore insights and data on the current state of embedded development free download,Authority Manipulation
scalefusion windows management effortless management effortlessly simple windows,Exaggerated Claims
bad boy carolina herrera new york bad boy extreme the new eau de parfum shop now,Urgency
largest in stock selection best free same day delivery mattressfirm el paso las cruces thank you el paso for buying local for 25 years,Exaggerated Claims
"afr insurance bolenbaugh insurance agency, inc. agent geneva bolenbaugh home auto farm ranch life dwelling click for quote",Fear Appeals
"is your coverage up-to-date? home auto farm ranch life dwelling bolenbaugh insurance agency, inc. agent geneva bolenbaugh click for quote insurance",Fear Appeals
ed! entertainment daily want the latest best true crime news? click here ed! true crime pey ly land,Exaggerated Claims
kinzua country get the 104.3 app hincapeaux lountry 104.3 humes jeep humesforcars.com,Authority Manipulation
kinzua country 104.3 get the app arzua country 104.3 humes jeep humesforcars.com,Authority Manipulation
we custom homes 2021 parade of homes people s choice award w.e. build together!,Exaggerated Claims
crowdstrike aws how secure is your cloud? get a free health check,Fear Appeals
it s the 1 killer in the u.s. today... learn how you can protect your heart! 021 protect heart! tect art! get your free dvd! cbn.com,Fear Appeals
"loanback smarter friend family lending live loan counter personal loans formalized through loanback $1,790,581,228 and counting join the tens of thousands who trust loanback",FOMO
abe 7 merican tim faith leave fans stunned with announcement,Social Proof
farm collector sign up newsletter today! old iron news features original online articles.blogs expert answers to readers questions and more. start here,Authority Manipulation
o pride of the form sam usa m 4 th july usa farmer use fireworks30 to get free shipping on orders over $30 promotional offer only available in the continental us. a farms.com company shop.usfarmer.com,Authority Manipulation
camelbak camelban more than just a cooler chillbak soft coolers shop now,Urgency
chillbak soft coolers camelbak shop now,Urgency
it s what you don t see that counts. 20 de santis gunhide shop now,Urgency
summer courses join us this summer for a unique opportunity to immerse yourself in the thought of john paul ii! july 17-21 theology of the body july 24-28 faith american culture pontifical john paul ii institute for studies on marriage family,FOMO
suzuki marine ultimate the outboard motor,Exaggerated Claims
energizing the future of flight join us in hall five find out more bae systems,FOMO
"the official international streaming partner of the nrl watch nrl premiership not available in australia, nz or pacific islands",Authority Manipulation
historic city modern homes it s the best of both worlds in gettysburg! gle patio $300s singles $400s homes learn more,Exaggerated Claims
"strength for life chiropractic clinic fitness center 5 doctors of chiropractic 150 years of clinical experience dr daniel godbout dr aaron drouin dr roger berman dr gary gorman dr josef arnould dr. aaron drouin discover how we can help you 116 pleasant st, suite 125, easthampton 529-0700",Authority Manipulation
your call is very important to us. really? then why am i on hold so long? whalen insurance 71 king street northampton local people local service local insurance,Fear Appeals
"aws aws silicon innovation day discover how aws-designed silicon fuels customer outcomes wednesday, june 21, 2023 9 00am - 4 00pm pdt register now 0",Urgency
"aws aws silicon innovation day discover how aws-designed silicon fuels customer outcomes wednesday, june 21, 2023 9 00am - 4 00pm pdt register now",Urgency
"aws aws silicon innovation day discover how aws-designed silicon fuels customer outcomes wednesday, june 21, 2023 9 00am - 4 00pm pdt 6. register now",Urgency
quest ny buy your own lab tests at quest. proud partner in health of the new york giants. questhealth.com,Authority Manipulation
member-owned so much more than electricity... thain georgiaemc.comysafety advocacy volunteerism leadership excuronmental georgia s emcs official energy provider of ghsa since 1999,Fear Appeals
farm support georgia bureau georgia agriculture join now,FOMO
lock ransomware out of your enterprise threatlocker zero trust endpoint protection platform,Fear Appeals
"carbon esg strategies powered by hartenergy live register now august 30-31 houston, tx",Urgency
"fisher investments blunder 10 mismanaging retirement withdrawals you ve accumulated a large nest-egg- are your portfolio withdrawals putting it at risk? if you have a $500k portfolio, you should read 13 retirement investment blunders to avoid. learn more",Fear Appeals
travel js insurance travel insurance for your holiday,Fear Appeals
aon risk ninth edition risk global risk management survey take the survey risk risk,Fear Appeals
double engine ki sarkar double speed se vikas ayushman uttar pradesh medical insurance cover of 5 lakh to 8.9 crore beneficiaries under ayushman bharat and mukhyamantri jan arogya yojana,Fear Appeals
"alphaedge recognition dinner july 25-27, 2023 newport marriott newport, ri ii institutional investor join us for a celebratory evening to recognize distinguished allocators learn more",FOMO
"alphaedge recognition dinner join us for a celebratory evening to recognize distinguished allocators july 25-27, 2023 newport marriott newport, ri learn more ii institutional investor",FOMO
"isn t laugh out loud with friends, better than lol with your phone? engage in the largest irish american social network join the aoh",FOMO
ems rig premium resource for all things ambulance sponsored by eaeve click here,Exaggerated Claims
"p.k.construction since 1992 get 50% off installation of new windows! he t 1035 us highway 180 e seminole, texas 79360 432 209-1747 accredited business",Exaggerated Claims
tcr theatre june 23 rockfages a -through- july 23 at tcr book now,Urgency
seeking a scientist... brought to you by o swe npr network 2 kit kate the chemist a science podcast from kcur subscribe now,Authority Manipulation
juneteenth 1865-2023 freedom to learn watch the award-winning series commercial-free. streaming now on khou-11 roku firety,Social Proof
want to support your community s health and wellness needs? apply to join evergreen health s board of commissioners! evergreenhealth your community-owned hospital,FOMO
evergreen health your community-owned hospital committed to serving everyone in our community. learn more,Social Proof
a journey must be taken h. l. howard true love knows no age an offbeat romance with an intriguing premise that will leave readers guessing right until the very end. -kirkus reviews buy the book,Social Proof
"seattle pride parade galactic love celebrate seattle s lgbtqia community seattle pride parade sunday, june 25th 11am downtown seattle",Social Proof
st. jude children s research hospital st. jude dream home giveaway tickets on sale now!,Authority Manipulation
we re the team that cares for the team. the giants official health care provider dignity health.,Authority Manipulation
"waterfront festual sound check open to the public! featuring lo steele friday, june 30th 4 30-6pm 1355 sw 2nd ave. . the porter x xport bar lounge",Urgency
"getkimshelp.com live tech experts 24 7 try it now! satisfaction guaranteed. if you re not 1,000% happy, you don t pay a cent!",Urgency
wha community driven healthcare for great plains tribal members get your ifob test today! test for colorectal cancer in the comfort of your own home! get a $35 fuel card while supplies last,Scarcity
expert neuroscience spine logan care offered in montana. health,Authority Manipulation
ksat community university rbfcu curtain up cu cancer foundation energy transfer click here for more information,Social Proof
"wray ford benton road 1-220 bossier city $1,000 cash back 0% on select models w approved ford financing apr financing",Authority Manipulation
beyond the headlines human trafficking in our community airing june 22 at 9pm 6 fox 33 ktal read 4.5 rehv news.com wo gm presented by brentwood hospital edward mouton attorney at law,Social Proof
beyond the headlines human trafficking in our community airing june 22 at 9pm 6 fox 33 ktal kmbh v45 kishv news.com beyond presented by brentwood wo hospital gm edward mouton attorney at law,Social Proof
"custom communications custom alarm, since 1968 protecting your business access control fire alarm systems inspections video surveillance intrusion detection water temperature sensors 507.288.5522 custom-alarm.com get started today",Fear Appeals
be an adoptive home for preston and other children in foster care learn more about adoption susan s kids sponsored by brandon steven motors,Authority Manipulation
"great american flag swap day brought to you by becu june 23rd, 2023, from 9am -1pm. while supplies last learn more",Scarcity
i growing marijuana.com buy 10 seeds get 10 seeds free! new deals every week on premium strains,Exaggerated Claims
next region the lima news mahiom n st. h st. h technical llc nominate best roofing company us today!,Exaggerated Claims
buckeye furniture mattress center nominate us for best furniture and region best mattresses the lima news limaphic.com 3790 harding highway lima oh,Exaggerated Claims
"get the best of both worlds! print news digital wednesday and saturday print plus unlimited digital access to our website access our enhanced local content on any device, anywhere and anytime!",Exaggerated Claims
"best of northern spain escorted 2024 perry golf est 1984 escorted tours 8 nights 4 rounds including basozabal golf club may 6 - 14, 2024",Exaggerated Claims
"untcastle. plastic surgery vein institute 2023 best of 000000 loudoun best plastic london times mur surgery practice winner 44095 pipeline plz suite 270, ashburn, va 20147-7516 571-266-1776 plastic surgery.com",Authority Manipulation
listed series exchange traded funds w build the perfect portfolio with asx listed products view series,Exaggerated Claims
exchange capital management inc wealthystreet academy tm when can i safely retire? click here for answers,Authority Manipulation
misterb b luca host in rome welcome the largest lgbtq travel community,Social Proof
continue 1. click continue 2. add apps 3. watch popular tv shows watchsmatchs.com,FOMO
pioneer community energy want to save up to 19.5% on your electricity generation? choose pioneer your power. your choice.,Social Proof
"fee free on-road off-road fuel propane, heating fuel kerosene e energy v your home comfort connection owned and operated family business since 1913 find out more",Social Proof
d digo the true premium u.s. hispanic audience network reach and connect up to 51m u.s. hispanics in a brand-safe and culturally relevant premium network,Exaggerated Claims
free trial course for new ccei users! spn107 attention deficit hyperactivity disorder co valid until 6 30 23 enroll here! childcare education institute a straightline company,Authority Manipulation
free trial course for new ccei users! spn107 attention deficit hyperactivity disorder enroll now! childcare education institute valid until 6 30 23 a straighterline company o,Authority Manipulation
sports chicago ultimate sports insider download the all new nbc sports chicago app download on the app store get it on google play in-depth coverage scores analysis highlights alerts,Exaggerated Claims
paid political advertising thank you governor lombardo for vetoing ab250 and protecting patients not insurers! healthy nevada healthynevadans.com paid for by healthy nevada,Fear Appeals
paid political advertising thank you governor lombardo for saying no to insurance companies saving money over patients at the pharmacy counter by vetoing ab250! healthy nevada healthynevadans.com paid for by healthy nevada,Fear Appeals
thank you for vetoing ab250 and protecting patients not insurers! governor lombardo paid political advertising healthy nevada healthy nevadans.com paid for by healthy nevada,Fear Appeals
live local news on any device free 4 tv fire ty roku download news4jax,Urgency
"superior quality from local craftsmen kirb monument company since 1955 2407 dudley ave., parkersburg, wv 26101 m-f 9 00 5 00 please call 304.422.2066 unbeatable prices incredible service",Exaggerated Claims
panhandle hih foundation repair complete affordable foundation repair 373.4000 we re from here... and we re always here when you need us. click here to visit our expert connection page.,Authority Manipulation
panhandle 373.4000 foundation repair complete affordable foundation repair hih we re from here... and we re always here when you need us. click here to visit our expert connection page.,Authority Manipulation
"nz s affordable, premium heat pump brand hitach cooling heating hitachi consumer. recommends hras-soyab years warranty",Exaggerated Claims
era-tucke official health care partner 76 wilson 2 prav all-star care and treatment learn about our program. atlantic sports health,Authority Manipulation
gas golden knights stanley cup champions 2023 champion m 2023 stanley c champic nhlshop.com a fanatics experience bree stanley che champs stanley cup champions m 2023 shop now ammicon champions,Urgency
"new from the mit press a clear-eyed examination of the history, current conflicts, and future possibilities for open access. start reading the free ebook now eter baldwin chalarly knowle boun athena should be free for all",Urgency
sip sip hooray! root beer float is back! shop now premier protein float 30% p 160 24,Urgency
sip sip hooray! root beer float is back! premier protem shop now,Urgency
"travel cst 1016202-80 cruise u.s. rivers get $100 person, and more! onboard credit with american queen voyages learn more 1-877-898-5791",Social Proof
"enjoy amazing value travel with princess and aaa travel aaa travels with you learn more new sailings from los angeles, san diego san francisco 1-877-898-5791 cst 1016202-80",Exaggerated Claims
bringing the outdoors to you! subscribe now to canada s only national fishing hunting magazine your 2032 hardwater action guide outdoor tex bae crea hantin cando fishing guaranteel big best 3 12 bets! 40 hot spots!,Exaggerated Claims
"show us upload a photo of you, your family or your pets wearing your favorite baseball team color! click here your colors sponsored by pinegar advantage rebic-spring bran",Authority Manipulation
gpackers pro shop new from homage aaron jones showtyme quad-zilla dillon g shop now,Urgency
a palm beach masterpiece 200 via palma exclusively listed by chris leavitt adam mcpherson jessica willoughby douglas elliman connect,FOMO
"best of both worlds ma hv reimacine your midweek adventures - in - happy valley, pa start planning",Exaggerated Claims
the portion market where we b aircraft for sale by flying march sun fun the best aircraft for sale by flying the new way to buy or sell your next plane. in digital print get early access,Exaggerated Claims
"intel xeon d rugged single board computers with 40 gigabit ethernet, native extended temperature, and integrated security fpga for enhanced data protection. view now x-es",Fear Appeals
celebrate dad $10 unlimited popular woodworking subscriptions give a gift now! eh,FOMO
"expect the best... from the best! bath kitchen remodeling stone marble connolly s bath tile works complete bath packages supplied installed learn more 843-737-5002 9430 hwy 78, ladson, sc",Exaggerated Claims
be the reason why... roofs get fixed. coastal cc community f f foundation of south carolina learn more,Social Proof
montco for all summer fall semester summer schedule 10-week session starts 6 5 6-week session ii starts 7 6 enroll now fall schedule 15-and 7-week i session start 8 30 7-week session ii starts 10 25 mc3.edu forall montgomery county community college,Social Proof
friedmans appliance 100 as experience the miele innovation center exclusively at friedmans appliance miele,FOMO
"stock your inbox with recipes, reviews restaurant news the maine dish sign up now stt 23 pressherald.com",Social Proof
nordvpn best vpn deal internet security and privacy get vpn -66%,Fear Appeals
"shaft grounding at its best maintenance-free bearing protection kits helwig avoid costly repairs, downtime, warranty claims internal or external mounts learn more lifespan of 10 years products, inc. aring baby carbon",Fear Appeals
s b upgrade everything the new puffco peak pro shop now ap 21,Urgency
puffco peak prot shop now agus 21,Urgency
"are you prepared to survive? experts survival strategies for natural disasters, urban threats, and other deadly emergencies get prepared ffgrie meine what if? det vil strategies for natural ters uh theas and other deadly emergencies",Fear Appeals
45 more 3 pack shout gamily staro 9540 new! refresh your rooms with what s new. make routines easier. shop now,Urgency
rabies prevention when going fishing in the us learn about rabies and wild rabid animals at us-hb3-2300019 rabies,Fear Appeals
"crowdstrike aws how secure is your cloud? find out and receive a $1,000 aws credit get a free health check",Fear Appeals
compostable . strong. hefty ecosave compostable plates heavy duty microwave safe made without pfas shop now commercially compostable only. facilities may not exist in your area. not suitable for home composting. 2023 reynolds consumer products llc.,Urgency
- doctor of medical sciences - evidence-based and focused are at the highest in decades apply now high point university,Authority Manipulation
made right here saturdays 6 gore mutual insurance that does good. r greater kitchener waterloo chamber of commerce avences biliny,Fear Appeals
"shen yun zuo pin live concert 2022 fei tian academy of the arts music competition 5 premieres june 24, 8pm et watch for free",Authority Manipulation
from $49 starring you?! hyprov improv under hypnosis get tickets harratis las vegas,Urgency
cris angel mindfreak the most exciting show in vegas. from $87 book now,Urgency
"looking for the best fish and tanks? we ve got you covered! learn more capital exotic fish summer sundays 10% off fish plants driven by liebman associates, inc.",Exaggerated Claims
the banker register now 122pare a service from the financial times,Urgency
onewheel official vehicle of summer destroy boredom shop now gt,Urgency
"st. louis hills pharmacy -veteran owned -low cost medications -durable medical equipment -home delivery 4365 chippewa st suite 100 st. louis, mo 63116 sthillsrx.com",Scarcity
the american sea power project a naval institute initiative to revive thinking about maritime strategy.,Authority Manipulation
enter the naval institute s naval intelligence essay contest sponsored by naval intelligence professionals deadline 31 july 2022 more details here his,Authority Manipulation
fisher investments 7 ways to avoid running out of money during retirement learn more,Fear Appeals
the michael j. fox foundation for parkinson s research honor the legacy of a loved one donate,Authority Manipulation
join house carers .com click here!,FOMO
randstad hire smarter with competitive pay get the 2023 salary guide. download now,Urgency
distinctive collection better homes life style by design find a home each franchise is independently owned and operated.,Social Proof
"save up to $1,500 on becker cpa ends soon save now becker cpa exam review",Urgency
tom brady s career k greatness carter hardcover book shop now usa today sports 12,Urgency
ponce bank of bestth bronx presented by ponce bank bestofsxtimes.com 2023 vote now! click here,Exaggerated Claims
beyond bollywood 2000 years of dance in art v every move has meaning. asian art museum museum differently. get tickets,Urgency
"soundproof. seamless. sustainable. over 6,000 happy customers and counting. get a room",Social Proof
"if you acquired eos tokens in a u.s. domestic transaction between june 26, 2017 and may 18, 2020, eos",Social Proof
al-generated images. worry-free licensing. try for free shutterstock.,Social Proof
"ccleaner clean, fast and secure pc with ccleaner s award-winning tools 4-in-1 tool fix errors recover files delete trackers boost performance get ccleaner pro",Fear Appeals
2.5 liquid web managed dedicated hosting linux or windows available 100% network power uptime guarantees 24 7 365 support from $99 shop now j liquid w,Urgency
abclegal your nationwide service of process experts. place order,Authority Manipulation
champs dist.com food recipes champs diet.com,Authority Manipulation
don t miss out g.loomis american legacy fishing company. click. cast. catch. shop now,FOMO
"optymint wali equal housing opportunity optimist village, inc. with beautiful scenery, pet friendly environment, and an awesome staff, our community for a cozy place to call home. 3650 optimist-way, west orange, tx 77630 409-883-9949 learn more",Social Proof
"civic theatre something na no i love you, you re perfect, now change sepakar 20 ecolor purple pan jersey boys tickets six degrees of separation fra hrvary for on sale now! 2023-2024 season shrek malay salem mare.",Exaggerated Claims
vivaia celebrating 3 of happy feet! up to 50% off shop now,Urgency
specialises tuffstuff actroport get an obligation free quote specialised 4x4 insurance product,Fear Appeals
"care for your smile and let it brighten your day same day crowns teeth whitening dental implants bitesplints beers family dentistry dr. chad beers and dr. kyle lints lwinner 2015-2018-2021-2022 dr. chud boers, d.d.s",Authority Manipulation
"beers family dentistry dr. chad beers and dr. kyle lints care for your smile and let it brighten your day same day crowns teeth whitening dental implants bitesplints red hot winner best 2013-2018-2021-2022 dx chad bw, d.d.s",Authority Manipulation
vivaia designed for all day wear shop now,Urgency
find better campgrounds. get exclusive access to better reviews. rv life trip wizard,FOMO
"thinkmate high performance computing affordable servers, workstations, and the best system configurator online. supermic shop now l thinkmate fer m",Urgency
revlon colorsilk beautiful color ammonia-free lorsilk colorsil colorsilk colorsilk colorsilk colorsir make your move shop now,Urgency
u united united community bank. member fdic. balancing budgets and investing in your future? alla m bank better,Social Proof
official news in your inbox subscribe now atp tour,Authority Manipulation
"driver reviews, rides, rigs, and more. visit utv driver",Social Proof
eofy sale save big on kids toys causraphic shop.australiangeographic.com.au save up to 20% australia s came collector kine c australia s game chemistry set been geainity recycled paper beads le tim,Authority Manipulation
antarctica islands national parks australia s - best 100 bike rides geographic austration our country save up to 30% eofy sale save big on coffee table books australian geographic shop.australiangeographic.com.au,Exaggerated Claims
ga cta thermo fisher scientific applied bosystems bigdye terminator kits- trust the masters with your science get the original applied biosystems,Authority Manipulation
stephen cleaners since 1962. eco friendly dry cleaning laundry complimentary pickup delivery stephen cleaners.ca,Authority Manipulation
st. jude dream home giveaway it s a win-win to help patients like ay den what could i win?,Scarcity
looking for clinical whitepapers? click here to read the latest insights from industry experts read now becker s healthcare,Authority Manipulation
"straight talk about dementia thursday, june 29, 2023 5 00-6 30 p.m. home instead. to us, it s personal register",Exaggerated Claims
cirebon festival arhanud 14 cirebon bil 17-18 juni 2023 get tour tickets judika. marion jola. rizky febian mc danny. aldy jadong. tiara andini. danilla. lyodra music. culinary. art.sport. community. games ja tiketbox,Social Proof
"fisher investments blunder 10 mismanaging retirement withdrawals if you have a $500k portfolio, you should read 13 retirement investment blunders to avoid. learn more",Fear Appeals
"0 ft u com amera3 f 32 having a period is not a luxury. purchase 1 product, we will donate 2 to help end period poverty shop now only at walgreens visit allianceforperiod supplies.org for details. offer valid through 6 30 23 up to 1.1 million products",Urgency
sutherland second only to nature shop now,Urgency
onewheel official vehicle of summer destroy boredom gnewheel shop now,Urgency
1823 1923-202 no slavery. no exceptions. endtheexception,Exaggerated Claims
"callondoc your doctor, your way! same day online doctor of $39.99 available 24 7 prescription pick up at any us pharmacy in 1-2 hours ages 1",Authority Manipulation
lakes region weekly your community news delivered weekly access your epaper here,Social Proof
"tiltfi hydra-arm mini car mount system available now starting at $9,999 shop now",Urgency
worlos collide flash in cinemas now get tickets 2023 whitm,Urgency
coin world marketplace plenty of peace hundreds to choose from explore in god ve shop now r trvat,Urgency
plenty of peace hundreds to choose from and explore coin world marketplace shop now,Urgency
kick off crown royal shop now please drink responsibly,Urgency
"49uly co na tuesday, july 4th live entertainment. kids activities. street performers finished with spectacular fireworks display click for more information",Exaggerated Claims
5g plus amazing camera meets instant sharing get airtel 5g plus on your new iphone 14 pro iphone 14 pro t c apply. for detaik visit airtelin sgfac,Exaggerated Claims
o 5g plus incredible camera meets instant uploads get airtel 5g plus on your new iphone 14 pro iphone 14 pro,Exaggerated Claims
food summer 30-minute dinners perfect for busy weeknights browse the recipes,Exaggerated Claims
reduce the risk ...of becoming infected with the west nile virus click here to find out how you can help us prevent this from happening! solano county mosquito abatement district 707.437.1116 solanomosquito.com,Fear Appeals
"a family owned since 1979 e olsen s for healthy animals not your typical feed store quality pet food supplies, equine livestock needs and more! we deliver! - visit one of our 5 locations chino valley prescott dewey clarkdale flagstaff olsensgrain olsens.az",Exaggerated Claims
join house carers a .com click here!,FOMO
100% made in usa perfecting your powerstroke hydra in-dash billet flush mount,Exaggerated Claims
food 30-minute dinners perfect for busy weeknights browse the recipes,Exaggerated Claims
3 dangerous foods for dogs top vet explains the one mistake dog owners make that could be cutting your dogs lifespan. dr marty,Fear Appeals
god is a bullet based on the novel by in theaters boston teran june 23 d get tickets,Urgency
will you returnalive join global cbt now!,FOMO
14 month certificate let your money 5.00% work for you. learn more safeamerica credit union apy annual percentage yield subject to change without notice. see website for details. american share insurance,Fear Appeals
sandy hook promise gun violence is preventable when you know the signs . advertisement learn more,Fear Appeals
vivaia celebrating 3 of happy feet! 50% off shop now,Urgency
custom coins free design - free shipping caption f police dive gs-jj.com,Authority Manipulation
arolina follow sports 35 perfectly timed cheer moments,Exaggerated Claims
"avail upto 1,500 off on your toefl ibt test coupon code carr20 register now offer valid till 30th june 2023 ets, toefl.",Urgency
co g join 30 million users enhance your writing with grammarly get grammarly,FOMO
"callondoc your doctor, your way! ages 1 same day online doctor $39.99 available 24 7 prescription pick up at any us pharmacy in 1-2 hours",Authority Manipulation
annie cloth up to 45% off shop now,Urgency
18 unlimited possibilities with the ultimate online experience antietam broadband,Exaggerated Claims
pathways ctu living-learning community co-creating the church of tomorrow catholic theological union,Social Proof
safety adt days save up to 30% event limited time offer get quote d raq 1-ma min pro monitoring w self setup or pro install w 36-mo agm t early tarm inatal fees . excludes discounted equipment bundles. video service req for 30% discount. taxes addt l. full tarms visit adt.com legal.,Urgency
mint mobile limited time only unlimited premium wireless now just $15.0 add restrictions apply tases fodra new activation red. min. 3 mo. purchase. dataspead reduce 40gb mo. see mintmable.com. get offer,Urgency
amazon shop. connect. enjoy. all from earth s biggest selection shop now privacy,Urgency
skyprep lms without the mess the best learning management system to elevate your training capterra 4.8,Exaggerated Claims
fractional with no monthly management fee. flyexclusive up to $100k fight credits included for amined 12 explore fractional ownership robb report best of the best winner 23 30,FOMO
gs-jj.com make your own custom coins best gift capitol thank you u.s. visit us today on police division officers v novn 30 % off,Exaggerated Claims
trn join the premium family upgrade now p,FOMO
plugged in with c conversations along the electric highway stay connected to canada s ever-expanding ev community. driving p postmedia listen now,Social Proof
www mykol wreams 350 hagden sanked minted. margot james brides introducing our exclusive invitation collection with minted shop the collection,FOMO
the um process get the research report is inefficient for both payers and providers discover next generation um through al xsolis,Authority Manipulation
c soda king 2 grand theft aug vice exten minecraft dio 00 bestcools,Exaggerated Claims
crowdstrike who s targeting you? crowdstrike 2023 global threat report read the latest cybersecurity trends w,Fear Appeals
continue 1. click continue 2. add apps 3. watch popular tv shows watchsmartapps.com,FOMO
sponsored by babbel and tripadvisor two ways to maximize your next summer vacation read more,Authority Manipulation
save up to 30% adt event limited time offer uving room raq 1-mo min pro monitoring w salf satup or pro install w 36-mo agm t early term install feaal. excludes discounted equipment bundles. video service req for 30% discount. taxes acc l. full terms visit adt.com legal. get quote,Urgency
o unlimited possibilities 00 $ with the ultimate online experience,Exaggerated Claims
same day online doctor chronic health psychiatry $39.99 callondoc ages 1 available 24 7 prescription pick-up in 1-2 hours urgent care stds dermatology,Authority Manipulation
"united mileageplus avis budget save up to 35% off base rates and earn up to 2,750 miles per rental completed by 6 30. book now terms apply.",Urgency
hinge health chronic pain affects more than work performance join the movement,FOMO
a shemaroome exclusive film gj nj watch now,FOMO
lightinthebox up to 70%off shop now,Urgency
vid merican eva urina mls shop now atti mlsstore canyo ss minerals austi 3 thomas,Urgency
we re having a fetus is it really only a fetus!?,Scarcity
digital trends best apple airpods deals read more,Exaggerated Claims
"c tes de bordeaux explore c tes de bordeaux, where some of the best wine in the world is made discover now",Exaggerated Claims
med delivery in the new normal give customers what they want. touchless delivery. convenience. fewer trips to the pharmacy-pouch packaging. learn more hernary,Social Proof
fanatical great pc games. fantastic value. shop now trustpilot all trademarks are the property of their respective owners.,Urgency
elegoo w model by nomnom figures 25 saturn 3 ultra 12k mono msla 3d printer only $499 original price $550 shop now elegod new arrivals,Urgency
"crowdstrike nowhere to hide 2022 falcon overwatch threat hunting report verticals impacted by at from july 1, 2021, lockbit to june 31, 2022 t get the report",Fear Appeals
zales the diamond store kanarie 10000 lammy arene unleash your inner style icon shop now,Urgency
emmiol y2k grunge style shop now,Urgency
best selection of servers workstations from the experts in high performance computing. thinkmate high performance computing shop now,Urgency
earn your doctor of pharmacy in three years midw stern midwestern university college of pharmacy chicago area phoenix area learn more,Authority Manipulation
startpage protect your online search engine financial activity search privately,Fear Appeals
artisan-made craft cannabis organically grown rosin-pressed premium edibles c luny b 20% off order online,Exaggerated Claims
"legear soften, soothe, and protect damaged skin on livestock! time-tested animal health care products find out where to buy udder ointment legear lanolized udder intment p vita antise",Fear Appeals
"acs chemistry for life american chemical society your future in chemistry starts here join a community of experts, employers and peers learn more",FOMO
"schrade slyte folders made in the usa, d2 blade steel ultra thin construction shop now",Urgency
"win your dream watch! the premium time company 10, 09 rolex pelatie meter 20 40 30",Exaggerated Claims
badge magic instant badge fabric adhesive never sew another badge again! shop now,Urgency
"ride safe, it s fun! scout s honor. polaris-bsa atv safety programs are hands-on experiences practicing sale riding. situations include hill riding, emergency stopping and swerwing, quick turns, and riding over obstacles. polaris in proid partnership with boy scouts of america learn more",Fear Appeals
hinge health learn how employers are personalizing msk benefits to decrease costs join the movement,FOMO
will you return ative join global cbt now!,FOMO
sealy pressure-relieving hexgel technology innovative comfort from america s 1 mattress brand shop now,Urgency
experience -the- spectacular 2023-2024 season pnc broadway lights series funny girl the wiz company moulin rouge mrs. doubtfire back to the future message in a bottle and more to be announced! get season tickets,Exaggerated Claims
experience the spectacular 2023-24 season pnc broadway lights series get season tickets,Exaggerated Claims
chicago magazine chicago s best restaurants,Exaggerated Claims
"abf whether it s lifestyle, transformation, or competition. you matter to us. click to join fitbody fusion it professional league charlotte pro npc cha otte cu nationaay pa champi fal",FOMO
kalmbach hobbystore the year s best models free shipping 225 great models! great scale modeling be inspired! 10 big shows,Exaggerated Claims
"spectra simple to start seamless to scale join thousands of developers and engineers for a day of lot register now do hode photon 2 join virtually june 21, 2023",Urgency
10 20 vivaia celebrating 3 of happy feet! up to 50% off shop now,Urgency
"stunning stones. transparently priced. 1 carat $800 2 carat $1,600 lightbox laboratory-grown diamonds shop now",Urgency
"open the door to curiosity. the science behind pixar exhibition open now nexpoint of science buy tickets per olt museum of nature and science 2201 n. field street dallas, tx 75201",Authority Manipulation
flyexclusive up to $100k in flight credits with a share purchase of a brand new citation cj3 . explore fractional n783us robb report best of the best winner 2022 ve,FOMO
flyexclusive 8 robb report best of the best winner 2022 fractional without monthly management fees join flyexclusive fractional and receive up to $100k in flight credits. explore the cj3,FOMO
"pantheon fast, secure drupal sites on pantheon start for free",Fear Appeals
"upes upes dehradun, now empanelled with cuet up to 30% merit scholarship on undergraduate programs based on cuet score last date to apply june 30 t c apply. for more details visit upes.ac.in",Authority Manipulation
startpage protect your personal data. 1 search privately,Fear Appeals
get all the best of buzzfeed quizzes sent straight to your inbox. sign up now quiz,Exaggerated Claims
flyexclusive robb report best of the best winner 2022 locked hourly rates no peak day premiums. join platinum jet club.,FOMO
"michael $100 off kelly including free shipping thru june 30, 2023 triad port built on sound shop now",Urgency
hsu research ludionolis performance features build quality vtf-15h mk2 value best of 2015 vtf-3 mk5 hp,Exaggerated Claims
crowdstrike innovate. 00 don t imitate. furthest right for completeness of vision in the gartner magic quadrant for endpoint protection platforms get the report gartner.,Fear Appeals
mcalister s . deli. keep summer fresh asian crunch salad order now while supplies last for a umhed dime. mcalister deli.,Scarcity
casper 4th of july sale 20% off everything. for the love of cooler sleep. shop now exclusions apply. offer vald only at casper.com and participating retailers. see casper.com promo,Urgency
new app. new times. new statesman. download,Urgency
hefty hefty 1 party cup america shop now,Urgency
a party in every pack hefty 1 party cup america hefty shop now,Urgency
court 2 closet tennisshop powered by tennis pont oto shop now,Urgency
hefty a party in every pack hefty 1 party cup america shop now,Urgency
court 2 closet tennisshop shop now powered by tennisopoint,Urgency
star wars mandalorian logitech rule the game the a30 wireless the mandalorian edition shop now 80,Urgency
010 shop now tennisshop court 2 closet powered by tennis point,Urgency
part time military jobs these civilian military jobs are part time us arm see these jobs walletgenius.com,Authority Manipulation
mint mobile unlimited premium wireless now just $15 mo get offer tu,Exaggerated Claims
compostable . strong. hefty ecosave compostable plates beafy duty hoevvie we made without plas shop now commercially compostable only. facilities may not exist in your area. not suitable for home composting.2023 reynolds consumer products llc.,Urgency
hinge health learn how employers are thinking bigger about personalized msk care join the movement,FOMO
if you insist on jogging by my house please put on decent clothing my children do not need haur aroafr hands down the best yards signs we ve ever seen,Exaggerated Claims
451 research s p global market intelligence track tech m a with complimentary analysis m a knowledge base daily newsletter subscribe,Authority Manipulation
"united save up to 35% off base rates mileageplus avis budget and earn up to 2,750 miles per rental completed by 6 30. book now terms apply.",Urgency
compostable . strong. commercially compostable only. facilities may not exist in your area. not suitable for home composting. 2023 reynolds consumer products llc. hefty ecosave compostable plates shaft ty crow shop now,Urgency
limited time only mintmobile unlimited premium wireless - now just $15 mo addrestrictions apply. taxes for extra. new activation ned min. 3 mo purchase. data speeds reduce 4008 mo. see mintmable.com get offer,Urgency
fanatical top pc gaming deals. exclusive bundles. shop now trustpilot all trademarks are the property of their respective owners.,Urgency
dock blocks shop now conc hendan c feallen,Urgency
hefty ecosave compostable . strong. hefty ecosave compostable plates heavy duty microwave safe made without pas shop now commercially compostable only. facilities may not exist in your area. not suitable for home composting. 2023 reynolds consumer products llc.,Urgency
w vivaia designed for all day walking shop now wide toe box 2 breathable 3 arch support,Urgency
